LOC_DIST,test1,LOCALIDAD,DISTRITO,PROVINCIA,POBLACION,casos 2013,casos 2014,casos 2015,casos 2016,casos 2017,casos 2018,casos 2019,IPAs 2013,IPAs 2014,IPAs 2015,IPAs 2016,IPAs 2017,IPAs 2018,IPAs 2019,filtro
ANTIOQUIA_BALSAPUERTO,ANTIOQUIA_BALSAPUERTO,ANTIOQUIA,BALSAPUERTO,ALTO AMAZONAS,274,1,7,5,3,26,31,8,3.65,25.55,18.25,10.95,94.89,113.14,29.2,NO
ATAHUALPA_BALSAPUERTO,ATAHUALPA_BALSAPUERTO,ATAHUALPA,BALSAPUERTO,ALTO AMAZONAS,85,0,0,3,1,2,2,0,0,0,35.29,11.76,23.53,23.53,0,NO
BALSAPUERTO_BALSAPUERTO,BALSAPUERTO_BALSAPUERTO,BALSAPUERTO,BALSAPUERTO,ALTO AMAZONAS,717,0,0,0,9,27,35,13,0,0,0,12.55,37.66,48.81,18.13,NO
BELLAVISTA_BALSAPUERTO,BELLAVISTA_BALSAPUERTO,BELLAVISTA,BALSAPUERTO,ALTO AMAZONAS,257,0,0,3,12,79,58,27,0,0,11.67,46.69,307.39,225.68,105.06,NO
BELLO HORIZONTE_BALSAPUERTO,BELLO HORIZONTE_BALSAPUERTO,BELLO HORIZONTE,BALSAPUERTO,ALTO AMAZONAS,36,0,0,0,1,4,1,0,0,0,0,27.78,111.11,27.78,0,NO
BUENOS AIRES CACHIYACU_BALSAPUERTO,BUENOS AIRES CACHIYACU_BALSAPUERTO,BUENOS AIRES CACHIYACU,BALSAPUERTO,ALTO AMAZONAS,326,0,1,21,14,112,60,6,0,3.07,64.42,42.94,343.56,184.05,18.4,NO
BUENOS AIRES PARANAPURA_BALSAPUERTO,BUENOS AIRES PARANAPURA_BALSAPUERTO,BUENOS AIRES PARANAPURA,BALSAPUERTO,ALTO AMAZONAS,226,0,0,0,4,4,6,0,0,0,0,17.7,17.7,26.55,0,NO
CANOA PUERTO_BALSAPUERTO,CANOA PUERTO_BALSAPUERTO,CANOA PUERTO,BALSAPUERTO,ALTO AMAZONAS,480,0,0,0,0,11,1,0,0,0,0,0,22.92,2.08,0,NO
CENTRO AMERICA_BALSAPUERTO,CENTRO AMERICA_BALSAPUERTO,CENTRO AMERICA,BALSAPUERTO,ALTO AMAZONAS,148,0,0,2,1,2,0,1,0,0,13.51,6.76,13.51,0,6.76,NO
DAMASCO_BALSAPUERTO,DAMASCO_BALSAPUERTO,DAMASCO,BALSAPUERTO,ALTO AMAZONAS,68,0,1,0,0,0,0,0,0,14.71,0,0,0,0,0,NO
FRAY MARTIN_BALSAPUERTO,FRAY MARTIN_BALSAPUERTO,FRAY MARTIN,BALSAPUERTO,ALTO AMAZONAS,393,4,8,2,10,26,30,8,10.18,20.36,5.09,25.45,66.16,76.34,20.36,NO
SOLEDAD DE HUITOYACU_BALSAPUERTO,SOLEDAD DE HUITOYACU_BALSAPUERTO,SOLEDAD DE HUITOYACU,BALSAPUERTO,ALTO AMAZONAS,162,0,0,1,2,1,0,0,0,0,6.17,12.35,6.17,0,0,NO
HIRAPAY_BALSAPUERTO,HIRAPAY_BALSAPUERTO,HIRAPAY,BALSAPUERTO,ALTO AMAZONAS,181,0,0,0,1,8,6,0,0,0,0,5.52,44.2,33.15,0,NO
LIBERTAD_BALSAPUERTO,LIBERTAD_BALSAPUERTO,LIBERTAD,BALSAPUERTO,ALTO AMAZONAS,392,0,0,11,16,15,6,0,0,0,28.06,40.82,38.27,15.31,0,NO
LOMALINDA_BALSAPUERTO,LOMALINDA_BALSAPUERTO,LOMALINDA,BALSAPUERTO,ALTO AMAZONAS,161,3,0,18,26,30,41,20,18.63,0,111.8,161.49,186.34,254.66,124.22,NO
LORETO_BALSAPUERTO,LORETO_BALSAPUERTO,LORETO,BALSAPUERTO,ALTO AMAZONAS,146,0,0,3,1,1,3,0,0,0,20.55,6.85,6.85,20.55,0,NO
LOS ANGELES_BALSAPUERTO,LOS ANGELES_BALSAPUERTO,LOS ANGELES,BALSAPUERTO,ALTO AMAZONAS,197,0,0,3,0,2,0,0,0,0,15.23,0,10.15,0,0,NO
MARANATHA_BALSAPUERTO,MARANATHA_BALSAPUERTO,MARANATHA,BALSAPUERTO,ALTO AMAZONAS,280,0,0,7,10,99,60,4,0,0,25,35.71,353.57,214.29,14.29,NO
MONTE ALEGRE_BALSAPUERTO,MONTE ALEGRE_BALSAPUERTO,MONTE ALEGRE,BALSAPUERTO,ALTO AMAZONAS,113,0,0,0,1,2,10,0,0,0,0,8.85,17.7,88.5,0,NO
MOYOBAMBILLO_BALSAPUERTO,MOYOBAMBILLO_BALSAPUERTO,MOYOBAMBILLO,BALSAPUERTO,ALTO AMAZONAS,230,25,19,11,19,80,70,17,108.7,82.61,47.83,82.61,347.83,304.35,73.91,NO
NARANJAL_BALSAPUERTO,NARANJAL_BALSAPUERTO,NARANJAL,BALSAPUERTO,ALTO AMAZONAS,82,0,0,12,1,12,13,0,0,0,146.34,12.2,146.34,158.54,0,NO
NARANJAL DE YANAYACU_BALSAPUERTO,NARANJAL DE YANAYACU_BALSAPUERTO,NARANJAL DE YANAYACU,BALSAPUERTO,ALTO AMAZONAS,148,0,0,0,63,10,8,0,0,0,0,425.68,67.57,54.05,0,NO
NARANJILLO_BALSAPUERTO,NARANJILLO_BALSAPUERTO,NARANJILLO,BALSAPUERTO,ALTO AMAZONAS,65,0,0,0,1,0,2,0,0,0,0,15.38,0,30.77,0,NO
NUEVA ALIANZA_BALSAPUERTO,NUEVA ALIANZA_BALSAPUERTO,NUEVA ALIANZA,BALSAPUERTO,ALTO AMAZONAS,131,0,0,0,2,0,0,0,0,0,0,15.27,0,0,0,NO
NUEVA BARRANQUITA_BALSAPUERTO,NUEVA BARRANQUITA_BALSAPUERTO,NUEVA BARRANQUITA,BALSAPUERTO,ALTO AMAZONAS,144,0,0,2,9,18,64,14,0,0,13.89,62.5,125,444.44,97.22,NO
NUEVA CREACION_BALSAPUERTO,NUEVA CREACION_BALSAPUERTO,NUEVA CREACION,BALSAPUERTO,ALTO AMAZONAS,0,1,0,0,0,0,0,0,0,0,0,0,0,0,0,NO
NUEVA ERA_BALSAPUERTO,NUEVA ERA_BALSAPUERTO,NUEVA ERA,BALSAPUERTO,ALTO AMAZONAS,57,0,0,0,9,6,0,0,0,0,0,157.89,105.26,0,0,NO
NUEVA ESPERANZA_BALSAPUERTO,NUEVA ESPERANZA_BALSAPUERTO,NUEVA ESPERANZA,BALSAPUERTO,ALTO AMAZONAS,316,0,0,0,3,6,9,1,0,0,0,9.49,18.99,28.48,3.16,NO
NUEVA LUZ_BALSAPUERTO,NUEVA LUZ_BALSAPUERTO,NUEVA LUZ,BALSAPUERTO,ALTO AMAZONAS,185,0,0,0,3,0,2,0,0,0,0,16.22,0,10.81,0,NO
NUEVO PACHIZA_BALSAPUERTO,NUEVO PACHIZA_BALSAPUERTO,NUEVO PACHIZA,BALSAPUERTO,ALTO AMAZONAS,89,0,0,0,1,0,0,2,0,0,0,11.24,0,0,22.47,NO
NUEVO REFORMA_BALSAPUERTO,NUEVO REFORMA_BALSAPUERTO,NUEVO REFORMA,BALSAPUERTO,ALTO AMAZONAS,110,0,0,1,1,18,18,6,0,0,9.09,9.09,163.64,163.64,54.55,NO
NUEVA ZARAMIRIZA_BALSAPUERTO,NUEVA ZARAMIRIZA_BALSAPUERTO,NUEVA ZARAMIRIZA,BALSAPUERTO,ALTO AMAZONAS,58,0,0,0,1,9,1,1,0,0,0,17.24,155.17,17.24,17.24,NO
NUEVA UCHIZA_BALSAPUERTO,NUEVA UCHIZA_BALSAPUERTO,NUEVA UCHIZA,BALSAPUERTO,ALTO AMAZONAS,86,0,0,0,0,6,6,21,0,0,0,0,69.77,69.77,244.19,NO
NUEVA VIDA_BALSAPUERTO,NUEVA VIDA_BALSAPUERTO,NUEVA VIDA,BALSAPUERTO,ALTO AMAZONAS,657,2,0,27,9,5,8,3,3.04,0,41.1,13.7,7.61,12.18,4.57,NO
ANGAIZA_BALSAPUERTO,ANGAIZA_BALSAPUERTO,ANGAIZA,BALSAPUERTO,ALTO AMAZONAS,120,0,0,0,0,47,22,1,0,0,0,0,391.67,183.33,8.33,NO
NUEVO ARICA_BALSAPUERTO,NUEVO ARICA_BALSAPUERTO,NUEVO ARICA,BALSAPUERTO,ALTO AMAZONAS,97,1,3,7,5,11,7,9,10.31,30.93,72.16,51.55,113.4,72.16,92.78,NO
NUEVO BARRANQUITA_BALSAPUERTO,NUEVO BARRANQUITA_BALSAPUERTO,NUEVO BARRANQUITA,BALSAPUERTO,ALTO AMAZONAS,221,0,0,0,1,2,1,0,0,0,0,4.52,9.05,4.52,0,NO
PINTOYACU/NUEVO CACHIYACU_BALSAPUERTO,PINTOYACU/NUEVO CACHIYACU_BALSAPUERTO,PINTOYACU/NUEVO CACHIYACU,BALSAPUERTO,ALTO AMAZONAS,201,0,0,1,2,49,51,12,0,0,4.98,9.95,243.78,253.73,59.7,NO
NUEVO CANAAN_BALSAPUERTO,NUEVO CANAAN_BALSAPUERTO,NUEVO CANAAN,BALSAPUERTO,ALTO AMAZONAS,42,0,0,2,1,5,0,2,0,0,47.62,23.81,119.05,0,47.62,NO
NUEVO CHAZUTA_BALSAPUERTO,NUEVO CHAZUTA_BALSAPUERTO,NUEVO CHAZUTA,BALSAPUERTO,ALTO AMAZONAS,200,0,0,2,5,58,89,16,0,0,10,25,290,445,80,NO
NUEVO CUZCO_BALSAPUERTO,NUEVO CUZCO_BALSAPUERTO,NUEVO CUZCO,BALSAPUERTO,ALTO AMAZONAS,90,0,0,5,19,6,9,3,0,0,55.56,211.11,66.67,100,33.33,NO
NUEVO HUNGURAWI_BALSAPUERTO,NUEVO HUNGURAWI_BALSAPUERTO,NUEVO HUNGURAWI,BALSAPUERTO,ALTO AMAZONAS,58,0,0,0,2,4,0,2,0,0,0,34.48,68.97,0,34.48,NO
NUEVO JERUSALEN_BALSAPUERTO,NUEVO JERUSALEN_BALSAPUERTO,NUEVO JERUSALEN,BALSAPUERTO,ALTO AMAZONAS,0,0,0,9,15,71,80,14,0,0,0,0,0,0,0,NO
NUEVO JERUSALEN DEL YANAY_BALSAPUERTO,NUEVO JERUSALEN DEL YANAY_BALSAPUERTO,NUEVO JERUSALEN DEL YANAY,BALSAPUERTO,ALTO AMAZONAS,85,0,0,0,4,7,7,1,0,0,0,47.06,82.35,82.35,11.76,NO
NUEVO JUNIN_BALSAPUERTO,NUEVO JUNIN_BALSAPUERTO,NUEVO JUNIN,BALSAPUERTO,ALTO AMAZONAS,367,0,0,1,13,106,86,5,0,0,2.72,35.42,288.83,234.33,13.62,NO
NUEVO MIRAFLORES_BALSAPUERTO,NUEVO MIRAFLORES_BALSAPUERTO,NUEVO MIRAFLORES,BALSAPUERTO,ALTO AMAZONAS,108,0,1,0,3,0,0,0,0,9.26,0,27.78,0,0,0,NO
NUEVO MOYOBAMBA_BALSAPUERTO,NUEVO MOYOBAMBA_BALSAPUERTO,NUEVO MOYOBAMBA,BALSAPUERTO,ALTO AMAZONAS,107,0,0,0,31,7,5,3,0,0,0,289.72,65.42,46.73,28.04,NO
BELLA ORIENTE_BALSAPUERTO,BELLA ORIENTE_BALSAPUERTO,BELLA ORIENTE,BALSAPUERTO,ALTO AMAZONAS,81,0,0,0,0,1,1,0,0,0,0,0,12.35,12.35,0,NO
NUEVO PROGRESO_BALSAPUERTO,NUEVO PROGRESO_BALSAPUERTO,NUEVO PROGRESO,BALSAPUERTO,ALTO AMAZONAS,244,0,2,2,2,29,6,50,0,8.2,8.2,8.2,118.85,24.59,204.92,NO
NUEVO PUCALLPA_BALSAPUERTO,NUEVO PUCALLPA_BALSAPUERTO,NUEVO PUCALLPA,BALSAPUERTO,ALTO AMAZONAS,51,0,0,0,0,3,0,0,0,0,0,0,58.82,0,0,NO
NUEVO SABALOYACU_BALSAPUERTO,NUEVO SABALOYACU_BALSAPUERTO,NUEVO SABALOYACU,BALSAPUERTO,ALTO AMAZONAS,62,0,0,0,13,2,9,1,0,0,0,209.68,32.26,145.16,16.13,NO
NUEVO SAN LORENZO ARMANAY_BALSAPUERTO,NUEVO SAN LORENZO ARMANAY_BALSAPUERTO,NUEVO SAN LORENZO ARMANAY,BALSAPUERTO,ALTO AMAZONAS,142,0,0,0,1,2,0,1,0,0,0,7.04,14.08,0,7.04,NO
NUEVO SAN MARTIN_BALSAPUERTO,NUEVO SAN MARTIN_BALSAPUERTO,NUEVO SAN MARTIN,BALSAPUERTO,ALTO AMAZONAS,53,0,0,1,0,0,0,0,0,0,18.87,0,0,0,0,NO
NUEVO SANTA CRUZ CACHIYAC_BALSAPUERTO,NUEVO SANTA CRUZ CACHIYAC_BALSAPUERTO,NUEVO SANTA CRUZ CACHIYAC,BALSAPUERTO,ALTO AMAZONAS,183,0,0,0,0,7,11,3,0,0,0,0,38.25,60.11,16.39,NO
NUEVO TOCACHE_BALSAPUERTO,NUEVO TOCACHE_BALSAPUERTO,NUEVO TOCACHE,BALSAPUERTO,ALTO AMAZONAS,35,0,0,0,0,3,0,0,0,0,0,0,85.71,0,0,NO
NUEVO YURIMAGUAS_BALSAPUERTO,NUEVO YURIMAGUAS_BALSAPUERTO,NUEVO YURIMAGUAS,BALSAPUERTO,ALTO AMAZONAS,68,0,0,0,3,7,1,0,0,0,0,44.12,102.94,14.71,0,NO
OCULIZA_BALSAPUERTO,OCULIZA_BALSAPUERTO,OCULIZA,BALSAPUERTO,ALTO AMAZONAS,164,0,0,0,1,7,11,0,0,0,0,6.1,42.68,67.07,0,NO
PAMPA HERMOSA_BALSAPUERTO,PAMPA HERMOSA_BALSAPUERTO,PAMPA HERMOSA,BALSAPUERTO,ALTO AMAZONAS,65,0,0,1,1,5,2,1,0,0,15.38,15.38,76.92,30.77,15.38,NO
PANAN_BALSAPUERTO,PANAN_BALSAPUERTO,PANAN,BALSAPUERTO,ALTO AMAZONAS,415,2,1,26,30,84,165,31,4.82,2.41,62.65,72.29,202.41,397.59,74.7,NO
PARAISO_BALSAPUERTO,PARAISO_BALSAPUERTO,PARAISO,BALSAPUERTO,ALTO AMAZONAS,96,0,0,0,1,1,4,0,0,0,0,10.42,10.42,41.67,0,NO
PROGRESO_BALSAPUERTO,PROGRESO_BALSAPUERTO,PROGRESO,BALSAPUERTO,ALTO AMAZONAS,353,0,0,44,31,68,45,5,0,0,124.65,87.82,192.63,127.48,14.16,NO
PUCALLPILLO_BALSAPUERTO,PUCALLPILLO_BALSAPUERTO,PUCALLPILLO,BALSAPUERTO,ALTO AMAZONAS,227,0,0,8,14,23,6,1,0,0,35.24,61.67,101.32,26.43,4.41,NO
PUERTO PORVENIR_BALSAPUERTO,PUERTO PORVENIR_BALSAPUERTO,PUERTO PORVENIR,BALSAPUERTO,ALTO AMAZONAS,363,0,1,21,0,23,15,3,0,2.75,57.85,0,63.36,41.32,8.26,NO
REINO UNIDO_BALSAPUERTO,REINO UNIDO_BALSAPUERTO,REINO UNIDO,BALSAPUERTO,ALTO AMAZONAS,165,0,0,2,2,1,2,1,0,0,12.12,12.12,6.06,12.12,6.06,NO
SABALOYACU_BALSAPUERTO,SABALOYACU_BALSAPUERTO,SABALOYACU,BALSAPUERTO,ALTO AMAZONAS,67,0,0,26,0,0,0,0,0,0,388.06,0,0,0,0,NO
SAN ANTONIO_BALSAPUERTO,SAN ANTONIO_BALSAPUERTO,SAN ANTONIO,BALSAPUERTO,ALTO AMAZONAS,325,0,0,2,2,2,2,3,0,0,6.15,6.15,6.15,6.15,9.23,NO
SAN CARLOS DE ARMANAYACU_BALSAPUERTO,SAN CARLOS DE ARMANAYACU_BALSAPUERTO,SAN CARLOS DE ARMANAYACU,BALSAPUERTO,ALTO AMAZONAS,60,0,0,0,0,1,0,0,0,0,0,0,16.67,0,0,NO
SAN FERNANDO_BALSAPUERTO,SAN FERNANDO_BALSAPUERTO,SAN FERNANDO,BALSAPUERTO,ALTO AMAZONAS,88,0,0,1,2,1,19,0,0,0,11.36,22.73,11.36,215.91,0,NO
SAN GABRIEL DE VARADERO_BALSAPUERTO,SAN GABRIEL DE VARADERO_BALSAPUERTO,SAN GABRIEL DE VARADERO,BALSAPUERTO,ALTO AMAZONAS,584,2,0,7,18,57,48,36,3.42,0,11.99,30.82,97.6,82.19,61.64,NO
SAN ISIDRO_BALSAPUERTO,SAN ISIDRO_BALSAPUERTO,SAN ISIDRO,BALSAPUERTO,ALTO AMAZONAS,81,1,0,11,4,3,0,0,12.35,0,135.8,49.38,37.04,0,0,NO
SAN JOSE_BALSAPUERTO,SAN JOSE_BALSAPUERTO,SAN JOSE,BALSAPUERTO,ALTO AMAZONAS,83,0,0,5,0,0,0,0,0,0,60.24,0,0,0,0,NO
SAN JOSE DE CABALLITO_BALSAPUERTO,SAN JOSE DE CABALLITO_BALSAPUERTO,SAN JOSE DE CABALLITO,BALSAPUERTO,ALTO AMAZONAS,173,0,0,1,1,9,8,0,0,0,5.78,5.78,52.02,46.24,0,NO
SAN JOSE YANAYACU_BALSAPUERTO,SAN JOSE YANAYACU_BALSAPUERTO,SAN JOSE YANAYACU,BALSAPUERTO,ALTO AMAZONAS,98,0,0,0,4,3,4,1,0,0,0,40.82,30.61,40.82,10.2,NO
SAN JUAN_BALSAPUERTO,SAN JUAN_BALSAPUERTO,SAN JUAN,BALSAPUERTO,ALTO AMAZONAS,195,0,0,13,21,12,5,2,0,0,66.67,107.69,61.54,25.64,10.26,NO
SAN JUAN DE ARMANAYACU_BALSAPUERTO,SAN JUAN DE ARMANAYACU_BALSAPUERTO,SAN JUAN DE ARMANAYACU,BALSAPUERTO,ALTO AMAZONAS,89,0,0,0,0,3,1,0,0,0,0,0,33.71,11.24,0,NO
SAN JUAN DE PALOMETAYACU_BALSAPUERTO,SAN JUAN DE PALOMETAYACU_BALSAPUERTO,SAN JUAN DE PALOMETAYACU,BALSAPUERTO,ALTO AMAZONAS,0,0,0,12,11,13,1,0,0,0,0,0,0,0,0,NO
SAN LORENZO_BALSAPUERTO,SAN LORENZO_BALSAPUERTO,SAN LORENZO,BALSAPUERTO,ALTO AMAZONAS,130,0,0,4,1,5,3,2,0,0,30.77,7.69,38.46,23.08,15.38,NO
SAN MARCOS DE PILLINGUE_BALSAPUERTO,SAN MARCOS DE PILLINGUE_BALSAPUERTO,SAN MARCOS DE PILLINGUE,BALSAPUERTO,ALTO AMAZONAS,50,0,0,0,0,13,25,13,0,0,0,0,260,500,260,NO
SAN MIGUEL_BALSAPUERTO,SAN MIGUEL_BALSAPUERTO,SAN MIGUEL,BALSAPUERTO,ALTO AMAZONAS,130,0,0,0,2,3,1,0,0,0,0,15.38,23.08,7.69,0,NO
SAN PEDRO_BALSAPUERTO,SAN PEDRO_BALSAPUERTO,SAN PEDRO,BALSAPUERTO,ALTO AMAZONAS,118,0,0,0,0,0,1,0,0,0,0,0,0,8.47,0,NO
SAN PEDRO DE POROTOYACU_BALSAPUERTO,SAN PEDRO DE POROTOYACU_BALSAPUERTO,SAN PEDRO DE POROTOYACU,BALSAPUERTO,ALTO AMAZONAS,64,0,0,2,0,2,8,3,0,0,31.25,0,31.25,125,46.88,NO
SAN VICENTE_BALSAPUERTO,SAN VICENTE_BALSAPUERTO,SAN VICENTE,BALSAPUERTO,ALTO AMAZONAS,102,0,0,5,28,31,26,1,0,0,49.02,274.51,303.92,254.9,9.8,NO
SANTA ANITA_BALSAPUERTO,SANTA ANITA_BALSAPUERTO,SANTA ANITA,BALSAPUERTO,ALTO AMAZONAS,42,0,0,2,0,0,0,0,0,0,47.62,0,0,0,0,NO
SANTA CLARA_BALSAPUERTO,SANTA CLARA_BALSAPUERTO,SANTA CLARA,BALSAPUERTO,ALTO AMAZONAS,146,0,0,10,25,21,33,6,0,0,68.49,171.23,143.84,226.03,41.1,NO
SANTA CLARA DE PILLINGUE_BALSAPUERTO,SANTA CLARA DE PILLINGUE_BALSAPUERTO,SANTA CLARA DE PILLINGUE,BALSAPUERTO,ALTO AMAZONAS,145,0,0,0,1,13,6,5,0,0,0,6.9,89.66,41.38,34.48,NO
SANTA MARTHA_BALSAPUERTO,SANTA MARTHA_BALSAPUERTO,SANTA MARTHA,BALSAPUERTO,ALTO AMAZONAS,68,0,8,22,25,46,56,4,0,117.65,323.53,367.65,676.47,823.53,58.82,NO
SANTA MERCEDES_BALSAPUERTO,SANTA MERCEDES_BALSAPUERTO,SANTA MERCEDES,BALSAPUERTO,ALTO AMAZONAS,25,0,0,1,41,85,26,1,0,0,40,1640,3400,1040,40,NO
SANTA RITA_BALSAPUERTO,SANTA RITA_BALSAPUERTO,SANTA RITA,BALSAPUERTO,ALTO AMAZONAS,163,0,0,1,3,5,4,2,0,0,6.13,18.4,30.67,24.54,12.27,NO
SANTA ROSA_BALSAPUERTO,SANTA ROSA_BALSAPUERTO,SANTA ROSA,BALSAPUERTO,ALTO AMAZONAS,66,0,0,0,1,2,1,3,0,0,0,15.15,30.3,15.15,45.45,NO
SANTA SOFIA_BALSAPUERTO,SANTA SOFIA_BALSAPUERTO,SANTA SOFIA,BALSAPUERTO,ALTO AMAZONAS,54,0,0,1,2,9,3,0,0,0,18.52,37.04,166.67,55.56,0,NO
SOLEDAD_BALSAPUERTO,SOLEDAD_BALSAPUERTO,SOLEDAD,BALSAPUERTO,ALTO AMAZONAS,561,0,0,58,159,108,80,14,0,0,103.39,283.42,192.51,142.6,24.96,NO
TRANCAYACU_BALSAPUERTO,TRANCAYACU_BALSAPUERTO,TRANCAYACU,BALSAPUERTO,ALTO AMAZONAS,136,1,0,2,0,2,2,0,7.35,0,14.71,0,14.71,14.71,0,NO
TRES UNIDOS_BALSAPUERTO,TRES UNIDOS_BALSAPUERTO,TRES UNIDOS,BALSAPUERTO,ALTO AMAZONAS,153,0,1,0,0,0,0,0,0,6.54,0,0,0,0,0,NO
VILLA ALEGRE_BALSAPUERTO,VILLA ALEGRE_BALSAPUERTO,VILLA ALEGRE,BALSAPUERTO,ALTO AMAZONAS,101,0,0,5,0,1,0,0,0,0,49.5,0,9.9,0,0,NO
VISTA ALEGRE_BALSAPUERTO,VISTA ALEGRE_BALSAPUERTO,VISTA ALEGRE,BALSAPUERTO,ALTO AMAZONAS,793,0,0,2,0,0,0,0,0,0,2.52,0,0,0,0,NO
BELLAVISTA_JEBEROS,BELLAVISTA_JEBEROS,BELLAVISTA,JEBEROS,ALTO AMAZONAS,394,0,0,0,2,3,0,0,0,0,0,5.08,7.61,0,0,NO
BETHEL_JEBEROS,BETHEL_JEBEROS,BETHEL,JEBEROS,ALTO AMAZONAS,294,0,0,3,12,44,4,0,0,0,10.2,40.82,149.66,13.61,0,NO
JEBERILLOS_YURIMAGUAS,JEBERILLOS_YURIMAGUAS,JEBERILLOS,YURIMAGUAS,ALTO AMAZONAS,18,0,0,0,1,0,1,0,0,0,0,55.56,0,55.56,0,NO
JEBEROS_JEBEROS,JEBEROS_JEBEROS,JEBEROS,JEBEROS,ALTO AMAZONAS,2081,0,0,6,28,15,2,0,0,0,2.88,13.46,7.21,0.96,0,NO
MONTE CRISTO_JEBEROS,MONTE CRISTO_JEBEROS,MONTE CRISTO,JEBEROS,ALTO AMAZONAS,239,0,0,0,2,1,0,1,0,0,0,8.37,4.18,0,4.18,NO
NUEVO JORDANIA_JEBEROS,NUEVO JORDANIA_JEBEROS,NUEVO JORDANIA,JEBEROS,ALTO AMAZONAS,88,0,0,0,1,0,0,0,0,0,0,11.36,0,0,0,NO
NUEVO JUNIN_JEBEROS,NUEVO JUNIN_JEBEROS,NUEVO JUNIN,JEBEROS,ALTO AMAZONAS,98,0,0,7,47,1,0,0,0,0,71.43,479.59,10.2,0,0,NO
LAS PALPAS_BARRANCA,LAS PALPAS_BARRANCA,LAS PALPAS,BARRANCA,ALTO AMAZONAS,0,1,0,0,0,0,0,0,0,0,0,0,0,0,0,NO
PUNCHANA_JEBEROS,PUNCHANA_JEBEROS,PUNCHANA,JEBEROS,ALTO AMAZONAS,173,0,0,0,0,1,0,0,0,0,0,0,5.78,0,0,NO
SANTA FE_JEBEROS,SANTA FE_JEBEROS,SANTA FE,JEBEROS,ALTO AMAZONAS,60,0,0,0,2,1,0,0,0,0,0,33.33,16.67,0,0,NO
6 DE JULIO_LAGUNAS,6 DE JULIO_LAGUNAS,6 DE JULIO,LAGUNAS,ALTO AMAZONAS,366,22,9,4,1,1,4,0,60.11,24.59,10.93,2.73,2.73,10.93,0,NO
ACHUAL TIPISHCA_LAGUNAS,ACHUAL TIPISHCA_LAGUNAS,ACHUAL TIPISHCA,LAGUNAS,ALTO AMAZONAS,404,0,0,1,1,0,0,0,0,0,2.48,2.48,0,0,0,NO
ALIANZA DEL HUACAMAYO_LAGUNAS,ALIANZA DEL HUACAMAYO_LAGUNAS,ALIANZA DEL HUACAMAYO,LAGUNAS,ALTO AMAZONAS,36,0,2,1,3,9,9,1,0,55.56,27.78,83.33,250,250,27.78,NO
ARAHUANTE_LAGUNAS,ARAHUANTE_LAGUNAS,ARAHUANTE,LAGUNAS,ALTO AMAZONAS,784,2,1,0,0,1,0,0,2.55,1.28,0,0,1.28,0,0,NO
UNION BARRANQUITA_LAGUNAS,UNION BARRANQUITA_LAGUNAS,UNION BARRANQUITA,LAGUNAS,ALTO AMAZONAS,63,2,22,9,5,6,53,8,31.75,349.21,142.86,79.37,95.24,841.27,126.98,NO
BELLAVISTA_LAGUNAS,BELLAVISTA_LAGUNAS,BELLAVISTA,LAGUNAS,ALTO AMAZONAS,30,0,0,2,0,0,0,0,0,0,66.67,0,0,0,0,NO
ESPERANZA_LAGUNAS,ESPERANZA_LAGUNAS,ESPERANZA,LAGUNAS,ALTO AMAZONAS,158,1,0,0,0,0,0,0,6.33,0,0,0,0,0,0,NO
HUANCAYO_LAGUNAS,HUANCAYO_LAGUNAS,HUANCAYO,LAGUNAS,ALTO AMAZONAS,127,5,71,25,23,23,86,11,39.37,559.06,196.85,181.1,181.1,677.17,86.61,NO
LAGUNAS_LAGUNAS,LAGUNAS_LAGUNAS,LAGUNAS,LAGUNAS,ALTO AMAZONAS,6377,1,6,2,1,3,5,0,0.16,0.94,0.31,0.16,0.47,0.78,0,NO
NO PERTENECE A LAGUNAS_LAGUNAS,#N/A,NO PERTENECE A LAGUNAS,LAGUNAS,ALTO AMAZONAS,0,1,0,1,0,0,0,0,0,0,0,0,0,0,0,NO
NUCURAY_LAGUNAS,NUCURAY_LAGUNAS,NUCURAY,LAGUNAS,ALTO AMAZONAS,0,0,0,4,0,0,0,0,0,0,0,0,0,0,0,NO
NUEVA BELLAVISTA_LAGUNAS,NUEVA BELLAVISTA_LAGUNAS,NUEVA BELLAVISTA,LAGUNAS,ALTO AMAZONAS,55,0,0,0,0,0,1,0,0,0,0,0,0,18.18,0,NO
NUEVO CORINA_LAGUNAS,NUEVO CORINA_LAGUNAS,NUEVO CORINA,LAGUNAS,ALTO AMAZONAS,31,1,0,0,0,0,0,0,32.26,0,0,0,0,0,0,NO
NUEVA CREACION_LAGUNAS,NUEVA CREACION_LAGUNAS,NUEVA CREACION,LAGUNAS,ALTO AMAZONAS,55,1,8,2,9,7,30,1,18.18,145.45,36.36,163.64,127.27,545.45,18.18,NO
NUEVO ARICA_LAGUNAS,NUEVO ARICA_LAGUNAS,NUEVO ARICA,LAGUNAS,ALTO AMAZONAS,120,2,9,5,11,9,17,0,16.67,75,41.67,91.67,75,141.67,0,NO
NUEVO JUNIN DE PAVA YACO_LAGUNAS,NUEVO JUNIN DE PAVA YACO_LAGUNAS,NUEVO JUNIN DE PAVA YACO,LAGUNAS,ALTO AMAZONAS,96,0,3,4,5,19,50,2,0,31.25,41.67,52.08,197.92,520.83,20.83,NO
NUEVO JUNIN DE PAVA YACO_LAGUNAS,NUEVO JUNIN DE PAVA YACO_LAGUNAS,NUEVO JUNIN DE PAVA YACO,LAGUNAS,ALTO AMAZONAS,96,10,0,0,0,0,0,0,104.17,0,0,0,0,0,0,NO
NUEVO MUNDO_LAGUNAS,NUEVO MUNDO_LAGUNAS,NUEVO MUNDO,LAGUNAS,ALTO AMAZONAS,228,57,17,42,13,38,124,15,250,74.56,184.21,57.02,166.67,543.86,65.79,NO
NUEVO PROGRESO_LAGUNAS,NUEVO PROGRESO_LAGUNAS,NUEVO PROGRESO,LAGUNAS,ALTO AMAZONAS,58,0,10,2,10,3,26,2,0,172.41,34.48,172.41,51.72,448.28,34.48,NO
NUEVO TINAJAYO_LAGUNAS,NUEVO TINAJAYO_LAGUNAS,NUEVO TINAJAYO,LAGUNAS,ALTO AMAZONAS,73,6,67,94,39,19,5,12,82.19,917.81,1287.67,534.25,260.27,68.49,164.38,NO
NUEVO TRIUNFO_LAGUNAS,NUEVO TRIUNFO_LAGUNAS,NUEVO TRIUNFO,LAGUNAS,ALTO AMAZONAS,55,1,1,2,0,0,1,0,18.18,18.18,36.36,0,0,18.18,0,NO
PAMPA HERMOSA_LAGUNAS,PAMPA HERMOSA_LAGUNAS,PAMPA HERMOSA,LAGUNAS,ALTO AMAZONAS,73,0,0,0,1,0,0,0,0,0,0,13.7,0,0,0,NO
PAUCARYACU_LAGUNAS,PAUCARYACU_LAGUNAS,PAUCARYACU,LAGUNAS,ALTO AMAZONAS,85,1,0,0,0,0,0,0,11.76,0,0,0,0,0,0,NO
PROGRESO_LAGUNAS,PROGRESO_LAGUNAS,PROGRESO,LAGUNAS,ALTO AMAZONAS,56,1,8,1,7,8,2,0,17.86,142.86,17.86,125,142.86,35.71,0,NO
PUCACURO_LAGUNAS,PUCACURO_LAGUNAS,PUCACURO,LAGUNAS,ALTO AMAZONAS,174,1,1,1,0,0,0,0,5.75,5.75,5.75,0,0,0,0,NO
PUCALLPA_LAGUNAS,PUCALLPA_LAGUNAS,PUCALLPA,LAGUNAS,ALTO AMAZONAS,66,3,31,4,6,8,19,1,45.45,469.7,60.61,90.91,121.21,287.88,15.15,NO
PUERTO ALEGRE_LAGUNAS,PUERTO ALEGRE_LAGUNAS,PUERTO ALEGRE,LAGUNAS,ALTO AMAZONAS,97,3,42,3,8,0,1,0,30.93,432.99,30.93,82.47,0,10.31,0,NO
PUMA ISLA_LAGUNAS,PUMA ISLA_LAGUNAS,PUMA ISLA,LAGUNAS,ALTO AMAZONAS,59,0,0,0,0,0,1,0,0,0,0,0,0,16.95,0,NO
SAN FERNANDO DE TIPISHCA_LAGUNAS,SAN FERNANDO DE TIPISHCA_LAGUNAS,SAN FERNANDO DE TIPISHCA,LAGUNAS,ALTO AMAZONAS,58,3,28,4,0,0,9,1,51.72,482.76,68.97,0,0,155.17,17.24,NO
SAN JORGE_LAGUNAS,SAN JORGE_LAGUNAS,SAN JORGE,LAGUNAS,ALTO AMAZONAS,14,1,0,0,0,0,0,0,71.43,0,0,0,0,0,0,NO
SAN JUAN DE PAVAYACU_LAGUNAS,SAN JUAN DE PAVAYACU_LAGUNAS,SAN JUAN DE PAVAYACU,LAGUNAS,ALTO AMAZONAS,53,9,10,6,5,8,11,3,169.81,188.68,113.21,94.34,150.94,207.55,56.6,NO
SAN MANUEL_LAGUNAS,SAN MANUEL_LAGUNAS,SAN MANUEL,LAGUNAS,ALTO AMAZONAS,60,0,42,41,0,0,0,0,0,700,683.33,0,0,0,0,NO
SAN MANUEL_LAGUNAS,SAN MANUEL_LAGUNAS,SAN MANUEL,LAGUNAS,ALTO AMAZONAS,86,0,0,0,1,0,0,0,0,0,0,11.63,0,0,0,NO
SAN MANUEL NUCURAY_LAGUNAS,SAN MANUEL NUCURAY_LAGUNAS,SAN MANUEL NUCURAY,LAGUNAS,ALTO AMAZONAS,47,0,0,0,15,36,29,12,0,0,0,319.15,765.96,617.02,255.32,NO
SAN PEDRO DEL ESTRENO_LAGUNAS,SAN PEDRO DEL ESTRENO_LAGUNAS,SAN PEDRO DEL ESTRENO,LAGUNAS,ALTO AMAZONAS,20,0,7,1,1,0,3,0,0,350,50,50,0,150,0,NO
SANTA ANA_LAGUNAS,#N/A,SANTA ANA,LAGUNAS,ALTO AMAZONAS,0,54,5,2,0,1,1,0,0,0,0,0,0,0,0,NO
SANTA ISABEL_LAGUNAS,SANTA ISABEL_LAGUNAS,SANTA ISABEL,LAGUNAS,ALTO AMAZONAS,68,1,0,0,0,0,0,0,14.71,0,0,0,0,0,0,NO
TAMARATE_LAGUNAS,TAMARATE_LAGUNAS,TAMARATE,LAGUNAS,ALTO AMAZONAS,249,0,2,0,0,0,0,0,0,8.03,0,0,0,0,0,NO
TRIUNFO_LAGUNAS,TRIUNFO_LAGUNAS,TRIUNFO,LAGUNAS,ALTO AMAZONAS,42,0,1,0,0,0,0,0,0,23.81,0,0,0,0,0,NO
UNION ZANCUDO_LAGUNAS,UNION ZANCUDO_LAGUNAS,UNION ZANCUDO,LAGUNAS,ALTO AMAZONAS,188,6,86,62,18,19,44,18,31.91,457.45,329.79,95.74,101.06,234.04,95.74,NO
VISTA ALEGRE_LAGUNAS,VISTA ALEGRE_LAGUNAS,VISTA ALEGRE,LAGUNAS,ALTO AMAZONAS,122,0,0,0,0,0,0,1,0,0,0,0,0,0,8.2,NO
ANGAMOS_SANTA CRUZ,ANGAMOS_SANTA CRUZ,ANGAMOS,SANTA CRUZ,ALTO AMAZONAS,76,1,1,1,0,3,1,0,13.16,13.16,13.16,0,39.47,13.16,0,NO
NUEVA ESPERANZA DEL YURAC_SANTA CRUZ,NUEVA ESPERANZA DEL YURAC_SANTA CRUZ,NUEVA ESPERANZA DEL YURAC,SANTA CRUZ,ALTO AMAZONAS,170,0,0,0,1,2,1,0,0,0,0,5.88,11.76,5.88,0,NO
NUEVA ESPERANZA_SANTA CRUZ,NUEVA ESPERANZA_SANTA CRUZ,NUEVA ESPERANZA,SANTA CRUZ,ALTO AMAZONAS,54,1,0,0,0,0,0,0,18.52,0,0,0,0,0,0,NO
NUEVA ESPERANZA DE SHISHI_SANTA CRUZ,NUEVA ESPERANZA DE SHISHI_SANTA CRUZ,NUEVA ESPERANZA DE SHISHI,SANTA CRUZ,ALTO AMAZONAS,60,0,0,0,1,1,0,0,0,0,0,16.67,16.67,0,0,NO
NUEVA JERUSALEN_SANTA CRUZ,NUEVA JERUSALEN_SANTA CRUZ,NUEVA JERUSALEN,SANTA CRUZ,ALTO AMAZONAS,35,0,0,0,0,1,1,0,0,0,0,0,28.57,28.57,0,NO
NUEVO PARAISO_SANTA CRUZ,NUEVO PARAISO_SANTA CRUZ,NUEVO PARAISO,SANTA CRUZ,ALTO AMAZONAS,69,0,0,0,0,2,0,0,0,0,0,0,28.99,0,0,NO
NUEVO TRIUNFO_SANTA CRUZ,NUEVO TRIUNFO_SANTA CRUZ,NUEVO TRIUNFO,SANTA CRUZ,ALTO AMAZONAS,134,0,0,1,0,0,3,0,0,0,7.46,0,0,22.39,0,NO
PROGRESO_SANTA CRUZ,PROGRESO_SANTA CRUZ,PROGRESO,SANTA CRUZ,ALTO AMAZONAS,113,0,0,0,0,0,1,0,0,0,0,0,0,8.85,0,NO
SAN JOSE_SANTA CRUZ,SAN JOSE_SANTA CRUZ,SAN JOSE,SANTA CRUZ,ALTO AMAZONAS,136,1,0,0,0,0,0,0,7.35,0,0,0,0,0,0,NO
SANTA CRUZ_SANTA CRUZ,SANTA CRUZ_SANTA CRUZ,SANTA CRUZ,SANTA CRUZ,ALTO AMAZONAS,779,4,0,0,1,1,0,0,5.13,0,0,1.28,1.28,0,0,NO
SANTA GEMA DE YANAYAQUILLO_SANTA CRUZ,SANTA GEMA DE YANAYAQUILLO_SANTA CRUZ,SANTA GEMA DE YANAYAQUILLO,SANTA CRUZ,ALTO AMAZONAS,193,0,0,1,0,0,0,0,0,0,5.18,0,0,0,0,NO
SANTA ROSA_SANTA CRUZ,#N/A,SANTA ROSA,SANTA CRUZ,ALTO AMAZONAS,94,0,0,0,0,0,0,0,0,0,0,0,0,0,0,NO
6 DE ENERO_SANTA CRUZ,6 DE ENERO_SANTA CRUZ,6 DE ENERO,SANTA CRUZ,ALTO AMAZONAS,41,0,0,0,0,0,1,0,0,0,0,0,0,24.39,0,NO
SELVA ALEGRE_SANTA CRUZ,SELVA ALEGRE_SANTA CRUZ,SELVA ALEGRE,SANTA CRUZ,ALTO AMAZONAS,161,0,1,0,0,0,0,0,0,6.21,0,0,0,0,0,NO
UNION CAMPESINA_SANTA CRUZ,UNION CAMPESINA_SANTA CRUZ,UNION CAMPESINA,SANTA CRUZ,ALTO AMAZONAS,539,0,0,0,1,0,0,0,0,0,0,1.86,0,0,0,NO
UNION CHALLUANA_SANTA CRUZ,UNION CHALLUANA_SANTA CRUZ,UNION CHALLUANA,SANTA CRUZ,ALTO AMAZONAS,16,3,0,0,0,0,0,0,187.5,0,0,0,0,0,0,NO
UNION ULLPACAÑO_SANTA CRUZ,UNION ULLPACAÑO_SANTA CRUZ,UNION ULLPACAÑO,SANTA CRUZ,ALTO AMAZONAS,50,1,0,0,0,0,0,0,20,0,0,0,0,0,0,NO
CERRO DEL CONDOR_TENIENTE CESAR LOPEZ ROJAS,#N/A,CERRO DEL CONDOR,TENIENTE CESAR LOPEZ ROJAS,ALTO AMAZONAS,211,0,0,0,0,2,0,0,0,0,0,0,9.48,0,0,NO
EL TIGRE_TENIENTE CESAR LOPEZ ROJAS,EL TIGRE_TENIENTE CESAR LOPEZ ROJAS,EL TIGRE,TENIENTE CESAR LOPEZ ROJAS,ALTO AMAZONAS,159,0,0,0,0,0,1,0,0,0,0,0,0,6.29,0,NO
ES UN DISTRITO_TENIENTE CESAR LOPEZ ROJAS,#N/A,ES UN DISTRITO,TENIENTE CESAR LOPEZ ROJAS,ALTO AMAZONAS,,0,0,0,0,1,0,0,0,0,0,0,0,0,0,NO
LIBERTAD DE CUIPARILLO_TENIENTE CESAR LOPEZ ROJAS,LIBERTAD DE CUIPARILLO_TENIENTE CESAR LOPEZ ROJAS,LIBERTAD DE CUIPARILLO,TENIENTE CESAR LOPEZ ROJAS,ALTO AMAZONAS,322,0,0,0,0,0,1,0,0,0,0,0,0,3.11,0,NO
NUEVO BARRANQUITA_TENIENTE CESAR LOPEZ ROJAS,NUEVO BARRANQUITA_TENIENTE CESAR LOPEZ ROJAS,NUEVO BARRANQUITA,TENIENTE CESAR LOPEZ ROJAS,ALTO AMAZONAS,83,27,0,0,1,1,4,0,325.3,0,0,12.05,12.05,48.19,0,NO
NUEVO CANAAN_TENIENTE CESAR LOPEZ ROJAS,NUEVO CANAAN_TENIENTE CESAR LOPEZ ROJAS,NUEVO CANAAN,TENIENTE CESAR LOPEZ ROJAS,ALTO AMAZONAS,183,0,0,2,1,1,0,0,0,0,10.93,5.46,5.46,0,0,NO
NUEVO PAPAPLAYA_TENIENTE CESAR LOPEZ ROJAS,NUEVO PAPAPLAYA_TENIENTE CESAR LOPEZ ROJAS,NUEVO PAPAPLAYA,TENIENTE CESAR LOPEZ ROJAS,ALTO AMAZONAS,290,9,2,1,62,21,3,0,31.03,6.9,3.45,213.79,72.41,10.34,0,NO
NUEVO TRIUNFO_TENIENTE CESAR LOPEZ ROJAS,NUEVO TRIUNFO_TENIENTE CESAR LOPEZ ROJAS,NUEVO TRIUNFO,TENIENTE CESAR LOPEZ ROJAS,ALTO AMAZONAS,59,0,1,0,1,0,0,0,0,16.95,0,16.95,0,0,0,NO
PARINARI_TENIENTE CESAR LOPEZ ROJAS,PARINARI_TENIENTE CESAR LOPEZ ROJAS,PARINARI,TENIENTE CESAR LOPEZ ROJAS,ALTO AMAZONAS,212,0,0,0,1,2,1,0,0,0,0,4.72,9.43,4.72,0,NO
PASTIZAL_TENIENTE CESAR LOPEZ ROJAS,PASTIZAL_TENIENTE CESAR LOPEZ ROJAS,PASTIZAL,TENIENTE CESAR LOPEZ ROJAS,ALTO AMAZONAS,40,0,0,1,0,0,0,0,0,0,25,0,0,0,0,NO
SAN EUGENIO_TENIENTE CESAR LOPEZ ROJAS,SAN EUGENIO_TENIENTE CESAR LOPEZ ROJAS,SAN EUGENIO,TENIENTE CESAR LOPEZ ROJAS,ALTO AMAZONAS,63,8,0,0,0,0,0,0,126.98,0,0,0,0,0,0,NO
SHUCUSHUYACU_TENIENTE CESAR LOPEZ ROJAS,SHUCUSHUYACU_TENIENTE CESAR LOPEZ ROJAS,SHUCUSHUYACU,TENIENTE CESAR LOPEZ ROJAS,ALTO AMAZONAS,2105,0,1,2,1,1,1,0,0,0.48,0.95,0.48,0.48,0.48,0,NO
30 DE AGOSTO_YURIMAGUAS,30 DE AGOSTO_YURIMAGUAS,30 DE AGOSTO,YURIMAGUAS,ALTO AMAZONAS,196,0,0,0,0,0,1,0,0,0,0,0,0,5.1,0,NO
ACHUAL LIMON_YURIMAGUAS,ACHUAL LIMON_YURIMAGUAS,ACHUAL LIMON,YURIMAGUAS,ALTO AMAZONAS,156,0,0,0,0,1,0,0,0,0,0,0,6.41,0,0,NO
BALSAYACU_YURIMAGUAS,BALSAYACU_YURIMAGUAS,BALSAYACU,YURIMAGUAS,ALTO AMAZONAS,177,0,29,3,1,0,2,0,0,163.84,16.95,5.65,0,11.3,0,NO
CALLAO_YURIMAGUAS,CALLAO_YURIMAGUAS,CALLAO,YURIMAGUAS,ALTO AMAZONAS,170,0,0,0,0,0,1,0,0,0,0,0,0,5.88,0,NO
CAMPO FLORIDO_YURIMAGUAS,CAMPO FLORIDO_YURIMAGUAS,CAMPO FLORIDO,YURIMAGUAS,ALTO AMAZONAS,81,0,0,0,0,0,0,1,0,0,0,0,0,0,12.35,NO
CENTRO CHAMBIRA_YURIMAGUAS,CENTRO CHAMBIRA_YURIMAGUAS,CENTRO CHAMBIRA,YURIMAGUAS,ALTO AMAZONAS,126,0,0,0,0,1,0,0,0,0,0,0,7.94,0,0,NO
CENTRO CHAMBIRA_YURIMAGUAS,CENTRO CHAMBIRA_YURIMAGUAS,CENTRO CHAMBIRA,YURIMAGUAS,ALTO AMAZONAS,1394,0,0,0,4,0,1,1,0,0,0,2.87,0,0.72,0.72,NO
COTOYACU_YURIMAGUAS,COTOYACU_YURIMAGUAS,COTOYACU,YURIMAGUAS,ALTO AMAZONAS,146,0,1,0,0,0,0,0,0,6.85,0,0,0,0,0,NO
DOS DE MAYO_YURIMAGUAS,DOS DE MAYO_YURIMAGUAS,DOS DE MAYO,YURIMAGUAS,ALTO AMAZONAS,315,0,0,0,1,0,0,0,0,0,0,3.17,0,0,0,NO
GRAU_YURIMAGUAS,GRAU_YURIMAGUAS,GRAU,YURIMAGUAS,ALTO AMAZONAS,766,0,3,10,3,2,2,1,0,3.92,13.05,3.92,2.61,2.61,1.31,NO
JEBERILLOS_YURIMAGUAS,JEBERILLOS_YURIMAGUAS,JEBERILLOS,YURIMAGUAS,ALTO AMAZONAS,242,0,1,0,1,0,0,0,0,4.13,0,4.13,0,0,0,NO
LAS AMAZONAS_YURIMAGUAS,LAS AMAZONAS_YURIMAGUAS,LAS AMAZONAS,YURIMAGUAS,ALTO AMAZONAS,75,0,11,3,6,3,1,0,0,146.67,40,80,40,13.33,0,NO
LAS PALMERAS_YURIMAGUAS,LAS PALMERAS_YURIMAGUAS,LAS PALMERAS,YURIMAGUAS,ALTO AMAZONAS,136,0,5,0,1,0,0,0,0,36.76,0,7.35,0,0,0,NO
LUZ DEL ORIENTE_YURIMAGUAS,LUZ DEL ORIENTE_YURIMAGUAS,LUZ DEL ORIENTE,YURIMAGUAS,ALTO AMAZONAS,204,0,0,0,0,1,1,0,0,0,0,0,4.9,4.9,0,NO
MICAELA BASTIDAS_YURIMAGUAS,MICAELA BASTIDAS_YURIMAGUAS,MICAELA BASTIDAS,YURIMAGUAS,ALTO AMAZONAS,125,0,0,1,0,0,1,0,0,0,8,0,0,8,0,NO
MIRAFLORES_YURIMAGUAS,MIRAFLORES_YURIMAGUAS,MIRAFLORES,YURIMAGUAS,ALTO AMAZONAS,94,0,0,2,0,0,0,0,0,0,21.28,0,0,0,0,NO
MUNICHIS_YURIMAGUAS,MUNICHIS_YURIMAGUAS,MUNICHIS,YURIMAGUAS,ALTO AMAZONAS,1066,24,43,14,11,7,12,2,22.51,40.34,13.13,10.32,6.57,11.26,1.88,NO
MUSHMUQUI / NUEVO PROGRESO_YURIMAGUAS,MUSHMUQUI / NUEVO PROGRESO_YURIMAGUAS,MUSHMUQUI / NUEVO PROGRESO,YURIMAGUAS,ALTO AMAZONAS,244,2,1,0,0,0,0,0,8.2,4.1,0,0,0,0,0,NO
NUEVA ALIANZA_YURIMAGUAS,NUEVA ALIANZA_YURIMAGUAS,NUEVA ALIANZA,YURIMAGUAS,ALTO AMAZONAS,53,0,0,0,2,1,1,1,0,0,0,37.74,18.87,18.87,18.87,NO
NUEVA ITALIA_YURIMAGUAS,NUEVA ITALIA_YURIMAGUAS,NUEVA ITALIA,YURIMAGUAS,ALTO AMAZONAS,59,0,0,0,1,0,0,0,0,0,0,16.95,0,0,0,NO
NUEVO REFORMA_YURIMAGUAS,NUEVO REFORMA_YURIMAGUAS,NUEVO REFORMA,YURIMAGUAS,ALTO AMAZONAS,85,0,0,1,1,0,0,0,0,0,11.76,11.76,0,0,0,NO
VIDA NUEVA_YURIMAGUAS,VIDA NUEVA_YURIMAGUAS,VIDA NUEVA,YURIMAGUAS,ALTO AMAZONAS,76,0,0,0,0,0,1,0,0,0,0,0,0,13.16,0,NO
NUEVO CAJAMARCA_YURIMAGUAS,NUEVO CAJAMARCA_YURIMAGUAS,NUEVO CAJAMARCA,YURIMAGUAS,ALTO AMAZONAS,84,1,29,19,26,8,26,5,11.9,345.24,226.19,309.52,95.24,309.52,59.52,NO
NUEVO JAEN_YURIMAGUAS,NUEVO JAEN_YURIMAGUAS,NUEVO JAEN,YURIMAGUAS,ALTO AMAZONAS,75,0,17,0,0,0,0,0,0,226.67,0,0,0,0,0,NO
NUEVO LIBERTAD DEL YANAYA_YURIMAGUAS,NUEVO LIBERTAD DEL YANAYA_YURIMAGUAS,NUEVO LIBERTAD DEL YANAYA,YURIMAGUAS,ALTO AMAZONAS,51,0,1,2,0,1,4,1,0,19.61,39.22,0,19.61,78.43,19.61,NO
NUEVO NAUTA_YURIMAGUAS,NUEVO NAUTA_YURIMAGUAS,NUEVO NAUTA,YURIMAGUAS,ALTO AMAZONAS,46,0,0,0,4,0,4,0,0,0,0,86.96,0,86.96,0,NO
NUEVO PIJUAYAL_YURIMAGUAS,NUEVO PIJUAYAL_YURIMAGUAS,NUEVO PIJUAYAL,YURIMAGUAS,ALTO AMAZONAS,89,0,1,13,14,4,3,0,0,11.24,146.07,157.3,44.94,33.71,0,NO
NUEVO PIZANA_YURIMAGUAS,NUEVO PIZANA_YURIMAGUAS,NUEVO PIZANA,YURIMAGUAS,ALTO AMAZONAS,0,0,0,3,2,3,1,0,0,0,0,0,0,0,0,NO
NUEVO SAN MARTIN_YURIMAGUAS,NUEVO SAN MARTIN_YURIMAGUAS,NUEVO SAN MARTIN,YURIMAGUAS,ALTO AMAZONAS,103,0,2,0,0,0,0,0,0,19.42,0,0,0,0,0,NO
NUEVO SHAPAJA_YURIMAGUAS,NUEVO SHAPAJA_YURIMAGUAS,NUEVO SHAPAJA,YURIMAGUAS,ALTO AMAZONAS,88,0,0,0,0,0,1,0,0,0,0,0,0,11.36,0,NO
NUEVO TOCACHE_YURIMAGUAS,NUEVO TOCACHE_YURIMAGUAS,NUEVO TOCACHE,YURIMAGUAS,ALTO AMAZONAS,0,0,0,0,1,0,0,0,0,0,0,0,0,0,0,NO
NUEVO YURIMAGUAS_YURIMAGUAS,NUEVO YURIMAGUAS_YURIMAGUAS,NUEVO YURIMAGUAS,YURIMAGUAS,ALTO AMAZONAS,88,0,0,0,4,0,0,1,0,0,0,45.45,0,0,11.36,NO
OXAPAMPA_YURIMAGUAS,OXAPAMPA_YURIMAGUAS,OXAPAMPA,YURIMAGUAS,ALTO AMAZONAS,0,0,0,1,0,0,0,0,0,0,0,0,0,0,0,NO
PALMAS DE SHANUSI_YURIMAGUAS,PALMAS DE SHANUSI_YURIMAGUAS,PALMAS DE SHANUSI,YURIMAGUAS,ALTO AMAZONAS,2518,12,48,6,22,3,6,2,4.77,19.06,2.38,8.74,1.19,2.38,0.79,NO
LAS PALMERAS_YURIMAGUAS,LAS PALMERAS_YURIMAGUAS,LAS PALMERAS,YURIMAGUAS,ALTO AMAZONAS,114,0,3,0,0,0,0,0,0,26.32,0,0,0,0,0,NO
LAS PALMERAS DE SAN ROQUE_YURIMAGUAS,LAS PALMERAS DE SAN ROQUE_YURIMAGUAS,LAS PALMERAS DE SAN ROQUE,YURIMAGUAS,ALTO AMAZONAS,29,0,4,0,1,0,8,0,0,137.93,0,34.48,0,275.86,0,NO
PAMPA HERMOSA_YURIMAGUAS,PAMPA HERMOSA_YURIMAGUAS,PAMPA HERMOSA,YURIMAGUAS,ALTO AMAZONAS,1786,102,139,54,116,56,11,3,57.11,77.83,30.24,64.95,31.35,6.16,1.68,NO
PRIMAVERA_YURIMAGUAS,PRIMAVERA_YURIMAGUAS,PRIMAVERA,YURIMAGUAS,ALTO AMAZONAS,556,0,0,0,0,1,0,0,0,0,0,0,1.8,0,0,NO
PROVIDENCIA_YURIMAGUAS,PROVIDENCIA_YURIMAGUAS,PROVIDENCIA,YURIMAGUAS,ALTO AMAZONAS,308,1,1,1,0,0,0,0,3.25,3.25,3.25,0,0,0,0,NO
PUERTO LIBRE_YURIMAGUAS,PUERTO LIBRE_YURIMAGUAS,PUERTO LIBRE,YURIMAGUAS,ALTO AMAZONAS,56,0,29,4,2,0,0,0,0,517.86,71.43,35.71,0,0,0,NO
PUERTO PERU_YURIMAGUAS,PUERTO PERU_YURIMAGUAS,PUERTO PERU,YURIMAGUAS,ALTO AMAZONAS,319,1,2,0,0,0,0,0,3.13,6.27,0,0,0,0,0,NO
QUINAYOC_YURIMAGUAS,QUINAYOC_YURIMAGUAS,QUINAYOC,YURIMAGUAS,ALTO AMAZONAS,152,0,0,0,0,0,1,0,0,0,0,0,0,6.58,0,NO
ROCA FUERTE_YURIMAGUAS,ROCA FUERTE_YURIMAGUAS,ROCA FUERTE,YURIMAGUAS,ALTO AMAZONAS,117,0,2,0,0,0,2,0,0,17.09,0,0,0,17.09,0,NO
SAN ANTONIO_YURIMAGUAS,SAN ANTONIO_YURIMAGUAS,SAN ANTONIO,YURIMAGUAS,ALTO AMAZONAS,118,0,0,2,0,0,0,0,0,0,16.95,0,0,0,0,NO
SAN ANTONIO DE SANIACO_YURIMAGUAS,SAN ANTONIO DE SANIACO_YURIMAGUAS,SAN ANTONIO DE SANIACO,YURIMAGUAS,ALTO AMAZONAS,90,1,27,13,0,0,0,0,11.11,300,144.44,0,0,0,0,NO
SAN ANTONIO DE SINAYACU_YURIMAGUAS,SAN ANTONIO DE SINAYACU_YURIMAGUAS,SAN ANTONIO DE SINAYACU,YURIMAGUAS,ALTO AMAZONAS,223,0,0,0,5,1,17,4,0,0,0,22.42,4.48,76.23,17.94,NO
SAN CARLOS_YURIMAGUAS,SAN CARLOS_YURIMAGUAS,SAN CARLOS,YURIMAGUAS,ALTO AMAZONAS,19,0,1,0,0,0,0,0,0,52.63,0,0,0,0,0,NO
SAN FRANCISCO DE PARANAPURA_YURIMAGUAS,SAN FRANCISCO DE PARANAPURA_YURIMAGUAS,SAN FRANCISCO DE PARANAPURA,YURIMAGUAS,ALTO AMAZONAS,113,0,5,8,23,34,7,1,0,44.25,70.8,203.54,300.88,61.95,8.85,NO
SAN JUAN DE CATALINA_YURIMAGUAS,SAN JUAN DE CATALINA_YURIMAGUAS,SAN JUAN DE CATALINA,YURIMAGUAS,ALTO AMAZONAS,0,1,0,0,0,0,0,0,0,0,0,0,0,0,0,NO
SAN JUAN DE CURIYACU_YURIMAGUAS,SAN JUAN DE CURIYACU_YURIMAGUAS,SAN JUAN DE CURIYACU,YURIMAGUAS,ALTO AMAZONAS,87,0,0,1,0,0,0,0,0,0,11.49,0,0,0,0,NO
SAN JUAN DE PAMPLONA_YURIMAGUAS,SAN JUAN DE PAMPLONA_YURIMAGUAS,SAN JUAN DE PAMPLONA,YURIMAGUAS,ALTO AMAZONAS,628,0,2,0,0,0,0,0,0,3.18,0,0,0,0,0,NO
SAN JUAN DE PUMAYACU_YURIMAGUAS,SAN JUAN DE PUMAYACU_YURIMAGUAS,SAN JUAN DE PUMAYACU,YURIMAGUAS,ALTO AMAZONAS,209,0,1,0,0,1,0,0,0,4.78,0,0,4.78,0,0,NO
SAN JUAN DE ZAPOTE_YURIMAGUAS,SAN JUAN DE ZAPOTE_YURIMAGUAS,SAN JUAN DE ZAPOTE,YURIMAGUAS,ALTO AMAZONAS,174,0,0,0,10,0,1,0,0,0,0,57.47,0,5.75,0,NO
SAN LUIS_YURIMAGUAS,SAN LUIS_YURIMAGUAS,SAN LUIS,YURIMAGUAS,ALTO AMAZONAS,69,0,10,2,0,0,1,0,0,144.93,28.99,0,0,14.49,0,NO
SAN RAFAEL_YURIMAGUAS,SAN RAFAEL_YURIMAGUAS,SAN RAFAEL,YURIMAGUAS,ALTO AMAZONAS,124,0,0,0,4,1,11,0,0,0,0,32.26,8.06,88.71,0,NO
SAN RAFAEL_YURIMAGUAS,SAN RAFAEL_YURIMAGUAS,SAN RAFAEL,YURIMAGUAS,ALTO AMAZONAS,106,0,31,9,0,0,0,0,0,292.45,84.91,0,0,0,0,NO
SAN ROQUE_YURIMAGUAS,SAN ROQUE_YURIMAGUAS,SAN ROQUE,YURIMAGUAS,ALTO AMAZONAS,105,0,4,8,0,0,10,2,0,38.1,76.19,0,0,95.24,19.05,NO
SANTA ISABEL_YURIMAGUAS,SANTA ISABEL_YURIMAGUAS,SANTA ISABEL,YURIMAGUAS,ALTO AMAZONAS,116,0,0,0,0,0,1,0,0,0,0,0,0,8.62,0,NO
SANTA LUCIA_YURIMAGUAS,SANTA LUCIA_YURIMAGUAS,SANTA LUCIA,YURIMAGUAS,ALTO AMAZONAS,801,0,74,16,8,2,14,3,0,92.38,19.98,9.99,2.5,17.48,3.75,NO
SANTO TOMAS_YURIMAGUAS,SANTO TOMAS_YURIMAGUAS,SANTO TOMAS,YURIMAGUAS,ALTO AMAZONAS,329,0,0,0,1,0,1,0,0,0,0,3.04,0,3.04,0,NO
SHAPAJA_YURIMAGUAS,SHAPAJA_YURIMAGUAS,SHAPAJA,YURIMAGUAS,ALTO AMAZONAS,88,0,0,3,0,0,0,0,0,0,34.09,0,0,0,0,NO
SUNIPLAYA_YURIMAGUAS,SUNIPLAYA_YURIMAGUAS,SUNIPLAYA,YURIMAGUAS,ALTO AMAZONAS,86,0,1,1,0,0,0,0,0,11.63,11.63,0,0,0,0,NO
TRANCAYACU_YURIMAGUAS,TRANCAYACU_YURIMAGUAS,TRANCAYACU,YURIMAGUAS,ALTO AMAZONAS,201,0,2,0,0,0,0,0,0,9.95,0,0,0,0,0,NO
TUPAC AMARU_YURIMAGUAS,TUPAC AMARU_YURIMAGUAS,TUPAC AMARU,YURIMAGUAS,ALTO AMAZONAS,371,0,2,1,0,0,0,0,0,5.39,2.7,0,0,0,0,NO
VARADERILLO_YURIMAGUAS,VARADERILLO_YURIMAGUAS,VARADERILLO,YURIMAGUAS,ALTO AMAZONAS,69,2,15,3,10,0,1,0,28.99,217.39,43.48,144.93,0,14.49,0,NO
VILLA HERMOSA_YURIMAGUAS,VILLA HERMOSA_YURIMAGUAS,VILLA HERMOSA,YURIMAGUAS,ALTO AMAZONAS,93,0,1,5,1,1,1,0,0,10.75,53.76,10.75,10.75,10.75,0,NO
YURIMAGUAS_YURIMAGUAS,YURIMAGUAS_YURIMAGUAS,YURIMAGUAS,YURIMAGUAS,ALTO AMAZONAS,45113,13,9,11,20,7,6,0,0.29,0.2,0.24,0.44,0.16,0.13,0,NO
ZAPOTE_YURIMAGUAS,ZAPOTE_YURIMAGUAS,ZAPOTE,YURIMAGUAS,ALTO AMAZONAS,100,0,0,1,0,0,0,0,0,0,10,0,0,0,0,NO
AIM ENTSA_ANDOAS,AIM ENTSA_ANDOAS,AIM ENTSA,ANDOAS,DATEM DEL MARAÑON,,4,5,6,0,6,7,7,0,0,0,0,0,0,0,NO
ALIANZA TOPAL_ANDOAS,ALIANZA TOPAL_ANDOAS,ALIANZA TOPAL,ANDOAS,DATEM DEL MARAÑON,354,50,17,21,42,17,25,1,141.24,48.02,59.32,118.64,48.02,70.62,2.82,NO
ALIANZA CAPAHUARI_ANDOAS,ALIANZA CAPAHUARI_ANDOAS,ALIANZA CAPAHUARI,ANDOAS,DATEM DEL MARAÑON,215,16,31,7,44,13,41,6,74.42,144.19,32.56,204.65,60.47,190.7,27.91,NO
ALIANZA CRISTIANA_ANDOAS,ALIANZA CRISTIANA_ANDOAS,ALIANZA CRISTIANA,ANDOAS,DATEM DEL MARAÑON,586,82,421,724,708,650,440,117,139.93,718.43,1235.49,1208.19,1109.22,750.85,199.66,NO
ANDOAS VIEJO_ANDOAS,ANDOAS VIEJO_ANDOAS,ANDOAS VIEJO,ANDOAS,DATEM DEL MARAÑON,511,33,113,67,346,98,67,9,64.58,221.14,131.12,677.1,191.78,131.12,17.61,NO
ANTIOQUIA_ANDOAS,ANTIOQUIA_ANDOAS,ANTIOQUIA,ANDOAS,DATEM DEL MARAÑON,,0,2,0,0,0,2,2,0,0,0,0,0,0,0,NO
NUEVA BETANIA_ANDOAS,NUEVA BETANIA_ANDOAS,NUEVA BETANIA,ANDOAS,DATEM DEL MARAÑON,141,0,10,8,19,28,6,1,0,70.92,56.74,134.75,198.58,42.55,7.09,NO
BETEL_ANDOAS,BETEL_ANDOAS,BETEL,ANDOAS,DATEM DEL MARAÑON,69,0,84,71,76,106,66,8,0,1217.39,1028.99,1101.45,1536.23,956.52,115.94,NO
P.V. BOBONAZA_ANDOAS,P.V. BOBONAZA_ANDOAS,P.V. BOBONAZA,ANDOAS,DATEM DEL MARAÑON,0,0,0,0,0,1,0,0,0,0,0,0,0,0,0,NO
BOLOGNESI_ANDOAS,BOLOGNESI_ANDOAS,BOLOGNESI,ANDOAS,DATEM DEL MARAÑON,203,16,114,52,96,71,103,1,78.82,561.58,256.16,472.91,349.75,507.39,4.93,NO
BUENA VISTA_ANDOAS,BUENA VISTA_ANDOAS,BUENA VISTA,ANDOAS,DATEM DEL MARAÑON,34,11,13,27,3,23,7,1,323.53,382.35,794.12,88.24,676.47,205.88,29.41,NO
CHAMBIRA_ANDOAS,CHAMBIRA_ANDOAS,CHAMBIRA,ANDOAS,DATEM DEL MARAÑON,133,87,113,126,41,75,100,22,654.14,849.62,947.37,308.27,563.91,751.88,165.41,NO
CHECHERTA_ANDOAS,CHECHERTA_ANDOAS,CHECHERTA,ANDOAS,DATEM DEL MARAÑON,192,0,3,9,39,42,22,8,0,15.63,46.88,203.13,218.75,114.58,41.67,NO
CHIMARA_ANDOAS,CHIMARA_ANDOAS,CHIMARA,ANDOAS,DATEM DEL MARAÑON,42,25,11,12,34,3,0,0,595.24,261.9,285.71,809.52,71.43,0,0,NO
CHINTO_ANDOAS,CHINTO_ANDOAS,CHINTO,ANDOAS,DATEM DEL MARAÑON,,4,14,22,92,96,50,11,0,0,0,0,0,0,0,NO
CHUINTAR_ANDOAS,CHUINTAR_ANDOAS,CHUINTAR,ANDOAS,DATEM DEL MARAÑON,190,72,386,292,9,724,290,84,378.95,2031.58,1536.84,47.37,3810.53,1526.32,442.11,NO
CHURUS_ANDOAS,CHURUS_ANDOAS,CHURUS,ANDOAS,DATEM DEL MARAÑON,82,0,3,0,0,5,2,1,0,36.59,0,0,60.98,24.39,12.2,NO
COCHA PURAHUA_ANDOAS,COCHA PURAHUA_ANDOAS,COCHA PURAHUA,ANDOAS,DATEM DEL MARAÑON,237,83,201,311,187,163,200,50,350.21,848.1,1312.24,789.03,687.76,843.88,210.97,NO
KURANDA COCHA_ANDOAS,KURANDA COCHA_ANDOAS,KURANDA COCHA,ANDOAS,DATEM DEL MARAÑON,17,31,23,43,0,0,0,0,1823.53,1352.94,2529.41,0,0,0,0,NO
DISTRITO NO ES COMUNIDAD_ANDOAS,#N/A,DISTRITO NO ES COMUNIDAD,ANDOAS,DATEM DEL MARAÑON,,8,17,17,126,55,45,2,0,0,0,0,0,0,0,NO
HORTENCIACOCHA_ANDOAS,HORTENCIACOCHA_ANDOAS,HORTENCIACOCHA,ANDOAS,DATEM DEL MARAÑON,186,97,116,85,0,171,199,72,521.51,623.66,456.99,0,919.35,1069.89,387.1,NO
HUAGRAMONA_ANDOAS,HUAGRAMONA_ANDOAS,HUAGRAMONA,ANDOAS,DATEM DEL MARAÑON,500,104,212,136,88,95,137,36,208,424,272,176,190,274,72,NO
HUAGRAMONA_ANDOAS,HUAGRAMONA_ANDOAS,HUAGRAMONA,ANDOAS,DATEM DEL MARAÑON,500,2,0,0,1,3,2,0,4,0,0,2,6,4,0,NO
IHUAQUIPOZA_ANDOAS,IHUAQUIPOZA_ANDOAS,IHUAQUIPOZA,ANDOAS,DATEM DEL MARAÑON,,0,9,39,70,50,26,8,0,0,0,0,0,0,0,NO
JUNANCH_ANDOAS,JUNANCH_ANDOAS,JUNANCH,ANDOAS,DATEM DEL MARAÑON,0,0,4,10,77,163,50,15,0,0,0,0,0,0,0,NO
KASURENTZA_ANDOAS,KASURENTZA_ANDOAS,KASURENTZA,ANDOAS,DATEM DEL MARAÑON,36,0,0,0,13,1,4,4,0,0,0,361.11,27.78,111.11,111.11,NO
KUSTANCH_ANDOAS,KUSTANCH_ANDOAS,KUSTANCH,ANDOAS,DATEM DEL MARAÑON,,2,5,6,11,6,6,2,0,0,0,0,0,0,0,NO
KUNAM ENTSA_ANDOAS,KUNAM ENTSA_ANDOAS,KUNAM ENTSA,ANDOAS,DATEM DEL MARAÑON,,0,61,65,207,50,29,8,0,0,0,0,0,0,0,NO
KUYUNTZA_ANDOAS,KUYUNTZA_ANDOAS,KUYUNTZA,ANDOAS,DATEM DEL MARAÑON,236,5,56,218,568,1063,455,129,21.19,237.29,923.73,2406.78,4504.24,1927.97,546.61,NO
ANATICO_ANDOAS,ANATICO_ANDOAS,ANATICO,ANDOAS,DATEM DEL MARAÑON,209,26,155,229,127,132,116,20,124.4,741.63,1095.69,607.66,631.58,555.02,95.69,NO
LIMONCOCHA_ANDOAS,LIMONCOCHA_ANDOAS,LIMONCOCHA,ANDOAS,DATEM DEL MARAÑON,45,73,293,139,595,491,310,79,1622.22,6511.11,3088.89,13222.22,10911.11,6888.89,1755.56,NO
LOBOYACU_ANDOAS,LOBOYACU_ANDOAS,LOBOYACU,ANDOAS,DATEM DEL MARAÑON,268,184,280,93,64,154,103,11,686.57,1044.78,347.01,238.81,574.63,384.33,41.04,NO
LOS JARDINES_ANDOAS,LOS JARDINES_ANDOAS,LOS JARDINES,ANDOAS,DATEM DEL MARAÑON,339,74,115,46,154,56,70,9,218.29,339.23,135.69,454.28,165.19,206.49,26.55,NO
MAMUS_ANDOAS,MAMUS_ANDOAS,MAMUS,ANDOAS,DATEM DEL MARAÑON,,0,0,0,297,24,0,0,0,0,0,0,0,0,0,NO
NARANJAL_ANDOAS,NARANJAL_ANDOAS,NARANJAL,ANDOAS,DATEM DEL MARAÑON,82,34,152,141,45,87,59,6,414.63,1853.66,1719.51,548.78,1060.98,719.51,73.17,NO
NAYUMENTSA_ANDOAS,NAYUMENTSA_ANDOAS,NAYUMENTSA,ANDOAS,DATEM DEL MARAÑON,,0,1,2,4,6,10,1,0,0,0,0,0,0,0,NO
NUEVA ESPERANZA_ANDOAS,NUEVA ESPERANZA_ANDOAS,NUEVA ESPERANZA,ANDOAS,DATEM DEL MARAÑON,92,25,45,30,14,8,23,5,271.74,489.13,326.09,152.17,86.96,250,54.35,NO
NUEVA VIDA_ANDOAS,NUEVA VIDA_ANDOAS,NUEVA VIDA,ANDOAS,DATEM DEL MARAÑON,26,9,53,32,18,19,15,3,346.15,2038.46,1230.77,692.31,730.77,576.92,115.38,NO
NUEVO ANDOAS_ANDOAS,NUEVO ANDOAS_ANDOAS,NUEVO ANDOAS,ANDOAS,DATEM DEL MARAÑON,844,84,127,120,140,77,150,29,99.53,150.47,142.18,165.88,91.23,177.73,34.36,NO
NUEVO BELEN - PERTENECE A CAHUAPANAS_ANDOAS,#N/A,NUEVO BELEN - PERTENECE A CAHUAPANAS,ANDOAS,DATEM DEL MARAÑON,,0,0,0,0,1,1,0,0,0,0,0,0,0,0,NO
NUEVO CANAAN_ANDOAS,NUEVO CANAAN_ANDOAS,NUEVO CANAAN,ANDOAS,DATEM DEL MARAÑON,33,0,14,27,0,30,7,24,0,424.24,818.18,0,909.09,212.12,727.27,NO
NUEVO EDEN_ANDOAS,NUEVO EDEN_ANDOAS,NUEVO EDEN,ANDOAS,DATEM DEL MARAÑON,20,0,0,2,14,40,35,2,0,0,100,700,2000,1750,100,NO
NUEVO NAZARETH - PERTENECE A PASTAZA_ANDOAS,#N/A,NUEVO NAZARETH - PERTENECE A PASTAZA,ANDOAS,DATEM DEL MARAÑON,,0,8,2,0,4,12,7,0,0,0,0,0,0,0,NO
NUEVO PERU_ANDOAS,NUEVO PERU_ANDOAS,NUEVO PERU,ANDOAS,DATEM DEL MARAÑON,203,58,395,152,328,326,93,10,285.71,1945.81,748.77,1615.76,1605.91,458.13,49.26,NO
NUEVO PORVENIR_ANDOAS,NUEVO PORVENIR_ANDOAS,NUEVO PORVENIR,ANDOAS,DATEM DEL MARAÑON,247,54,135,113,974,71,62,10,218.62,546.56,457.49,3943.32,287.45,251.01,40.49,NO
NUEVO PROGRESO_ANDOAS,NUEVO PROGRESO_ANDOAS,NUEVO PROGRESO,ANDOAS,DATEM DEL MARAÑON,152,124,160,90,0,1,0,0,815.79,1052.63,592.11,0,6.58,0,0,NO
NUEVO PURAHUA_ANDOAS,NUEVO PURAHUA_ANDOAS,NUEVO PURAHUA,ANDOAS,DATEM DEL MARAÑON,67,76,75,44,37,30,25,10,1134.33,1119.4,656.72,552.24,447.76,373.13,149.25,NO
NUEVO UCAYALI_ANDOAS,NUEVO UCAYALI_ANDOAS,NUEVO UCAYALI,ANDOAS,DATEM DEL MARAÑON,,44,56,40,0,0,0,0,0,0,0,0,0,0,0,NO
NUEVO EDEN_ANDOAS,NUEVO EDEN_ANDOAS,NUEVO EDEN,ANDOAS,DATEM DEL MARAÑON,,0,0,2,0,0,0,0,0,0,0,0,0,0,0,NO
NVO JERUSALEN PERTENECE A MORONA_ANDOAS,#N/A,NVO JERUSALEN PERTENECE A MORONA,ANDOAS,DATEM DEL MARAÑON,,0,1,0,36,3,1,0,0,0,0,0,0,0,0,NO
PAMPA HERMOSA_ANDOAS,PAMPA HERMOSA_ANDOAS,PAMPA HERMOSA,ANDOAS,DATEM DEL MARAÑON,54,25,89,171,65,61,60,8,462.96,1648.15,3166.67,1203.7,1129.63,1111.11,148.15,NO
PAÑAYACU_ANDOAS,PAÑAYACU_ANDOAS,PAÑAYACU,ANDOAS,DATEM DEL MARAÑON,,15,4,12,18,36,33,9,0,0,0,0,0,0,0,NO
PAÑAYACU_ANDOAS,PAÑAYACU_ANDOAS,PAÑAYACU,ANDOAS,DATEM DEL MARAÑON,302,0,0,0,0,1,0,0,0,0,0,0,3.31,0,0,NO
PAÑAYACU_ANDOAS,PAÑAYACU_ANDOAS,PAÑAYACU,ANDOAS,DATEM DEL MARAÑON,302,0,0,0,0,1,0,0,0,0,0,0,3.31,0,0,NO
PANKINTSA_ANDOAS,PANKINTSA_ANDOAS,PANKINTSA,ANDOAS,DATEM DEL MARAÑON,224,9,78,70,221,358,104,13,40.18,348.21,312.5,986.61,1598.21,464.29,58.04,NO
PUERTO ALEGRE_ANDOAS,PUERTO ALEGRE_ANDOAS,PUERTO ALEGRE,ANDOAS,DATEM DEL MARAÑON,247,26,113,35,141,45,96,33,105.26,457.49,141.7,570.85,182.19,388.66,133.6,NO
KUSHILLA_ANDOAS,KUSHILLA_ANDOAS,KUSHILLA,ANDOAS,DATEM DEL MARAÑON,247,9,1,0,2,48,0,0,36.44,4.05,0,8.1,194.33,0,0,NO
PUERTO FRANCO_ANDOAS,PUERTO FRANCO_ANDOAS,PUERTO FRANCO,ANDOAS,DATEM DEL MARAÑON,55,1,53,76,73,49,30,28,18.18,963.64,1381.82,1327.27,890.91,545.45,509.09,NO
PUERTO GALILEA_ANDOAS,PUERTO GALILEA_ANDOAS,PUERTO GALILEA,ANDOAS,DATEM DEL MARAÑON,143,11,66,118,1,158,94,34,76.92,461.54,825.17,6.99,1104.9,657.34,237.76,NO
MALDONADO_ANDOAS,MALDONADO_ANDOAS,MALDONADO,ANDOAS,DATEM DEL MARAÑON,12,13,2,10,38,15,10,5,1083.33,166.67,833.33,3166.67,1250,833.33,416.67,NO
PUERTO NAZARENO_ANDOAS,PUERTO NAZARENO_ANDOAS,PUERTO NAZARENO,ANDOAS,DATEM DEL MARAÑON,,0,9,22,23,28,19,0,0,0,0,0,0,0,0,NO
PIJUAYAL_ANDOAS,PIJUAYAL_ANDOAS,PIJUAYAL,ANDOAS,DATEM DEL MARAÑON,215,49,51,177,87,234,206,34,227.91,237.21,823.26,404.65,1088.37,958.14,158.14,NO
PUERTO RUBINA_ANDOAS,PUERTO RUBINA_ANDOAS,PUERTO RUBINA,ANDOAS,DATEM DEL MARAÑON,281,0,353,420,373,458,260,132,0,1256.23,1494.66,1327.4,1629.89,925.27,469.75,NO
PURANCHIN_ANDOAS,PURANCHIN_ANDOAS,PURANCHIN,ANDOAS,DATEM DEL MARAÑON,355,5,3,1,30,50,22,13,14.08,8.45,2.82,84.51,140.85,61.97,36.62,NO
PUTUIM_ANDOAS,PUTUIM_ANDOAS,PUTUIM,ANDOAS,DATEM DEL MARAÑON,102,2,4,67,144,56,59,16,19.61,39.22,656.86,1411.76,549.02,578.43,156.86,NO
SABALOYACU_ANDOAS,SABALOYACU_ANDOAS,SABALOYACU,ANDOAS,DATEM DEL MARAÑON,285,34,61,50,52,94,69,3,119.3,214.04,175.44,182.46,329.82,242.11,10.53,NO
SAN FERNANDO_ANDOAS,SAN FERNANDO_ANDOAS,SAN FERNANDO,ANDOAS,DATEM DEL MARAÑON,118,12,32,25,49,19,42,7,101.69,271.19,211.86,415.25,161.02,355.93,59.32,NO
SAN JOSE CATIRNA_ANDOAS,SAN JOSE CATIRNA_ANDOAS,SAN JOSE CATIRNA,ANDOAS,DATEM DEL MARAÑON,35,0,0,9,15,26,13,9,0,0,257.14,428.57,742.86,371.43,257.14,NO
SAN JUAN DEL MANCHARI_ANDOAS,SAN JUAN DEL MANCHARI_ANDOAS,SAN JUAN DEL MANCHARI,ANDOAS,DATEM DEL MARAÑON,287,19,55,138,0,341,249,122,66.2,191.64,480.84,0,1188.15,867.6,425.09,NO
SAN PEDRO_ANDOAS,SAN PEDRO_ANDOAS,SAN PEDRO,ANDOAS,DATEM DEL MARAÑON,42,0,6,26,24,35,41,9,0,142.86,619.05,571.43,833.33,976.19,214.29,NO
SAN PEDRO DE CHAMBIRA_ANDOAS,SAN PEDRO DE CHAMBIRA_ANDOAS,SAN PEDRO DE CHAMBIRA,ANDOAS,DATEM DEL MARAÑON,42,0,0,0,68,0,0,0,0,0,0,1619.05,0,0,0,NO
SANCHIK_ANDOAS,SANCHIK_ANDOAS,SANCHIK,ANDOAS,DATEM DEL MARAÑON,102,0,2,22,163,59,8,12,0,19.61,215.69,1598.04,578.43,78.43,117.65,NO
SANTA CRUZ_ANDOAS,SANTA CRUZ_ANDOAS,SANTA CRUZ,ANDOAS,DATEM DEL MARAÑON,32,0,0,25,50,63,48,11,0,0,781.25,1562.5,1968.75,1500,343.75,NO
SANTA MARIA DE MANCHARI_ANDOAS,SANTA MARIA DE MANCHARI_ANDOAS,SANTA MARIA DE MANCHARI,ANDOAS,DATEM DEL MARAÑON,148,26,81,62,83,66,110,26,175.68,547.3,418.92,560.81,445.95,743.24,175.68,NO
SHANSHOCOCHA_ANDOAS,SHANSHOCOCHA_ANDOAS,SHANSHOCOCHA,ANDOAS,DATEM DEL MARAÑON,274,3,49,42,102,157,100,22,10.95,178.83,153.28,372.26,572.99,364.96,80.29,NO
SION SACH_ANDOAS,SION SACH_ANDOAS,SION SACH,ANDOAS,DATEM DEL MARAÑON,140,1,45,235,137,85,37,30,7.14,321.43,1678.57,978.57,607.14,264.29,214.29,NO
SIWIN_ANDOAS,SIWIN_ANDOAS,SIWIN,ANDOAS,DATEM DEL MARAÑON,,47,443,432,138,209,99,28,0,0,0,0,0,0,0,NO
SOPLIN_ANDOAS,SOPLIN_ANDOAS,SOPLIN,ANDOAS,DATEM DEL MARAÑON,171,39,81,70,63,78,15,2,228.07,473.68,409.36,368.42,456.14,87.72,11.7,NO
SANTA ROSA_ANDOAS,SANTA ROSA_ANDOAS,SANTA ROSA,ANDOAS,DATEM DEL MARAÑON,,14,33,61,30,25,33,7,0,0,0,0,0,0,0,NO
SUNGACHE_ANDOAS,SUNGACHE_ANDOAS,SUNGACHE,ANDOAS,DATEM DEL MARAÑON,195,11,67,37,15,31,12,3,56.41,343.59,189.74,76.92,158.97,61.54,15.38,NO
TITIYACU_ANDOAS,TITIYACU_ANDOAS,TITIYACU,ANDOAS,DATEM DEL MARAÑON,167,76,95,158,0,227,193,26,455.09,568.86,946.11,0,1359.28,1155.69,155.69,NO
TSEKUNTSA_ANDOAS,TSEKUNTSA_ANDOAS,TSEKUNTSA,ANDOAS,DATEM DEL MARAÑON,260,1,11,84,0,92,133,34,3.85,42.31,323.08,0,353.85,511.54,130.77,NO
TSUWAT ENTSA_ANDOAS,TSUWAT ENTSA_ANDOAS,TSUWAT ENTSA,ANDOAS,DATEM DEL MARAÑON,99,0,17,132,115,45,26,3,0,171.72,1333.33,1161.62,454.55,262.63,30.3,NO
UNION ANTONIETA_ANDOAS,UNION ANTONIETA_ANDOAS,UNION ANTONIETA,ANDOAS,DATEM DEL MARAÑON,95,49,99,150,109,116,80,14,515.79,1042.11,1578.95,1147.37,1221.05,842.11,147.37,NO
UWINTSA_ANDOAS,UWINTSA_ANDOAS,UWINTSA,ANDOAS,DATEM DEL MARAÑON,122,0,31,49,269,58,21,4,0,254.1,401.64,2204.92,475.41,172.13,32.79,NO
WAKNIR_ANDOAS,WAKNIR_ANDOAS,WAKNIR,ANDOAS,DATEM DEL MARAÑON,94,1,9,24,66,145,90,6,10.64,95.74,255.32,702.13,1542.55,957.45,63.83,NO
WAMPINTS_ANDOAS,WAMPINTS_ANDOAS,WAMPINTS,ANDOAS,DATEM DEL MARAÑON,246,1,3,13,246,237,83,88,4.07,12.2,52.85,1000,963.41,337.4,357.72,NO
WAMPUNAS_ANDOAS,WAMPUNAS_ANDOAS,WAMPUNAS,ANDOAS,DATEM DEL MARAÑON,30,0,1,0,16,8,0,0,0,33.33,0,533.33,266.67,0,0,NO
WARARAY_ANDOAS,WARARAY_ANDOAS,WARARAY,ANDOAS,DATEM DEL MARAÑON,24,13,0,10,15,11,5,4,541.67,0,416.67,625,458.33,208.33,166.67,NO
WASHIENTSA_ANDOAS,WASHIENTSA_ANDOAS,WASHIENTSA,ANDOAS,DATEM DEL MARAÑON,607,2,797,879,74,691,729,226,3.29,1313.01,1448.11,121.91,1138.39,1200.99,372.32,NO
WASUM_ANDOAS,WASUM_ANDOAS,WASUM,ANDOAS,DATEM DEL MARAÑON,0,0,1,1,0,15,4,0,0,0,0,0,0,0,0,NO
WAWAIN_ANDOAS,WAWAIN_ANDOAS,WAWAIN,ANDOAS,DATEM DEL MARAÑON,,0,22,74,143,227,96,13,0,0,0,0,0,0,0,NO
WAYUSENTSA_ANDOAS,WAYUSENTSA_ANDOAS,WAYUSENTSA,ANDOAS,DATEM DEL MARAÑON,,0,0,2,674,52,8,6,0,0,0,0,0,0,0,NO
WIJINT_ANDOAS,WIJINT_ANDOAS,WIJINT,ANDOAS,DATEM DEL MARAÑON,119,2,31,48,174,270,145,30,16.81,260.5,403.36,1462.18,2268.91,1218.49,252.1,NO
WISUM_ANDOAS,WISUM_ANDOAS,WISUM,ANDOAS,DATEM DEL MARAÑON,190,3,7,63,210,313,313,128,15.79,36.84,331.58,1105.26,1647.37,1647.37,673.68,NO
YAMPIK_ANDOAS,YAMPIK_ANDOAS,YAMPIK,ANDOAS,DATEM DEL MARAÑON,52,0,4,0,36,4,0,0,0,76.92,0,692.31,76.92,0,0,NO
SEIS DE MAYO_PASTAZA,SEIS DE MAYO_PASTAZA,SEIS DE MAYO,PASTAZA,DATEM DEL MARAÑON,42,0,5,55,31,9,2,0,0,119.05,1309.52,738.1,214.29,47.62,0,NO
1607011101_BARRANCA,1607011101_BARRANCA,1607011101,BARRANCA,DATEM DEL MARAÑON,,0,0,0,1,1,0,0,0,0,0,0,0,0,0,NO
ANGAMOS_BARRANCA,ANGAMOS_BARRANCA,ANGAMOS,BARRANCA,DATEM DEL MARAÑON,210,0,1,0,0,2,2,0,0,4.76,0,0,9.52,9.52,0,NO
ANTENA 4_MORONA,ANTENA 4_MORONA,ANTENA 4,MORONA,DATEM DEL MARAÑON,149,0,0,0,0,1,2,0,0,0,0,0,6.71,13.42,0,NO
SANTA ROSA DE ARIPARI_BARRANCA,SANTA ROSA DE ARIPARI_BARRANCA,SANTA ROSA DE ARIPARI,BARRANCA,DATEM DEL MARAÑON,,0,0,0,0,1,0,0,0,0,0,0,0,0,0,NO
BAGAZAN_BARRANCA,BAGAZAN_BARRANCA,BAGAZAN,BARRANCA,DATEM DEL MARAÑON,85,1,0,0,0,1,2,0,11.76,0,0,0,11.76,23.53,0,NO
BARRANCA_BARRANCA,BARRANCA_BARRANCA,BARRANCA,BARRANCA,DATEM DEL MARAÑON,254,1,8,0,92,37,6,1,3.94,31.5,0,362.2,145.67,23.62,3.94,NO
BARRANCA_BARRANCA,BARRANCA_BARRANCA,BARRANCA,BARRANCA,DATEM DEL MARAÑON,409,0,0,0,0,1,0,0,0,0,0,0,2.44,0,0,NO
NUEVO BELICE_BARRANCA,NUEVO BELICE_BARRANCA,NUEVO BELICE,BARRANCA,DATEM DEL MARAÑON,60,0,0,0,1,0,0,0,0,0,0,16.67,0,0,0,NO
BOCA SASIPAHUA_BARRANCA,BOCA SASIPAHUA_BARRANCA,BOCA SASIPAHUA,BARRANCA,DATEM DEL MARAÑON,85,0,0,0,0,1,0,0,0,0,0,0,11.76,0,0,NO
BRISTOL_BARRANCA,BRISTOL_BARRANCA,BRISTOL,BARRANCA,DATEM DEL MARAÑON,129,12,19,26,0,47,20,4,93.02,147.29,201.55,0,364.34,155.04,31.01,NO
BUENA VISTA_BARRANCA,BUENA VISTA_BARRANCA,BUENA VISTA,BARRANCA,DATEM DEL MARAÑON,34,0,0,3,7,7,1,13,0,0,88.24,205.88,205.88,29.41,382.35,NO
CABALLITO - PERTENECE AL DISTRITO MORONA_BARRANCA,#N/A,CABALLITO - PERTENECE AL DISTRITO MORONA,BARRANCA,DATEM DEL MARAÑON,185,0,0,0,0,0,1,0,0,0,0,0,0,5.41,0,NO
COPACABANA_MORONA,COPACABANA_MORONA,COPACABANA,MORONA,DATEM DEL MARAÑON,,0,1,0,0,0,1,0,0,0,0,0,0,0,0,NO
COPAL_BARRANCA,COPAL_BARRANCA,COPAL,BARRANCA,DATEM DEL MARAÑON,145,0,2,22,50,19,6,4,0,13.79,151.72,344.83,131.03,41.38,27.59,NO
ESTRELLA_BARRANCA,ESTRELLA_BARRANCA,ESTRELLA,BARRANCA,DATEM DEL MARAÑON,196,0,0,1,0,2,1,0,0,0,5.1,0,10.2,5.1,0,NO
ISLA DEL GALLO_BARRANCA,ISLA DEL GALLO_BARRANCA,ISLA DEL GALLO,BARRANCA,DATEM DEL MARAÑON,27,0,0,0,1,0,0,0,0,0,0,37.04,0,0,0,NO
HACHA POZA_BARRANCA,HACHA POZA_BARRANCA,HACHA POZA,BARRANCA,DATEM DEL MARAÑON,71,0,0,2,8,7,1,0,0,0,28.17,112.68,98.59,14.08,0,NO
HUACACHINA_BARRANCA,HUACACHINA_BARRANCA,HUACACHINA,BARRANCA,DATEM DEL MARAÑON,,0,0,0,0,0,1,0,0,0,0,0,0,0,0,NO
HUACAMAYO_BARRANCA,HUACAMAYO_BARRANCA,HUACAMAYO,BARRANCA,DATEM DEL MARAÑON,,0,0,0,0,1,0,0,0,0,0,0,0,0,0,NO
PUERTO INDUSTRIAL_PASTAZA,PUERTO INDUSTRIAL_PASTAZA,PUERTO INDUSTRIAL,PASTAZA,DATEM DEL MARAÑON,897,8,18,15,12,1,3,1,8.92,20.07,16.72,13.38,1.11,3.34,1.11,NO
KUYUNTSA_BARRANCA,KUYUNTSA_BARRANCA,KUYUNTSA,BARRANCA,DATEM DEL MARAÑON,236,0,0,0,8,0,0,0,0,0,0,33.9,0,0,0,NO
LA CURVA_PASTAZA,LA CURVA_PASTAZA,LA CURVA,PASTAZA,DATEM DEL MARAÑON,89,0,0,0,0,0,0,1,0,0,0,0,0,0,11.24,NO
NUEVO LAUREL_BARRANCA,NUEVO LAUREL_BARRANCA,NUEVO LAUREL,BARRANCA,DATEM DEL MARAÑON,110,0,0,0,0,1,0,0,0,0,0,0,9.09,0,0,NO
LIBERTAD_BARRANCA,LIBERTAD_BARRANCA,LIBERTAD,BARRANCA,DATEM DEL MARAÑON,174,0,1,0,0,1,0,0,0,5.75,0,0,5.75,0,0,NO
LURIN_BARRANCA,LURIN_BARRANCA,LURIN,BARRANCA,DATEM DEL MARAÑON,11,0,0,0,0,1,0,0,0,0,0,0,90.91,0,0,NO
MIRAFLORES 1_BARRANCA,MIRAFLORES 1_BARRANCA,MIRAFLORES 1,BARRANCA,DATEM DEL MARAÑON,46,0,0,0,0,3,1,0,0,0,0,0,65.22,21.74,0,NO
MONZANTE_BARRANCA,MONZANTE_BARRANCA,MONZANTE,BARRANCA,DATEM DEL MARAÑON,561,0,0,0,0,3,2,0,0,0,0,0,5.35,3.57,0,NO
NAYUMPIM_BARRANCA,NAYUMPIM_BARRANCA,NAYUMPIM,BARRANCA,DATEM DEL MARAÑON,63,0,0,0,0,0,1,1,0,0,0,0,0,15.87,15.87,NO
NUEVA ESPERANZA_BARRANCA,NUEVA ESPERANZA_BARRANCA,NUEVA ESPERANZA,BARRANCA,DATEM DEL MARAÑON,113,0,0,0,0,0,0,1,0,0,0,0,0,0,8.85,NO
NUEVA ESPERANZA_BARRANCA,NUEVA ESPERANZA_BARRANCA,NUEVA ESPERANZA,BARRANCA,DATEM DEL MARAÑON,92,0,0,2,0,1,0,0,0,0,21.74,0,10.87,0,0,NO
NUEVA UNION_BARRANCA,NUEVA UNION_BARRANCA,NUEVA UNION,BARRANCA,DATEM DEL MARAÑON,34,0,0,0,0,1,0,0,0,0,0,0,29.41,0,0,NO
NUEVO PONGO_BARRANCA,NUEVO PONGO_BARRANCA,NUEVO PONGO,BARRANCA,DATEM DEL MARAÑON,23,0,0,0,6,4,0,0,0,0,0,260.87,173.91,0,0,NO
NUEVO PROGRESO_BARRANCA,NUEVO PROGRESO_BARRANCA,NUEVO PROGRESO,BARRANCA,DATEM DEL MARAÑON,84,0,0,0,0,1,0,1,0,0,0,0,11.9,0,11.9,NO
TOPAL_PASTAZA,TOPAL_PASTAZA,TOPAL,PASTAZA,DATEM DEL MARAÑON,,0,0,0,1,0,1,0,0,0,0,0,0,0,0,NO
PACHACUTEC_BARRANCA,PACHACUTEC_BARRANCA,PACHACUTEC,BARRANCA,DATEM DEL MARAÑON,180,0,0,8,56,52,5,3,0,0,44.44,311.11,288.89,27.78,16.67,NO
PERLITA_PASTAZA,PERLITA_PASTAZA,PERLITA,PASTAZA,DATEM DEL MARAÑON,27,0,4,8,0,1,0,0,0,148.15,296.3,0,37.04,0,0,NO
PORVENIR_BARRANCA,PORVENIR_BARRANCA,PORVENIR,BARRANCA,DATEM DEL MARAÑON,357,0,0,0,0,1,21,48,0,0,0,0,2.8,58.82,134.45,NO
PUERTO ALEGRE_BARRANCA,PUERTO ALEGRE_BARRANCA,PUERTO ALEGRE,BARRANCA,DATEM DEL MARAÑON,247,0,0,0,1,1,0,0,0,0,0,4.05,4.05,0,0,NO
PUERTO ALEGRIA_BARRANCA,PUERTO ALEGRIA_BARRANCA,PUERTO ALEGRIA,BARRANCA,DATEM DEL MARAÑON,104,30,26,100,74,11,0,0,288.46,250,961.54,711.54,105.77,0,0,NO
SAN ANTONIO_BARRANCA,SAN ANTONIO_BARRANCA,SAN ANTONIO,BARRANCA,DATEM DEL MARAÑON,360,0,1,1,3,1,0,0,0,2.78,2.78,8.33,2.78,0,0,NO
SAN FRANCISCO_BARRANCA,SAN FRANCISCO_BARRANCA,SAN FRANCISCO,BARRANCA,DATEM DEL MARAÑON,60,0,0,0,0,0,1,0,0,0,0,0,0,16.67,0,NO
SAN JOSE_BARRANCA,SAN JOSE_BARRANCA,SAN JOSE,BARRANCA,DATEM DEL MARAÑON,47,0,0,0,1,2,1,0,0,0,0,21.28,42.55,21.28,0,NO
SAN JOSE_BARRANCA,SAN JOSE_BARRANCA,SAN JOSE,BARRANCA,DATEM DEL MARAÑON,22,0,0,0,0,0,1,0,0,0,0,0,0,45.45,0,NO
SAN JUAN DE MIRAFLORES_BARRANCA,SAN JUAN DE MIRAFLORES_BARRANCA,SAN JUAN DE MIRAFLORES,BARRANCA,DATEM DEL MARAÑON,41,0,0,0,0,2,0,0,0,0,0,0,48.78,0,0,NO
SAN JUAN DE MOJARAYACU_BARRANCA,SAN JUAN DE MOJARAYACU_BARRANCA,SAN JUAN DE MOJARAYACU,BARRANCA,DATEM DEL MARAÑON,123,20,33,33,2,25,1,0,162.6,268.29,268.29,16.26,203.25,8.13,0,NO
SAN JUAN DE MOJARAYACU_BARRANCA,SAN JUAN DE MOJARAYACU_BARRANCA,SAN JUAN DE MOJARAYACU,BARRANCA,DATEM DEL MARAÑON,162,0,0,0,2,1,1,0,0,0,0,12.35,6.17,6.17,0,NO
SAN JUAN DE SABALO_BARRANCA,SAN JUAN DE SABALO_BARRANCA,SAN JUAN DE SABALO,BARRANCA,DATEM DEL MARAÑON,,0,0,0,0,8,3,1,0,0,0,0,0,0,0,NO
SAN JUAN DE SASIPAHUA_BARRANCA,SAN JUAN DE SASIPAHUA_BARRANCA,SAN JUAN DE SASIPAHUA,BARRANCA,DATEM DEL MARAÑON,89,0,0,0,0,0,1,0,0,0,0,0,0,11.24,0,NO
SAN LORENZO_BARRANCA,SAN LORENZO_BARRANCA,SAN LORENZO,BARRANCA,DATEM DEL MARAÑON,6902,4,2,11,4,40,64,13,0.58,0.29,1.59,0.58,5.8,9.27,1.88,NO
SAN LORENZO_BARRANCA,SAN LORENZO_BARRANCA,SAN LORENZO,BARRANCA,DATEM DEL MARAÑON,7534,0,0,0,0,1,2,0,0,0,0,0,0.13,0.27,0,NO
SAN MIGUEL_BARRANCA,SAN MIGUEL_BARRANCA,SAN MIGUEL,BARRANCA,DATEM DEL MARAÑON,69,1,1,3,0,0,0,0,14.49,14.49,43.48,0,0,0,0,NO
SAN SEBASTIAN_PASTAZA,SAN SEBASTIAN_PASTAZA,SAN SEBASTIAN,PASTAZA,DATEM DEL MARAÑON,32,0,9,22,7,7,3,0,0,281.25,687.5,218.75,218.75,93.75,0,NO
SANTA ELENA_CAHUAPANAS,SANTA ELENA_CAHUAPANAS,SANTA ELENA,CAHUAPANAS,DATEM DEL MARAÑON,139,0,0,0,2,0,0,0,0,0,0,14.39,0,0,0,NO
SANTA ROSA DEL SABALO_BARRANCA,SANTA ROSA DEL SABALO_BARRANCA,SANTA ROSA DEL SABALO,BARRANCA,DATEM DEL MARAÑON,257,0,0,0,0,2,2,0,0,0,0,0,7.78,7.78,0,NO
SHUYAL_BARRANCA,SHUYAL_BARRANCA,SHUYAL,BARRANCA,DATEM DEL MARAÑON,,0,0,2,3,5,5,0,0,0,0,0,0,0,0,NO
SANTA ANA_PASTAZA,SANTA ANA_PASTAZA,SANTA ANA,PASTAZA,DATEM DEL MARAÑON,406,0,0,0,0,1,4,0,0,0,0,0,2.46,9.85,0,NO
ULLPAYACU_PASTAZA,ULLPAYACU_PASTAZA,ULLPAYACU,PASTAZA,DATEM DEL MARAÑON,1583,0,0,0,0,0,1,0,0,0,0,0,0,0.63,0,NO
UNGUMAYO_PASTAZA,UNGUMAYO_PASTAZA,UNGUMAYO,PASTAZA,DATEM DEL MARAÑON,199,2,5,4,0,4,0,0,10.05,25.13,20.1,0,20.1,0,0,NO
URUGUAY_BARRANCA,URUGUAY_BARRANCA,URUGUAY,BARRANCA,DATEM DEL MARAÑON,56,0,0,0,0,5,0,0,0,0,0,0,89.29,0,0,NO
UTCO_BARRANCA,UTCO_BARRANCA,UTCO,BARRANCA,DATEM DEL MARAÑON,,0,0,0,0,3,0,0,0,0,0,0,0,0,0,NO
WAWAJIN_BARRANCA,WAWAJIN_BARRANCA,WAWAJIN,BARRANCA,DATEM DEL MARAÑON,16,0,0,0,1,26,0,0,0,0,0,62.5,1625,0,0,NO
28 DE JULIO DEL SILLAY_CAHUAPANAS,28 DE JULIO DEL SILLAY_CAHUAPANAS,28 DE JULIO DEL SILLAY,CAHUAPANAS,DATEM DEL MARAÑON,118,0,0,0,2,1,0,1,0,0,0,16.95,8.47,0,8.47,NO
YANDUNGO_CAHUAPANAS,YANDUNGO_CAHUAPANAS,YANDUNGO,CAHUAPANAS,DATEM DEL MARAÑON,,0,0,0,1,0,0,0,0,0,0,0,0,0,0,NO
ARIPARI_CAHUAPANAS,#N/A,ARIPARI,CAHUAPANAS,DATEM DEL MARAÑON,,0,0,0,0,1,0,0,0,0,0,0,0,0,0,NO
BANCAL_CAHUAPANAS,BANCAL_CAHUAPANAS,BANCAL,CAHUAPANAS,DATEM DEL MARAÑON,99,0,0,0,9,0,1,0,0,0,0,90.91,0,10.1,0,NO
BARRANQUITA_CAHUAPANAS,BARRANQUITA_CAHUAPANAS,BARRANQUITA,CAHUAPANAS,DATEM DEL MARAÑON,250,0,0,1,0,1,2,0,0,0,4,0,4,8,0,NO
BELLAVISTA_JEBEROS,BELLAVISTA_JEBEROS,BELLAVISTA,JEBEROS,DATEM DEL MARAÑON,,0,0,0,0,1,0,0,0,0,0,0,0,0,0,NO
BETHEL_JEBEROS,BETHEL_JEBEROS,BETHEL,JEBEROS,DATEM DEL MARAÑON,18,0,0,0,0,0,1,0,0,0,0,0,0,55.56,0,NO
BOCA DE CAHUAPANAS_CAHUAPANAS,BOCA DE CAHUAPANAS_CAHUAPANAS,BOCA DE CAHUAPANAS,CAHUAPANAS,DATEM DEL MARAÑON,73,0,0,0,0,0,1,1,0,0,0,0,0,13.7,13.7,NO
BUENOS AIRES_CAHUAPANAS,BUENOS AIRES_CAHUAPANAS,BUENOS AIRES,CAHUAPANAS,DATEM DEL MARAÑON,142,0,0,2,1,0,0,0,0,0,14.08,7.04,0,0,0,NO
SAN JOSE DE CABALLITO_BALSAPUERTO,SAN JOSE DE CABALLITO_BALSAPUERTO,SAN JOSE DE CABALLITO,BALSAPUERTO,DATEM DEL MARAÑON,185,0,0,0,0,0,1,0,0,0,0,0,0,5.41,0,NO
CENTRO AMERICA_CAHUAPANAS,CENTRO AMERICA_CAHUAPANAS,CENTRO AMERICA,CAHUAPANAS,DATEM DEL MARAÑON,160,0,0,0,0,2,0,2,0,0,0,0,12.5,0,12.5,NO
CHACATAN_CAHUAPANAS,CHACATAN_CAHUAPANAS,CHACATAN,CAHUAPANAS,DATEM DEL MARAÑON,305,0,0,4,0,5,2,3,0,0,13.11,0,16.39,6.56,9.84,NO
CONSUELO_CAHUAPANAS,CONSUELO_CAHUAPANAS,CONSUELO,CAHUAPANAS,DATEM DEL MARAÑON,,0,0,0,2,0,0,0,0,0,0,0,0,0,0,NO
DISTRITO NO ES COMUNIDAD_CAHUAPANAS,#N/A,DISTRITO NO ES COMUNIDAD,CAHUAPANAS,DATEM DEL MARAÑON,,0,0,1,62,8,0,0,0,0,0,0,0,0,0,NO
FERNANDO ROSAS_MORONA,FERNANDO ROSAS_MORONA,FERNANDO ROSAS,MORONA,DATEM DEL MARAÑON,,0,0,0,0,1,0,0,0,0,0,0,0,0,0,NO
INAYUGA_CAHUAPANAS,#N/A,INAYUGA,CAHUAPANAS,DATEM DEL MARAÑON,46,0,0,0,0,0,0,0,0,0,0,0,0,0,0,NO
SINCHI ROCA_CAHUAPANAS,SINCHI ROCA_CAHUAPANAS,SINCHI ROCA,CAHUAPANAS,DATEM DEL MARAÑON,,0,0,0,0,4,0,0,0,0,0,0,0,0,0,NO
INCHIYACU_CAHUAPANAS,INCHIYACU_CAHUAPANAS,INCHIYACU,CAHUAPANAS,DATEM DEL MARAÑON,165,0,0,0,0,2,2,0,0,0,0,0,12.12,12.12,0,NO
KASURENTZA_ANDOAS,KASURENTZA_ANDOAS,KASURENTZA,ANDOAS,DATEM DEL MARAÑON,,0,0,0,15,2,0,0,0,0,0,0,0,0,0,NO
KAUPAN_CAHUAPANAS,KAUPAN_CAHUAPANAS,KAUPAN,CAHUAPANAS,DATEM DEL MARAÑON,653,0,0,66,94,8,5,6,0,0,101.07,143.95,12.25,7.66,9.19,NO
LA LOCALIDAD HAY EN ANDOAS Y MORONA_CAHUAPANAS,#N/A,LA LOCALIDAD HAY EN ANDOAS Y MORONA,CAHUAPANAS,DATEM DEL MARAÑON,,0,0,0,12,1,0,1,0,0,0,0,0,0,0,NO
LUZ DEL ORIENTE_JEBEROS,LUZ DEL ORIENTE_JEBEROS,LUZ DEL ORIENTE,JEBEROS,DATEM DEL MARAÑON,,0,0,0,2,0,0,0,0,0,0,0,0,0,0,NO
MIRAFLORES_CAHUAPANAS,MIRAFLORES_CAHUAPANAS,MIRAFLORES,CAHUAPANAS,DATEM DEL MARAÑON,34,0,0,0,0,4,1,0,0,0,0,0,117.65,29.41,0,NO
NUEVA ALIANZA_CAHUAPANAS,NUEVA ALIANZA_CAHUAPANAS,NUEVA ALIANZA,CAHUAPANAS,DATEM DEL MARAÑON,154,0,0,0,3,3,0,0,0,0,0,19.48,19.48,0,0,NO
NUEVO CAJAMARCA_CAHUAPANAS,NUEVO CAJAMARCA_CAHUAPANAS,NUEVO CAJAMARCA,CAHUAPANAS,DATEM DEL MARAÑON,71,0,0,0,0,0,1,0,0,0,0,0,0,14.08,0,NO
NUEVO MILAGRO_CAHUAPANAS,NUEVO MILAGRO_CAHUAPANAS,NUEVO MILAGRO,CAHUAPANAS,DATEM DEL MARAÑON,112,0,0,0,8,0,0,1,0,0,0,71.43,0,0,8.93,NO
NUEVO PROGRESO_CAHUAPANAS,NUEVO PROGRESO_CAHUAPANAS,NUEVO PROGRESO,CAHUAPANAS,DATEM DEL MARAÑON,96,0,0,0,2,0,0,0,0,0,0,20.83,0,0,0,NO
NUEVA VIDA LECHICASPI_CAHUAPANAS,NUEVA VIDA LECHICASPI_CAHUAPANAS,NUEVA VIDA LECHICASPI,CAHUAPANAS,DATEM DEL MARAÑON,,0,0,0,1,2,4,3,0,0,0,0,0,0,0,NO
PALMICHE_CAHUAPANAS,PALMICHE_CAHUAPANAS,PALMICHE,CAHUAPANAS,DATEM DEL MARAÑON,542,0,0,205,1,13,11,69,0,0,378.23,1.85,23.99,20.3,127.31,NO
PANDORA_CAHUAPANAS,PANDORA_CAHUAPANAS,PANDORA,CAHUAPANAS,DATEM DEL MARAÑON,155,0,0,0,0,0,3,2,0,0,0,0,0,19.35,12.9,NO
PARAGUA POZA_CAHUAPANAS,PARAGUA POZA_CAHUAPANAS,PARAGUA POZA,CAHUAPANAS,DATEM DEL MARAÑON,,0,0,0,7,0,0,0,0,0,0,0,0,0,0,NO
PERTENECE A MORONA_CAHUAPANAS,#N/A,PERTENECE A MORONA,CAHUAPANAS,DATEM DEL MARAÑON,,0,0,0,314,1,0,0,0,0,0,0,0,0,0,NO
PIJUAYAL_CAHUAPANAS,PIJUAYAL_CAHUAPANAS,PIJUAYAL,CAHUAPANAS,DATEM DEL MARAÑON,42,0,0,0,0,2,2,0,0,0,0,0,47.62,47.62,0,NO
PISTON BENAVIDES_CAHUAPANAS,PISTON BENAVIDES_CAHUAPANAS,PISTON BENAVIDES,CAHUAPANAS,DATEM DEL MARAÑON,,0,0,0,2,0,0,1,0,0,0,0,0,0,0,NO
PUEBLO CHAYAHUITA_CAHUAPANAS,PUEBLO CHAYAHUITA_CAHUAPANAS,PUEBLO CHAYAHUITA,CAHUAPANAS,DATEM DEL MARAÑON,305,0,0,0,0,0,1,0,0,0,0,0,0,3.28,0,NO
PUEBLO CHAYAHUITA_CAHUAPANAS,PUEBLO CHAYAHUITA_CAHUAPANAS,PUEBLO CHAYAHUITA,CAHUAPANAS,DATEM DEL MARAÑON,305,0,0,0,2,1,0,0,0,0,0,6.56,3.28,0,0,NO
PUERTO AMERICA_CAHUAPANAS,PUERTO AMERICA_CAHUAPANAS,PUERTO AMERICA,CAHUAPANAS,DATEM DEL MARAÑON,62,0,0,0,2,0,0,0,0,0,0,32.26,0,0,0,NO
PUERTO GERMAN_BARRANCA,PUERTO GERMAN_BARRANCA,PUERTO GERMAN,BARRANCA,DATEM DEL MARAÑON,,0,0,0,16,0,0,0,0,0,0,0,0,0,0,NO
PUERTO LIBRE_CAHUAPANAS,PUERTO LIBRE_CAHUAPANAS,PUERTO LIBRE,CAHUAPANAS,DATEM DEL MARAÑON,85,0,0,0,2,0,0,0,0,0,0,23.53,0,0,0,NO
SACHAVACA_CAHUAPANAS,SACHAVACA_CAHUAPANAS,SACHAVACA,CAHUAPANAS,DATEM DEL MARAÑON,283,0,0,3,3,8,1,1,0,0,10.6,10.6,28.27,3.53,3.53,NO
SAMARIA_CAHUAPANAS,SAMARIA_CAHUAPANAS,SAMARIA,CAHUAPANAS,DATEM DEL MARAÑON,199,0,0,1,0,2,0,0,0,0,5.03,0,10.05,0,0,NO
SAN ISIDRO_CAHUAPANAS,SAN ISIDRO_CAHUAPANAS,SAN ISIDRO,CAHUAPANAS,DATEM DEL MARAÑON,100,0,0,1,0,0,1,1,0,0,10,0,0,10,10,NO
SAN JUAN DE CAHUAPANAS_CAHUAPANAS,SAN JUAN DE CAHUAPANAS_CAHUAPANAS,SAN JUAN DE CAHUAPANAS,CAHUAPANAS,DATEM DEL MARAÑON,126,0,1,0,0,0,1,2,0,7.94,0,0,0,7.94,15.87,NO
SAN MIGUEL_CAHUAPANAS,SAN MIGUEL_CAHUAPANAS,SAN MIGUEL,CAHUAPANAS,DATEM DEL MARAÑON,224,0,0,7,0,1,2,0,0,0,31.25,0,4.46,8.93,0,NO
SAN PEDRO DE YANAYAQUILLO_CAHUAPANAS,SAN PEDRO DE YANAYAQUILLO_CAHUAPANAS,SAN PEDRO DE YANAYAQUILLO,CAHUAPANAS,DATEM DEL MARAÑON,104,0,0,0,0,2,8,11,0,0,0,0,19.23,76.92,105.77,NO
SAN RAMON DEL SINAR_CAHUAPANAS,SAN RAMON DEL SINAR_CAHUAPANAS,SAN RAMON DEL SINAR,CAHUAPANAS,DATEM DEL MARAÑON,430,0,0,1,0,0,0,0,0,0,2.33,0,0,0,0,NO
SAN RAMON DEL SINAR_CAHUAPANAS,SAN RAMON DEL SINAR_CAHUAPANAS,SAN RAMON DEL SINAR,CAHUAPANAS,DATEM DEL MARAÑON,430,0,0,0,0,1,0,2,0,0,0,0,2.33,0,4.65,NO
SAN SALVADOR_CAHUAPANAS,SAN SALVADOR_CAHUAPANAS,SAN SALVADOR,CAHUAPANAS,DATEM DEL MARAÑON,,0,0,0,0,0,1,0,0,0,0,0,0,0,0,NO
SANTA CLARA_CAHUAPANAS,SANTA CLARA_CAHUAPANAS,SANTA CLARA,CAHUAPANAS,DATEM DEL MARAÑON,17,0,0,1,1,0,0,0,0,0,58.82,58.82,0,0,0,NO
SANTA ELENA_CAHUAPANAS,SANTA ELENA_CAHUAPANAS,SANTA ELENA,CAHUAPANAS,DATEM DEL MARAÑON,140,0,1,0,0,0,1,0,0,7.14,0,0,0,7.14,0,NO
SANTA LUCIA_CAHUAPANAS,SANTA LUCIA_CAHUAPANAS,SANTA LUCIA,CAHUAPANAS,DATEM DEL MARAÑON,156,0,0,2,1,1,0,0,0,0,12.82,6.41,6.41,0,0,NO
SANTA MARIA DE CAHUAPANAS_CAHUAPANAS,SANTA MARIA DE CAHUAPANAS_CAHUAPANAS,SANTA MARIA DE CAHUAPANAS,CAHUAPANAS,DATEM DEL MARAÑON,705,0,0,0,0,3,1,1,0,0,0,0,4.26,1.42,1.42,NO
SANTA MARTHA_CAHUAPANAS,SANTA MARTHA_CAHUAPANAS,SANTA MARTHA,CAHUAPANAS,DATEM DEL MARAÑON,283,2,0,0,0,1,0,0,7.07,0,0,0,3.53,0,0,NO
SANTA ROSA_CAHUAPANAS,SANTA ROSA_CAHUAPANAS,SANTA ROSA,CAHUAPANAS,DATEM DEL MARAÑON,75,0,0,1,0,0,0,0,0,0,13.33,0,0,0,0,NO
SARGENTO PUÑO_CAHUAPANAS,SARGENTO PUÑO_CAHUAPANAS,SARGENTO PUÑO,CAHUAPANAS,DATEM DEL MARAÑON,,0,0,0,1,0,0,0,0,0,0,0,0,0,0,NO
SINCHI ROCA_CAHUAPANAS,SINCHI ROCA_CAHUAPANAS,SINCHI ROCA,CAHUAPANAS,DATEM DEL MARAÑON,80,0,0,0,0,0,0,1,0,0,0,0,0,0,12.5,NO
SANTA MARIA DE CAHUAPANAS_CAHUAPANAS,SANTA MARIA DE CAHUAPANAS_CAHUAPANAS,SANTA MARIA DE CAHUAPANAS,CAHUAPANAS,DATEM DEL MARAÑON,,0,0,1,6,6,1,5,0,0,0,0,0,0,0,NO
UNGURAHUI DE ARIPARI_CAHUAPANAS,UNGURAHUI DE ARIPARI_CAHUAPANAS,UNGURAHUI DE ARIPARI,CAHUAPANAS,DATEM DEL MARAÑON,44,0,1,0,0,7,21,40,0,22.73,0,0,159.09,477.27,909.09,NO
UNION_CAHUAPANAS,UNION_CAHUAPANAS,UNION,CAHUAPANAS,DATEM DEL MARAÑON,,0,0,0,0,0,1,0,0,0,0,0,0,0,0,NO
YANKUNTICH_CAHUAPANAS,YANKUNTICH_CAHUAPANAS,YANKUNTICH,CAHUAPANAS,DATEM DEL MARAÑON,,0,0,0,0,1,0,0,0,0,0,0,0,0,0,NO
SAPOTE_CAHUAPANAS,SAPOTE_CAHUAPANAS,SAPOTE,CAHUAPANAS,DATEM DEL MARAÑON,235,0,0,1,0,5,3,6,0,0,4.26,0,21.28,12.77,25.53,NO
28 DE JULIO_MANSERICHE,28 DE JULIO_MANSERICHE,28 DE JULIO,MANSERICHE,DATEM DEL MARAÑON,174,0,7,1,0,4,1,1,0,40.23,5.75,0,22.99,5.75,5.75,NO
ACAPULCO_MANSERICHE,ACAPULCO_MANSERICHE,ACAPULCO,MANSERICHE,DATEM DEL MARAÑON,95,0,0,0,0,1,0,0,0,0,0,0,10.53,0,0,NO
AJACHIN_MANSERICHE,AJACHIN_MANSERICHE,AJACHIN,MANSERICHE,DATEM DEL MARAÑON,258,0,0,1,0,2,1,0,0,0,3.88,0,7.75,3.88,0,NO
ALFONSO UGARTE_MANSERICHE,ALFONSO UGARTE_MANSERICHE,ALFONSO UGARTE,MANSERICHE,DATEM DEL MARAÑON,261,0,77,19,0,6,34,35,0,295.02,72.8,0,22.99,130.27,134.1,NO
ALFONSO UGARTE_MANSERICHE,ALFONSO UGARTE_MANSERICHE,ALFONSO UGARTE,MANSERICHE,DATEM DEL MARAÑON,269,0,0,0,0,10,5,0,0,0,0,0,37.17,18.59,0,NO
ATAHUALPA_MANSERICHE,ATAHUALPA_MANSERICHE,ATAHUALPA,MANSERICHE,DATEM DEL MARAÑON,414,0,2,68,0,28,49,2,0,4.83,164.25,0,67.63,118.36,4.83,NO
ATLANTIDA_MANSERICHE,ATLANTIDA_MANSERICHE,ATLANTIDA,MANSERICHE,DATEM DEL MARAÑON,91,13,25,26,0,27,2,0,142.86,274.73,285.71,0,296.7,21.98,0,NO
BETANIA_ANDOAS,BETANIA_ANDOAS,BETANIA,ANDOAS,DATEM DEL MARAÑON,141,0,0,0,0,0,1,0,0,0,0,0,0,7.09,0,NO
NUEVA BETEL_MANSERICHE,NUEVA BETEL_MANSERICHE,NUEVA BETEL,MANSERICHE,DATEM DEL MARAÑON,18,0,8,1,0,2,0,0,0,444.44,55.56,0,111.11,0,0,NO
BORJA_MANSERICHE,BORJA_MANSERICHE,BORJA,MANSERICHE,DATEM DEL MARAÑON,458,0,0,75,0,0,0,0,0,0,163.76,0,0,0,0,NO
CAPERNAUM_MANSERICHE,CAPERNAUM_MANSERICHE,CAPERNAUM,MANSERICHE,DATEM DEL MARAÑON,73,0,0,2,0,19,1,2,0,0,27.4,0,260.27,13.7,27.4,NO
CHAPIS_MANSERICHE,CHAPIS_MANSERICHE,CHAPIS,MANSERICHE,DATEM DEL MARAÑON,372,0,0,0,0,6,4,0,0,0,0,0,16.13,10.75,0,NO
CHORROS_MANSERICHE,CHORROS_MANSERICHE,CHORROS,MANSERICHE,DATEM DEL MARAÑON,63,0,0,0,0,1,0,0,0,0,0,0,15.87,0,0,NO
CHOTE_MANSERICHE,CHOTE_MANSERICHE,CHOTE,MANSERICHE,DATEM DEL MARAÑON,101,0,0,0,0,5,0,17,0,0,0,0,49.5,0,168.32,NO
COMUNIDAD 70_MANSERICHE,COMUNIDAD 70_MANSERICHE,COMUNIDAD 70,MANSERICHE,DATEM DEL MARAÑON,,0,0,1,1,0,23,3,0,0,0,0,0,0,0,NO
DISTRITO NO ES COMUNIDAD_MANSERICHE,#N/A,DISTRITO NO ES COMUNIDAD,MANSERICHE,DATEM DEL MARAÑON,,0,1,0,140,15,1,0,0,0,0,0,0,0,0,NO
EL BANCO_MANSERICHE,EL BANCO_MANSERICHE,EL BANCO,MANSERICHE,DATEM DEL MARAÑON,101,0,0,3,0,2,0,0,0,0,29.7,0,19.8,0,0,NO
CHOTE_MANSERICHE,CHOTE_MANSERICHE,CHOTE,MANSERICHE,DATEM DEL MARAÑON,69,1,6,60,0,6,13,6,14.49,86.96,869.57,0,86.96,188.41,86.96,NO
FELIX FLORES_MANSERICHE,FELIX FLORES_MANSERICHE,FELIX FLORES,MANSERICHE,DATEM DEL MARAÑON,209,0,0,1,0,1,0,0,0,0,4.78,0,4.78,0,0,NO
GASOLINA_MANSERICHE,GASOLINA_MANSERICHE,GASOLINA,MANSERICHE,DATEM DEL MARAÑON,88,0,0,2,0,0,0,0,0,0,22.73,0,0,0,0,NO
HUASCAR_MANSERICHE,HUASCAR_MANSERICHE,HUASCAR,MANSERICHE,DATEM DEL MARAÑON,64,0,0,0,17,3,0,0,0,0,0,265.63,46.88,0,0,NO
NUEVA ISRAEL_MANSERICHE,NUEVA ISRAEL_MANSERICHE,NUEVA ISRAEL,MANSERICHE,DATEM DEL MARAÑON,34,0,0,0,0,2,0,0,0,0,0,0,58.82,0,0,NO
NUEVA JERUSALEN_MANSERICHE,NUEVA JERUSALEN_MANSERICHE,NUEVA JERUSALEN,MANSERICHE,DATEM DEL MARAÑON,218,0,0,0,0,8,6,2,0,0,0,0,36.7,27.52,9.17,NO
NUEVA JERUSALEN_MANSERICHE,NUEVA JERUSALEN_MANSERICHE,NUEVA JERUSALEN,MANSERICHE,DATEM DEL MARAÑON,182,0,0,0,0,6,1,1,0,0,0,0,32.97,5.49,5.49,NO
KUJI_MANSERICHE,KUJI_MANSERICHE,KUJI,MANSERICHE,DATEM DEL MARAÑON,74,0,0,0,0,0,1,0,0,0,0,0,0,13.51,0,NO
LIBANO_MANSERICHE,LIBANO_MANSERICHE,LIBANO,MANSERICHE,DATEM DEL MARAÑON,55,0,0,0,0,1,0,0,0,0,0,0,18.18,0,0,NO
PUERTO LIMON_MANSERICHE,PUERTO LIMON_MANSERICHE,PUERTO LIMON,MANSERICHE,DATEM DEL MARAÑON,111,0,0,0,8,18,0,1,0,0,0,72.07,162.16,0,9.01,NO
NACACUY_MANSERICHE,NACACUY_MANSERICHE,NACACUY,MANSERICHE,DATEM DEL MARAÑON,48,1,9,4,0,11,2,1,20.83,187.5,83.33,0,229.17,41.67,20.83,NO
NAPURUCA_MANSERICHE,NAPURUCA_MANSERICHE,NAPURUCA,MANSERICHE,DATEM DEL MARAÑON,281,0,0,1,0,1,5,25,0,0,3.56,0,3.56,17.79,88.97,NO
NAZARET_MANSERICHE,NAZARET_MANSERICHE,NAZARET,MANSERICHE,DATEM DEL MARAÑON,71,0,0,4,3,1,2,1,0,0,56.34,42.25,14.08,28.17,14.08,NO
NUEVA ALEGRIA_MANSERICHE,NUEVA ALEGRIA_MANSERICHE,NUEVA ALEGRIA,MANSERICHE,DATEM DEL MARAÑON,180,0,0,1,0,1,2,0,0,0,5.56,0,5.56,11.11,0,NO
NUEVA UNION_MANSERICHE,NUEVA UNION_MANSERICHE,NUEVA UNION,MANSERICHE,DATEM DEL MARAÑON,32,0,0,0,32,0,0,0,0,0,0,1000,0,0,0,NO
BELEN_MANSERICHE,BELEN_MANSERICHE,BELEN,MANSERICHE,DATEM DEL MARAÑON,58,0,0,0,0,0,1,0,0,0,0,0,0,17.24,0,NO
NUEVO CAJAMARCA_MANSERICHE,NUEVO CAJAMARCA_MANSERICHE,NUEVO CAJAMARCA,MANSERICHE,DATEM DEL MARAÑON,16,0,0,24,4,8,7,1,0,0,1500,250,500,437.5,62.5,NO
OROPRETO_MANSERICHE,OROPRETO_MANSERICHE,OROPRETO,MANSERICHE,DATEM DEL MARAÑON,63,0,0,0,0,8,1,2,0,0,0,0,126.98,15.87,31.75,NO
PALESTINA_MANSERICHE,PALESTINA_MANSERICHE,PALESTINA,MANSERICHE,DATEM DEL MARAÑON,132,0,0,0,0,3,59,1,0,0,0,0,22.73,446.97,7.58,NO
SANTA ROSA DE PIJUAYAL_MANSERICHE,SANTA ROSA DE PIJUAYAL_MANSERICHE,SANTA ROSA DE PIJUAYAL,MANSERICHE,DATEM DEL MARAÑON,175,0,0,0,0,0,4,0,0,0,0,0,0,22.86,0,NO
NUEVO PROGRESO_MANSERICHE,NUEVO PROGRESO_MANSERICHE,NUEVO PROGRESO,MANSERICHE,DATEM DEL MARAÑON,68,0,0,0,0,1,0,0,0,0,0,0,14.71,0,0,NO
PUERTO ELISA_MANSERICHE,PUERTO ELISA_MANSERICHE,PUERTO ELISA,MANSERICHE,DATEM DEL MARAÑON,351,0,5,1,7,3,1,0,0,14.25,2.85,19.94,8.55,2.85,0,NO
PUERTO LINDA_MANSERICHE,PUERTO LINDA_MANSERICHE,PUERTO LINDA,MANSERICHE,DATEM DEL MARAÑON,172,0,3,4,1,0,0,1,0,17.44,23.26,5.81,0,0,5.81,NO
SACHAPAPA_MANSERICHE,SACHAPAPA_MANSERICHE,SACHAPAPA,MANSERICHE,DATEM DEL MARAÑON,635,0,0,1,14,1,1,1,0,0,1.57,22.05,1.57,1.57,1.57,NO
SAN JUAN_MANSERICHE,SAN JUAN_MANSERICHE,SAN JUAN,MANSERICHE,DATEM DEL MARAÑON,411,0,2,17,0,3,10,26,0,4.87,41.36,0,7.3,24.33,63.26,NO
SAN JUAN_MANSERICHE,SAN JUAN_MANSERICHE,SAN JUAN,MANSERICHE,DATEM DEL MARAÑON,343,0,0,0,0,0,1,0,0,0,0,0,0,2.92,0,NO
SAN LORENZO_BARRANCA,SAN LORENZO_BARRANCA,SAN LORENZO,BARRANCA,DATEM DEL MARAÑON,7534,0,1,2,0,0,0,0,0,0.13,0.27,0,0,0,0,NO
SARAMIRIZA_MANSERICHE,SARAMIRIZA_MANSERICHE,SARAMIRIZA,MANSERICHE,DATEM DEL MARAÑON,18,1,3,3,0,5,1,0,55.56,166.67,166.67,0,277.78,55.56,0,NO
SETENTA_MANSERICHE,SETENTA_MANSERICHE,SETENTA,MANSERICHE,DATEM DEL MARAÑON,42,0,19,26,0,0,0,0,0,452.38,619.05,0,0,0,0,NO
SHIMPI_MANSERICHE,SHIMPI_MANSERICHE,SHIMPI,MANSERICHE,DATEM DEL MARAÑON,62,0,0,1,2,1,0,0,0,0,16.13,32.26,16.13,0,0,NO
SINCHI ROCA_MANSERICHE,SINCHI ROCA_MANSERICHE,SINCHI ROCA,MANSERICHE,DATEM DEL MARAÑON,202,1,0,0,0,68,38,2,4.95,0,0,0,336.63,188.12,9.9,NO
SOLEDAD_MANSERICHE,SOLEDAD_MANSERICHE,SOLEDAD,MANSERICHE,DATEM DEL MARAÑON,226,0,0,4,0,7,6,0,0,0,17.7,0,30.97,26.55,0,NO
SANTA ROSA_MANSERICHE,SANTA ROSA_MANSERICHE,SANTA ROSA,MANSERICHE,DATEM DEL MARAÑON,244,0,0,1,0,0,4,1,0,0,4.1,0,0,16.39,4.1,NO
TUPAC AMARU II_MANSERICHE,TUPAC AMARU II_MANSERICHE,TUPAC AMARU II,MANSERICHE,DATEM DEL MARAÑON,23,0,0,1,0,0,0,0,0,0,43.48,0,0,0,0,NO
VENCEDOR_MANSERICHE,VENCEDOR_MANSERICHE,VENCEDOR,MANSERICHE,DATEM DEL MARAÑON,84,0,1,0,0,0,0,0,0,11.9,0,0,0,0,0,NO
YANAYACU_MANSERICHE,YANAYACU_MANSERICHE,YANAYACU,MANSERICHE,DATEM DEL MARAÑON,91,0,0,0,0,0,3,0,0,0,0,0,0,32.97,0,NO
3 DE MAYO_MORONA,3 DE MAYO_MORONA,3 DE MAYO,MORONA,DATEM DEL MARAÑON,33,6,4,1,1,9,3,0,181.82,121.21,30.3,30.3,272.73,90.91,0,NO
ANKUASH_MORONA,ANKUASH_MORONA,ANKUASH,MORONA,DATEM DEL MARAÑON,42,0,4,0,0,6,4,0,0,95.24,0,0,142.86,95.24,0,NO
BAGASAN_MORONA,BAGASAN_MORONA,BAGASAN,MORONA,DATEM DEL MARAÑON,103,7,21,20,12,25,46,0,67.96,203.88,194.17,116.5,242.72,446.6,0,NO
BANCAL_MORONA,BANCAL_MORONA,BANCAL,MORONA,DATEM DEL MARAÑON,99,2,3,1,0,0,1,1,20.2,30.3,10.1,0,0,10.1,10.1,NO
BELLA VISTA_MORONA,BELLA VISTA_MORONA,BELLA VISTA,MORONA,DATEM DEL MARAÑON,43,0,3,10,2,6,2,1,0,69.77,232.56,46.51,139.53,46.51,23.26,NO
BRASILIA_MORONA,BRASILIA_MORONA,BRASILIA,MORONA,DATEM DEL MARAÑON,110,0,1,2,0,8,7,0,0,9.09,18.18,0,72.73,63.64,0,NO
CABALLITO_MORONA,CABALLITO_MORONA,CABALLITO,MORONA,DATEM DEL MARAÑON,185,15,41,19,25,149,105,5,81.08,221.62,102.7,135.14,805.41,567.57,27.03,NO
CAPIRONA_PASTAZA,CAPIRONA_PASTAZA,CAPIRONA,PASTAZA,DATEM DEL MARAÑON,32,1,0,10,3,16,18,1,31.25,0,312.5,93.75,500,562.5,31.25,NO
CHAYAT_MORONA,CHAYAT_MORONA,CHAYAT,MORONA,DATEM DEL MARAÑON,88,0,0,0,1,32,26,30,0,0,0,11.36,363.64,295.45,340.91,NO
CONSUELO_MORONA,CONSUELO_MORONA,CONSUELO,MORONA,DATEM DEL MARAÑON,129,0,0,0,0,9,5,0,0,0,0,0,69.77,38.76,0,NO
ES UN DISTRITO _MORONA,#N/A,ES UN DISTRITO ,MORONA,DATEM DEL MARAÑON,,0,0,0,0,2,0,0,0,0,0,0,0,0,0,NO
FERNANDO ROSAS_MORONA,FERNANDO ROSAS_MORONA,FERNANDO ROSAS,MORONA,DATEM DEL MARAÑON,91,6,25,20,22,31,26,0,65.93,274.73,219.78,241.76,340.66,285.71,0,NO
FILADELFIA_MORONA,FILADELFIA_MORONA,FILADELFIA,MORONA,DATEM DEL MARAÑON,67,0,0,1,0,0,0,0,0,0,14.93,0,0,0,0,NO
FORTALEZA_MORONA,FORTALEZA_MORONA,FORTALEZA,MORONA,DATEM DEL MARAÑON,32,1,4,4,2,10,7,0,31.25,125,125,62.5,312.5,218.75,0,NO
INCA ROCA_MORONA,INCA ROCA_MORONA,INCA ROCA,MORONA,DATEM DEL MARAÑON,390,16,64,22,25,131,100,2,41.03,164.1,56.41,64.1,335.9,256.41,5.13,NO
KATIRNA ETNZA_MORONA,KATIRNA ETNZA_MORONA,KATIRNA ETNZA,MORONA,DATEM DEL MARAÑON,69,0,1,1,2,2,2,2,0,14.49,14.49,28.99,28.99,28.99,28.99,NO
KUSUIMI_MORONA,KUSUIMI_MORONA,KUSUIMI,MORONA,DATEM DEL MARAÑON,128,0,0,0,0,1,0,0,0,0,0,0,7.81,0,0,NO
KUSUIMI_MORONA,KUSUIMI_MORONA,KUSUIMI,MORONA,DATEM DEL MARAÑON,128,1,3,0,0,2,2,2,7.81,23.44,0,0,15.63,15.63,15.63,NO
LUZ DEL ORIENTE_MORONA,LUZ DEL ORIENTE_MORONA,LUZ DEL ORIENTE,MORONA,DATEM DEL MARAÑON,27,23,22,1,3,5,1,0,851.85,814.81,37.04,111.11,185.19,37.04,0,NO
MAYURIAGA_MORONA,MAYURIAGA_MORONA,MAYURIAGA,MORONA,DATEM DEL MARAÑON,278,0,5,0,4,14,8,1,0,17.99,0,14.39,50.36,28.78,3.6,NO
MUSAKANDASHI_MORONA,MUSAKANDASHI_MORONA,MUSAKANDASHI,MORONA,DATEM DEL MARAÑON,40,9,21,4,1,13,9,0,225,525,100,25,325,225,0,NO
NARANJAL_MORONA,NARANJAL_MORONA,NARANJAL,MORONA,DATEM DEL MARAÑON,82,0,4,4,3,20,6,0,0,48.78,48.78,36.59,243.9,73.17,0,NO
NAZARETH_MORONA,NAZARETH_MORONA,NAZARETH,MORONA,DATEM DEL MARAÑON,203,1,4,2,3,14,21,0,4.93,19.7,9.85,14.78,68.97,103.45,0,NO
NO ES LOCALIDAD ES DISTRITO_MORONA,#N/A,NO ES LOCALIDAD ES DISTRITO,MORONA,DATEM DEL MARAÑON,,1,8,6,9,20,18,0,0,0,0,0,0,0,0,NO
NUEVA ALEGRIA_MORONA,NUEVA ALEGRIA_MORONA,NUEVA ALEGRIA,MORONA,DATEM DEL MARAÑON,136,0,4,4,0,3,8,1,0,29.41,29.41,0,22.06,58.82,7.35,NO
NUEVA ESPERANZA_MORONA,NUEVA ESPERANZA_MORONA,NUEVA ESPERANZA,MORONA,DATEM DEL MARAÑON,17,0,12,1,0,5,6,0,0,705.88,58.82,0,294.12,352.94,0,NO
NUEVO PARAGUA POZA_MORONA,NUEVO PARAGUA POZA_MORONA,NUEVO PARAGUA POZA,MORONA,DATEM DEL MARAÑON,,0,4,1,0,0,0,0,0,0,0,0,0,0,0,NO
NUEVA VIDA_MORONA,NUEVA VIDA_MORONA,NUEVA VIDA,MORONA,DATEM DEL MARAÑON,26,0,1,2,0,2,0,0,0,38.46,76.92,0,76.92,0,0,NO
NUEVO BARRANCA_MORONA,NUEVO BARRANCA_MORONA,NUEVO BARRANCA,MORONA,DATEM DEL MARAÑON,,0,0,1,0,1,0,0,0,0,0,0,0,0,0,NO
NUEVO JERUSALEM_MORONA,NUEVO JERUSALEM_MORONA,NUEVO JERUSALEM,MORONA,DATEM DEL MARAÑON,56,0,0,0,0,12,4,0,0,0,0,0,214.29,71.43,0,NO
NUEVO MILAGRO_MORONA,NUEVO MILAGRO_MORONA,NUEVO MILAGRO,MORONA,DATEM DEL MARAÑON,70,2,0,0,1,0,3,0,28.57,0,0,14.29,0,42.86,0,NO
NUEVO NAUTA_MORONA,#N/A,NUEVO NAUTA,MORONA,DATEM DEL MARAÑON,,1,2,0,0,5,2,0,0,0,0,0,0,0,0,NO
NUEVO PROGRESO_MORONA,NUEVO PROGRESO_MORONA,NUEVO PROGRESO,MORONA,DATEM DEL MARAÑON,112,0,1,1,0,10,6,12,0,8.93,8.93,0,89.29,53.57,107.14,NO
NUMPTKAIM_MORONA,NUMPTKAIM_MORONA,NUMPTKAIM,MORONA,DATEM DEL MARAÑON,93,1,0,3,0,8,13,0,10.75,0,32.26,0,86.02,139.78,0,NO
NUEVA CREACION CHAPRA_MORONA,NUEVA CREACION CHAPRA_MORONA,NUEVA CREACION CHAPRA,MORONA,DATEM DEL MARAÑON,33,5,0,4,1,0,2,0,151.52,0,121.21,30.3,0,60.61,0,NO
PALESTINA_MANSERICHE,PALESTINA_MANSERICHE,PALESTINA,MANSERICHE,DATEM DEL MARAÑON,,0,0,0,0,0,1,0,0,0,0,0,0,0,0,NO
PANA POZA_MORONA,PANA POZA_MORONA,PANA POZA,MORONA,DATEM DEL MARAÑON,52,0,0,0,0,1,0,0,0,0,0,0,19.23,0,0,NO
PANGUANITA_MORONA,PANGUANITA_MORONA,PANGUANITA,MORONA,DATEM DEL MARAÑON,80,2,12,12,2,16,19,0,25,150,150,25,200,237.5,0,NO
PANINTSA_MORONA,PANINTSA_MORONA,PANINTSA,MORONA,DATEM DEL MARAÑON,224,2,6,2,3,50,13,12,8.93,26.79,8.93,13.39,223.21,58.04,53.57,NO
PARAGUA POZA_MORONA,PARAGUA POZA_MORONA,PARAGUA POZA,MORONA,DATEM DEL MARAÑON,24,0,0,0,1,0,0,0,0,0,0,41.67,0,0,0,NO
PATRIA NUEVA_MORONA,PATRIA NUEVA_MORONA,PATRIA NUEVA,MORONA,DATEM DEL MARAÑON,48,1,2,0,5,5,0,1,20.83,41.67,0,104.17,104.17,0,20.83,NO
PUERTO PIJUAYAL_MORONA,PUERTO PIJUAYAL_MORONA,PUERTO PIJUAYAL,MORONA,DATEM DEL MARAÑON,284,0,0,0,0,0,3,0,0,0,0,0,0,10.56,0,NO
PUERTO PIJUAYAL_MORONA,PUERTO PIJUAYAL_MORONA,PUERTO PIJUAYAL,MORONA,DATEM DEL MARAÑON,284,7,71,35,26,73,83,2,24.65,250,123.24,91.55,257.04,292.25,7.04,NO
PINSHACOCHA_MORONA,PINSHACOCHA_MORONA,PINSHACOCHA,MORONA,DATEM DEL MARAÑON,60,0,1,0,0,0,0,0,0,16.67,0,0,0,0,0,NO
PUERTO ALEGRIA_MORONA,PUERTO ALEGRIA_MORONA,PUERTO ALEGRIA,MORONA,DATEM DEL MARAÑON,680,1,8,22,22,14,29,1,1.47,11.76,32.35,32.35,20.59,42.65,1.47,NO
PUERTO AMERICA_MORONA,PUERTO AMERICA_MORONA,PUERTO AMERICA,MORONA,DATEM DEL MARAÑON,621,2,103,60,0,11,16,7,3.22,165.86,96.62,0,17.71,25.76,11.27,NO
PUERTO JUAN_MORONA,PUERTO JUAN_MORONA,PUERTO JUAN,MORONA,DATEM DEL MARAÑON,148,0,2,0,0,2,0,2,0,13.51,0,0,13.51,0,13.51,NO
PUERTO LIBRE_MORONA,PUERTO LIBRE_MORONA,PUERTO LIBRE,MORONA,DATEM DEL MARAÑON,69,32,19,20,2,0,2,0,463.77,275.36,289.86,28.99,0,28.99,0,NO
PUERTO LUZ_MORONA,PUERTO LUZ_MORONA,PUERTO LUZ,MORONA,DATEM DEL MARAÑON,57,0,12,5,4,3,5,0,0,210.53,87.72,70.18,52.63,87.72,0,NO
PUTUNZA_MORONA,PUTUNZA_MORONA,PUTUNZA,MORONA,DATEM DEL MARAÑON,,0,0,0,0,3,0,0,0,0,0,0,0,0,0,NO
SAN FRANCISCO_MORONA,SAN FRANCISCO_MORONA,SAN FRANCISCO,MORONA,DATEM DEL MARAÑON,95,0,0,0,2,3,0,2,0,0,0,21.05,31.58,0,21.05,NO
NUEVO SAN JUAN_MORONA,NUEVO SAN JUAN_MORONA,NUEVO SAN JUAN,MORONA,DATEM DEL MARAÑON,333,4,21,45,36,41,37,3,12.01,63.06,135.14,108.11,123.12,111.11,9.01,NO
NUEVO SAN MARTIN_MORONA,NUEVO SAN MARTIN_MORONA,NUEVO SAN MARTIN,MORONA,DATEM DEL MARAÑON,62,0,0,1,0,0,1,0,0,0,16.13,0,0,16.13,0,NO
SAN SALVADOR_MORONA,SAN SALVADOR_MORONA,SAN SALVADOR,MORONA,DATEM DEL MARAÑON,34,3,10,0,7,1,6,0,88.24,294.12,0,205.88,29.41,176.47,0,NO
SANCHEZ CERRO_MORONA,SANCHEZ CERRO_MORONA,SANCHEZ CERRO,MORONA,DATEM DEL MARAÑON,82,26,9,2,11,21,13,11,317.07,109.76,24.39,134.15,256.1,158.54,134.15,NO
SANTA CRUZ_MORONA,SANTA CRUZ_MORONA,SANTA CRUZ,MORONA,DATEM DEL MARAÑON,112,0,2,4,9,3,6,0,0,17.86,35.71,80.36,26.79,53.57,0,NO
NUEVA SANTA ROSA_MORONA,NUEVA SANTA ROSA_MORONA,NUEVA SANTA ROSA,MORONA,DATEM DEL MARAÑON,122,0,0,0,4,0,10,0,0,0,0,32.79,0,81.97,0,NO
SARGENTO PUÑO_MORONA,SARGENTO PUÑO_MORONA,SARGENTO PUÑO,MORONA,DATEM DEL MARAÑON,,0,0,0,0,0,0,1,0,0,0,0,0,0,0,NO
SARGENTO PUÑO_MORONA,SARGENTO PUÑO_MORONA,SARGENTO PUÑO,MORONA,DATEM DEL MARAÑON,0,0,2,2,0,0,0,0,0,0,0,0,0,0,0,NO
SHAKAIN_MORONA,SHAKAIN_MORONA,SHAKAIN,MORONA,DATEM DEL MARAÑON,16,0,0,0,0,1,0,1,0,0,0,0,62.5,0,62.5,NO
SHAPAJA_MORONA,SHAPAJA_MORONA,SHAPAJA,MORONA,DATEM DEL MARAÑON,102,0,7,3,3,21,13,0,0,68.63,29.41,29.41,205.88,127.45,0,NO
SHINGUITO_MORONA,SHINGUITO_MORONA,SHINGUITO,MORONA,DATEM DEL MARAÑON,179,51,85,6,8,51,48,2,284.92,474.86,33.52,44.69,284.92,268.16,11.17,NO
SHINKIATAN_MORONA,SHINKIATAN_MORONA,SHINKIATAN,MORONA,DATEM DEL MARAÑON,98,0,0,0,7,2,2,0,0,0,0,71.43,20.41,20.41,0,NO
SHOROYACOCHA NUEVO_MORONA,SHOROYACOCHA NUEVO_MORONA,SHOROYACOCHA NUEVO,MORONA,DATEM DEL MARAÑON,164,30,74,20,8,24,17,2,182.93,451.22,121.95,48.78,146.34,103.66,12.2,NO
SHOROYA VIEJO_MORONA,SHOROYA VIEJO_MORONA,SHOROYA VIEJO,MORONA,DATEM DEL MARAÑON,52,24,52,7,8,15,14,0,461.54,1000,134.62,153.85,288.46,269.23,0,NO
TIERRA BLANCA_MORONA,TIERRA BLANCA_MORONA,TIERRA BLANCA,MORONA,DATEM DEL MARAÑON,24,0,0,0,3,1,0,0,0,0,0,125,41.67,0,0,NO
TIGRE YACU_MORONA,TIGRE YACU_MORONA,TIGRE YACU,MORONA,DATEM DEL MARAÑON,64,13,12,10,8,9,16,0,203.13,187.5,156.25,125,140.63,250,0,NO
TRIUNFO_MORONA,TRIUNFO_MORONA,TRIUNFO,MORONA,DATEM DEL MARAÑON,89,0,0,2,1,2,7,2,0,0,22.47,11.24,22.47,78.65,22.47,NO
TUNIME_MORONA,TUNIME_MORONA,TUNIME,MORONA,DATEM DEL MARAÑON,18,0,0,0,0,0,0,4,0,0,0,0,0,0,222.22,NO
UNANCHAY_MORONA,UNANCHAY_MORONA,UNANCHAY,MORONA,DATEM DEL MARAÑON,108,3,29,8,8,67,38,1,27.78,268.52,74.07,74.07,620.37,351.85,9.26,NO
UNION INDIGENA_MORONA,UNION INDIGENA_MORONA,UNION INDIGENA,MORONA,DATEM DEL MARAÑON,18,1,4,3,0,2,1,0,55.56,222.22,166.67,0,111.11,55.56,0,NO
UNKUM_MORONA,UNKUM_MORONA,UNKUM,MORONA,DATEM DEL MARAÑON,150,0,8,0,0,8,11,9,0,53.33,0,0,53.33,73.33,60,NO
VISTA ALEGRE_MORONA,VISTA ALEGRE_MORONA,VISTA ALEGRE,MORONA,DATEM DEL MARAÑON,43,0,1,0,2,1,1,0,0,23.26,0,46.51,23.26,23.26,0,NO
WASHIENZA_ANDOAS,WASHIENZA_ANDOAS,WASHIENZA,ANDOAS,DATEM DEL MARAÑON,607,0,0,0,0,1,0,0,0,0,0,0,1.65,0,0,NO
YAMAKAY_MORONA,YAMAKAY_MORONA,YAMAKAY,MORONA,DATEM DEL MARAÑON,131,1,2,4,2,5,6,1,7.63,15.27,30.53,15.27,38.17,45.8,7.63,NO
YANKUNTICH_MORONA,YANKUNTICH_MORONA,YANKUNTICH,MORONA,DATEM DEL MARAÑON,269,0,3,1,1,12,35,27,0,11.15,3.72,3.72,44.61,130.11,100.37,NO
YANKUNTSA_MORONA,YANKUNTSA_MORONA,YANKUNTSA,MORONA,DATEM DEL MARAÑON,51,0,2,1,0,6,1,1,0,39.22,19.61,0,117.65,19.61,19.61,NO
3 DE AGOSTO_PASTAZA,3 DE AGOSTO_PASTAZA,3 DE AGOSTO,PASTAZA,DATEM DEL MARAÑON,6,2,0,0,0,1,0,0,333.33,0,0,0,166.67,0,0,NO
AIMENTZA_PASTAZA,AIMENTZA_PASTAZA,AIMENTZA,PASTAZA,DATEM DEL MARAÑON,38,0,0,0,0,0,1,0,0,0,0,0,0,26.32,0,NO
PUERTO AKUMPARI_PASTAZA,PUERTO AKUMPARI_PASTAZA,PUERTO AKUMPARI,PASTAZA,DATEM DEL MARAÑON,24,0,0,21,34,15,5,0,0,0,875,1416.67,625,208.33,0,NO
ALIANZA CRISTIANA_ANDOAS,ALIANZA CRISTIANA_ANDOAS,ALIANZA CRISTIANA,ANDOAS,DATEM DEL MARAÑON,586,0,2,0,30,6,5,3,0,3.41,0,51.19,10.24,8.53,5.12,NO
ANDOAS VIEJO_ANDOAS,ANDOAS VIEJO_ANDOAS,ANDOAS VIEJO,ANDOAS,DATEM DEL MARAÑON,,0,0,0,0,0,0,1,0,0,0,0,0,0,0,NO
ANGUILLACOCHA_PASTAZA,ANGUILLACOCHA_PASTAZA,ANGUILLACOCHA,PASTAZA,DATEM DEL MARAÑON,,15,17,16,7,21,2,1,0,0,0,0,0,0,0,NO
BOBONAZO_ANDOAS,BOBONAZO_ANDOAS,BOBONAZO,ANDOAS,DATEM DEL MARAÑON,,0,0,0,6,0,0,0,0,0,0,0,0,0,0,NO
NUEVO CAMITO_PASTAZA,NUEVO CAMITO_PASTAZA,NUEVO CAMITO,PASTAZA,DATEM DEL MARAÑON,18,35,0,0,1,1,1,1,1944.44,0,0,55.56,55.56,55.56,55.56,NO
CALIFORNIA_PASTAZA,CALIFORNIA_PASTAZA,CALIFORNIA,PASTAZA,DATEM DEL MARAÑON,64,22,22,4,10,13,2,1,343.75,343.75,62.5,156.25,203.13,31.25,15.63,NO
CAMPO VERDE_PASTAZA,CAMPO VERDE_PASTAZA,CAMPO VERDE,PASTAZA,DATEM DEL MARAÑON,102,34,67,13,54,55,7,4,333.33,656.86,127.45,529.41,539.22,68.63,39.22,NO
CAPIRONA_PASTAZA,CAPIRONA_PASTAZA,CAPIRONA,PASTAZA,DATEM DEL MARAÑON,32,0,0,0,6,1,3,0,0,0,0,187.5,31.25,93.75,0,NO
KASIMIRO_PASTAZA,KASIMIRO_PASTAZA,KASIMIRO,PASTAZA,DATEM DEL MARAÑON,33,0,0,22,52,79,23,20,0,0,666.67,1575.76,2393.94,696.97,606.06,NO
CASPA COCHA_PASTAZA,CASPA COCHA_PASTAZA,CASPA COCHA,PASTAZA,DATEM DEL MARAÑON,84,91,86,73,118,134,62,30,1083.33,1023.81,869.05,1404.76,1595.24,738.1,357.14,NO
CASPA COCHA_PASTAZA,CASPA COCHA_PASTAZA,CASPA COCHA,PASTAZA,DATEM DEL MARAÑON,84,0,0,0,1,40,19,0,0,0,0,11.9,476.19,226.19,0,NO
CHAMBIRA_PASTAZA,CHAMBIRA_PASTAZA,CHAMBIRA,PASTAZA,DATEM DEL MARAÑON,141,1,0,0,63,21,6,3,7.09,0,0,446.81,148.94,42.55,21.28,NO
CHARAPA COCHA_PASTAZA,CHARAPA COCHA_PASTAZA,CHARAPA COCHA,PASTAZA,DATEM DEL MARAÑON,41,3,39,10,0,37,22,1,73.17,951.22,243.9,0,902.44,536.59,24.39,NO
CHICLIN_PASTAZA,CHICLIN_PASTAZA,CHICLIN,PASTAZA,DATEM DEL MARAÑON,10,6,23,8,0,0,1,0,600,2300,800,0,0,100,0,NO
CHIMARA_ANDOAS,CHIMARA_ANDOAS,CHIMARA,ANDOAS,DATEM DEL MARAÑON,27,0,0,1,1,0,0,0,0,0,37.04,37.04,0,0,0,NO
CHINTO_ANDOAS,CHINTO_ANDOAS,CHINTO,ANDOAS,DATEM DEL MARAÑON,177,0,0,0,0,2,3,0,0,0,0,0,11.3,16.95,0,NO
CHUINDA COCHA_PASTAZA,CHUINDA COCHA_PASTAZA,CHUINDA COCHA,PASTAZA,DATEM DEL MARAÑON,26,23,32,24,42,51,32,11,884.62,1230.77,923.08,1615.38,1961.54,1230.77,423.08,NO
CHUINTAR_ANDOAS,CHUINTAR_ANDOAS,CHUINTAR,ANDOAS,DATEM DEL MARAÑON,276,0,0,0,0,10,12,5,0,0,0,0,36.23,43.48,18.12,NO
SHURUNTSA_PASTAZA,SHURUNTSA_PASTAZA,SHURUNTSA,PASTAZA,DATEM DEL MARAÑON,,0,0,0,0,1,0,0,0,0,0,0,0,0,0,NO
CHURUS_ANDOAS,CHURUS_ANDOAS,CHURUS,ANDOAS,DATEM DEL MARAÑON,82,0,0,0,0,0,1,0,0,0,0,0,0,12.2,0,NO
PURAHUA_PASTAZA,PURAHUA_PASTAZA,PURAHUA,PASTAZA,DATEM DEL MARAÑON,237,0,0,0,0,3,2,0,0,0,0,0,12.66,8.44,0,NO
DOMINGO COCHA_PASTAZA,DOMINGO COCHA_PASTAZA,DOMINGO COCHA,PASTAZA,DATEM DEL MARAÑON,20,26,61,35,2,85,99,12,1300,3050,1750,100,4250,4950,600,NO
2 DE MAYO_PASTAZA,2 DE MAYO_PASTAZA,2 DE MAYO,PASTAZA,DATEM DEL MARAÑON,3,0,0,0,0,1,0,0,0,0,0,0,333.33,0,0,NO
ES UN DISTRITO_PASTAZA,#N/A,ES UN DISTRITO,PASTAZA,DATEM DEL MARAÑON,,1,3,11,1216,124,25,0,0,0,0,0,0,0,0,NO
ESPIRITU SANTO_ANDOAS,ESPIRITU SANTO_ANDOAS,ESPIRITU SANTO,ANDOAS,DATEM DEL MARAÑON,,0,0,0,0,1,0,0,0,0,0,0,0,0,0,NO
ESTEBAN COCHA_PASTAZA,ESTEBAN COCHA_PASTAZA,ESTEBAN COCHA,PASTAZA,DATEM DEL MARAÑON,32,40,38,30,21,35,12,1,1250,1187.5,937.5,656.25,1093.75,375,31.25,NO
HIFCO_PASTAZA,HIFCO_PASTAZA,HIFCO,PASTAZA,DATEM DEL MARAÑON,32,31,37,32,0,61,26,4,968.75,1156.25,1000,0,1906.25,812.5,125,NO
HORTENCIACOCHA_ANDOAS,HORTENCIACOCHA_ANDOAS,HORTENCIACOCHA,ANDOAS,DATEM DEL MARAÑON,186,1,1,4,4,12,3,0,5.38,5.38,21.51,21.51,64.52,16.13,0,NO
HUAMBRACOCHA_PASTAZA,HUAMBRACOCHA_PASTAZA,HUAMBRACOCHA,PASTAZA,DATEM DEL MARAÑON,47,0,2,6,0,4,8,10,0,42.55,127.66,0,85.11,170.21,212.77,NO
HUAMBRACOCHA_PASTAZA,HUAMBRACOCHA_PASTAZA,HUAMBRACOCHA,PASTAZA,DATEM DEL MARAÑON,50,24,19,23,22,58,4,0,480,380,460,440,1160,80,0,NO
IWAQUICOCHA_PASTAZA,IWAQUICOCHA_PASTAZA,IWAQUICOCHA,PASTAZA,DATEM DEL MARAÑON,34,23,30,19,31,38,15,2,676.47,882.35,558.82,911.76,1117.65,441.18,58.82,NO
IKA_PASTAZA,IKA_PASTAZA,IKA,PASTAZA,DATEM DEL MARAÑON,25,0,1,15,14,31,14,2,0,40,600,560,1240,560,80,NO
KUYUNTSA_BARRANCA,KUYUNTSA_BARRANCA,KUYUNTSA,BARRANCA,DATEM DEL MARAÑON,236,0,0,0,11,16,16,0,0,0,0,46.61,67.8,67.8,0,NO
LA CURVA_PASTAZA,LA CURVA_PASTAZA,LA CURVA,PASTAZA,DATEM DEL MARAÑON,87,13,51,27,0,52,20,1,149.43,586.21,310.34,0,597.7,229.89,11.49,NO
LAGO ANATICO - PERTENECE A ANDOAS_PASTAZA,#N/A,LAGO ANATICO - PERTENECE A ANDOAS,PASTAZA,DATEM DEL MARAÑON,209,0,0,0,0,0,1,0,0,0,0,0,0,4.78,0,NO
LIMONCOCHA_PASTAZA,LIMONCOCHA_PASTAZA,LIMONCOCHA,PASTAZA,DATEM DEL MARAÑON,45,0,0,0,6,33,27,15,0,0,0,133.33,733.33,600,333.33,NO
LIMONCOCHA_PASTAZA,LIMONCOCHA_PASTAZA,LIMONCOCHA,PASTAZA,DATEM DEL MARAÑON,240,25,23,9,4,11,0,0,104.17,95.83,37.5,16.67,45.83,0,0,NO
LOBOYACU_ANDOAS,LOBOYACU_ANDOAS,LOBOYACU,ANDOAS,DATEM DEL MARAÑON,391,0,1,0,1,4,2,0,0,2.56,0,2.56,10.23,5.12,0,NO
LOS JARDINES_PASTAZA,LOS JARDINES_PASTAZA,LOS JARDINES,PASTAZA,DATEM DEL MARAÑON,339,2,0,0,62,7,0,0,5.9,0,0,182.89,20.65,0,0,NO
VIEJO MAMBOYACU_PASTAZA,VIEJO MAMBOYACU_PASTAZA,VIEJO MAMBOYACU,PASTAZA,DATEM DEL MARAÑON,54,13,8,17,0,90,24,24,240.74,148.15,314.81,0,1666.67,444.44,444.44,NO
MONTERREY_PASTAZA,MONTERREY_PASTAZA,MONTERREY,PASTAZA,DATEM DEL MARAÑON,7,0,1,0,0,0,0,0,0,142.86,0,0,0,0,0,NO
MUSAKARUSHA_PASTAZA,MUSAKARUSHA_PASTAZA,MUSAKARUSHA,PASTAZA,DATEM DEL MARAÑON,55,27,76,12,0,48,41,13,490.91,1381.82,218.18,0,872.73,745.45,236.36,NO
MUSALUCERO_PASTAZA,#N/A,MUSALUCERO,PASTAZA,DATEM DEL MARAÑON,,0,0,7,0,7,2,0,0,0,0,0,0,0,0,NO
MUSAPUA_PASTAZA,MUSAPUA_PASTAZA,MUSAPUA,PASTAZA,DATEM DEL MARAÑON,12,0,2,7,8,8,2,0,0,166.67,583.33,666.67,666.67,166.67,0,NO
MUSAKARUSHA_PASTAZA,MUSAKARUSHA_PASTAZA,MUSAKARUSHA,PASTAZA,DATEM DEL MARAÑON,,0,0,0,2,1,2,1,0,0,0,0,0,0,0,NO
NARANJAL_ANDOAS,NARANJAL_ANDOAS,NARANJAL,ANDOAS,DATEM DEL MARAÑON,150,0,3,1,2,11,5,0,0,20,6.67,13.33,73.33,33.33,0,NO
NO PERTENECE A PASTAZA_PASTAZA,#N/A,NO PERTENECE A PASTAZA,PASTAZA,DATEM DEL MARAÑON,,0,0,8,3,5,1,3,0,0,0,0,0,0,0,NO
NUEVA ALIANZA_LAGUNAS,NUEVA ALIANZA_LAGUNAS,NUEVA ALIANZA,LAGUNAS,DATEM DEL MARAÑON,154,0,0,0,0,9,17,3,0,0,0,0,58.44,110.39,19.48,NO
NUEVA AMERICA_PASTAZA,NUEVA AMERICA_PASTAZA,NUEVA AMERICA,PASTAZA,DATEM DEL MARAÑON,23,20,23,11,206,31,15,1,869.57,1000,478.26,8956.52,1347.83,652.17,43.48,NO
NUEVO JERUSALEN_PASTAZA,NUEVO JERUSALEN_PASTAZA,NUEVO JERUSALEN,PASTAZA,DATEM DEL MARAÑON,30,19,42,42,2,70,57,7,633.33,1400,1400,66.67,2333.33,1900,233.33,NO
NUEVA UNION_PASTAZA,NUEVA UNION_PASTAZA,NUEVA UNION,PASTAZA,DATEM DEL MARAÑON,73,65,98,40,0,80,52,8,890.41,1342.47,547.95,0,1095.89,712.33,109.59,NO
NUEVA VIDA_PASTAZA,NUEVA VIDA_PASTAZA,NUEVA VIDA,PASTAZA,DATEM DEL MARAÑON,40,0,0,0,12,0,1,1,0,0,0,300,0,25,25,NO
NUEVA YARINA_PASTAZA,NUEVA YARINA_PASTAZA,NUEVA YARINA,PASTAZA,DATEM DEL MARAÑON,77,102,148,131,0,349,254,55,1324.68,1922.08,1701.3,0,4532.47,3298.7,714.29,NO
NUEVA ALEGRIA_PASTAZA,NUEVA ALEGRIA_PASTAZA,NUEVA ALEGRIA,PASTAZA,DATEM DEL MARAÑON,49,54,48,28,0,51,22,3,1102.04,979.59,571.43,0,1040.82,448.98,61.22,NO
NUEVA ALIANZA_LAGUNAS,NUEVA ALIANZA_LAGUNAS,NUEVA ALIANZA,LAGUNAS,DATEM DEL MARAÑON,154,19,19,6,0,0,0,0,123.38,123.38,38.96,0,0,0,0,NO
NUEVO ANDOAS_ANDOAS,NUEVO ANDOAS_ANDOAS,NUEVO ANDOAS,ANDOAS,DATEM DEL MARAÑON,844,2,0,1,2,1,0,0,2.37,0,1.18,2.37,1.18,0,0,NO
NUEVO ANGAIZA_PASTAZA,#N/A,NUEVO ANGAIZA,PASTAZA,DATEM DEL MARAÑON,,0,0,0,0,1,2,0,0,0,0,0,0,0,0,NO
NUEVO BELEN_PASTAZA,NUEVO BELEN_PASTAZA,NUEVO BELEN,PASTAZA,DATEM DEL MARAÑON,57,67,107,54,33,65,28,2,1175.44,1877.19,947.37,578.95,1140.35,491.23,35.09,NO
NUEVO CHIRIACO_PASTAZA,NUEVO CHIRIACO_PASTAZA,NUEVO CHIRIACO,PASTAZA,DATEM DEL MARAÑON,39,0,7,4,5,33,13,11,0,179.49,102.56,128.21,846.15,333.33,282.05,NO
NUEVO EGIPTO_PASTAZA,NUEVO EGIPTO_PASTAZA,NUEVO EGIPTO,PASTAZA,DATEM DEL MARAÑON,33,27,66,76,193,166,58,12,818.18,2000,2303.03,5848.48,5030.3,1757.58,363.64,NO
NUEVO LIMONCOCHA_PASTAZA,NUEVO LIMONCOCHA_PASTAZA,NUEVO LIMONCOCHA,PASTAZA,DATEM DEL MARAÑON,240,16,51,23,17,53,17,7,66.67,212.5,95.83,70.83,220.83,70.83,29.17,NO
NUEVO NAUTA_PASTAZA,NUEVO NAUTA_PASTAZA,NUEVO NAUTA,PASTAZA,DATEM DEL MARAÑON,,0,0,0,0,0,2,0,0,0,0,0,0,0,0,NO
NUEVO NAZARETH_PASTAZA,NUEVO NAZARETH_PASTAZA,NUEVO NAZARETH,PASTAZA,DATEM DEL MARAÑON,81,10,10,5,34,55,28,1,123.46,123.46,61.73,419.75,679.01,345.68,12.35,NO
NUEVO PERU_ANDOAS,NUEVO PERU_ANDOAS,NUEVO PERU,ANDOAS,DATEM DEL MARAÑON,284,0,0,0,0,7,1,0,0,0,0,0,24.65,3.52,0,NO
NUEVO PORVENIR_ANDOAS,NUEVO PORVENIR_ANDOAS,NUEVO PORVENIR,ANDOAS,DATEM DEL MARAÑON,,0,0,0,165,11,0,0,0,0,0,0,0,0,0,NO
NUEVO PROGRESO_PASTAZA,NUEVO PROGRESO_PASTAZA,NUEVO PROGRESO,PASTAZA,DATEM DEL MARAÑON,105,7,0,5,8,30,12,2,66.67,0,47.62,76.19,285.71,114.29,19.05,NO
PUERTO REQUENA_PASTAZA,PUERTO REQUENA_PASTAZA,PUERTO REQUENA,PASTAZA,DATEM DEL MARAÑON,22,0,11,12,13,30,18,6,0,500,545.45,590.91,1363.64,818.18,272.73,NO
NUEVA TANGAMA_PASTAZA,NUEVA TANGAMA_PASTAZA,NUEVA TANGAMA,PASTAZA,DATEM DEL MARAÑON,76,13,32,14,27,54,22,4,171.05,421.05,184.21,355.26,710.53,289.47,52.63,NO
NUEVO TOPAL_PASTAZA,NUEVO TOPAL_PASTAZA,NUEVO TOPAL,PASTAZA,DATEM DEL MARAÑON,85,1,0,0,0,0,0,0,11.76,0,0,0,0,0,0,NO
NUEVO UCAYALI_ANDOAS,NUEVO UCAYALI_ANDOAS,NUEVO UCAYALI,ANDOAS,DATEM DEL MARAÑON,84,0,0,1,3,7,2,0,0,0,11.9,35.71,83.33,23.81,0,NO
NUEVO UNGURAHUI_PASTAZA,NUEVO UNGURAHUI_PASTAZA,NUEVO UNGURAHUI,PASTAZA,DATEM DEL MARAÑON,70,0,0,0,0,1,0,8,0,0,0,0,14.29,0,114.29,NO
NUEVO UNGURAHUI_PASTAZA,NUEVO UNGURAHUI_PASTAZA,NUEVO UNGURAHUI,PASTAZA,DATEM DEL MARAÑON,89,44,80,25,0,21,10,0,494.38,898.88,280.9,0,235.96,112.36,0,NO
NUEVA GALILEA_PASTAZA,NUEVA GALILEA_PASTAZA,NUEVA GALILEA,PASTAZA,DATEM DEL MARAÑON,17,0,0,12,2,21,12,3,0,0,705.88,117.65,1235.29,705.88,176.47,NO
NUEVO LIMONCOCHA_PASTAZA,NUEVO LIMONCOCHA_PASTAZA,NUEVO LIMONCOCHA,PASTAZA,DATEM DEL MARAÑON,,0,1,0,0,0,0,0,0,0,0,0,0,0,0,NO
NUEVO CAIMITO_PASTAZA,NUEVO CAIMITO_PASTAZA,NUEVO CAIMITO,PASTAZA,DATEM DEL MARAÑON,88,1,45,17,19,3,5,2,11.36,511.36,193.18,215.91,34.09,56.82,22.73,NO
NUEVO CHINGANA_PASTAZA,NUEVO CHINGANA_PASTAZA,NUEVO CHINGANA,PASTAZA,DATEM DEL MARAÑON,58,10,36,15,18,27,18,3,172.41,620.69,258.62,310.34,465.52,310.34,51.72,NO
NUEVO HUAMBRACOCHA_PASTAZA,NUEVO HUAMBRACOCHA_PASTAZA,NUEVO HUAMBRACOCHA,PASTAZA,DATEM DEL MARAÑON,67,34,26,24,27,57,15,9,507.46,388.06,358.21,402.99,850.75,223.88,134.33,NO
PAMPA HERMOSA_ANDOAS,PAMPA HERMOSA_ANDOAS,PAMPA HERMOSA,ANDOAS,DATEM DEL MARAÑON,54,0,0,1,2,0,0,1,0,0,18.52,37.04,0,0,18.52,NO
PUERTO UNGURI_PASTAZA,PUERTO UNGURI_PASTAZA,PUERTO UNGURI,PASTAZA,DATEM DEL MARAÑON,,0,0,0,1,4,0,0,0,0,0,0,0,0,0,NO
PERTENECE A BARRANCA_PASTAZA,#N/A,PERTENECE A BARRANCA,PASTAZA,DATEM DEL MARAÑON,,0,1,0,0,1,4,0,0,0,0,0,0,0,0,NO
PORVENIR_BARRANCA,PORVENIR_BARRANCA,PORVENIR,BARRANCA,DATEM DEL MARAÑON,,0,0,0,0,0,3,0,0,0,0,0,0,0,0,NO
PUERTO MARASHO_PASTAZA,PUERTO MARASHO_PASTAZA,PUERTO MARASHO,PASTAZA,DATEM DEL MARAÑON,17,2,11,3,8,12,8,2,117.65,647.06,176.47,470.59,705.88,470.59,117.65,NO
PUERTO TANCHIMA_PASTAZA,PUERTO TANCHIMA_PASTAZA,PUERTO TANCHIMA,PASTAZA,DATEM DEL MARAÑON,17,3,30,19,19,42,11,4,176.47,1764.71,1117.65,1117.65,2470.59,647.06,235.29,NO
MACHIQUINA_PASTAZA,MACHIQUINA_PASTAZA,MACHIQUINA,PASTAZA,DATEM DEL MARAÑON,34,2,1,2,11,16,7,0,58.82,29.41,58.82,323.53,470.59,205.88,0,NO
PUERTO WICHI_PASTAZA,PUERTO WICHI_PASTAZA,PUERTO WICHI,PASTAZA,DATEM DEL MARAÑON,,20,70,31,38,60,32,13,0,0,0,0,0,0,0,NO
SUNGACHE_ANDOAS,SUNGACHE_ANDOAS,SUNGACHE,ANDOAS,DATEM DEL MARAÑON,8,0,0,0,0,5,2,0,0,0,0,0,625,250,0,NO
PUCACURO_PASTAZA,PUCACURO_PASTAZA,PUCACURO,PASTAZA,DATEM DEL MARAÑON,,0,0,0,0,0,1,0,0,0,0,0,0,0,0,NO
PUERTO UNGURI_PASTAZA,PUERTO UNGURI_PASTAZA,PUERTO UNGURI,PASTAZA,DATEM DEL MARAÑON,95,77,54,42,55,26,8,28,810.53,568.42,442.11,578.95,273.68,84.21,294.74,NO
PUERTO AGUAJAL_PASTAZA,PUERTO AGUAJAL_PASTAZA,PUERTO AGUAJAL,PASTAZA,DATEM DEL MARAÑON,37,0,18,9,15,21,22,5,0,486.49,243.24,405.41,567.57,594.59,135.14,NO
PUERTO AGUAJAL_PASTAZA,PUERTO AGUAJAL_PASTAZA,PUERTO AGUAJAL,PASTAZA,DATEM DEL MARAÑON,37,23,5,0,0,0,0,0,621.62,135.14,0,0,0,0,0,NO
PUERTO AKUMPARI_PASTAZA,PUERTO AKUMPARI_PASTAZA,PUERTO AKUMPARI,PASTAZA,DATEM DEL MARAÑON,24,0,0,0,30,64,38,0,0,0,0,1250,2666.67,1583.33,0,NO
PUERTO ALEGRIA_PASTAZA,PUERTO ALEGRIA_PASTAZA,PUERTO ALEGRIA,PASTAZA,DATEM DEL MARAÑON,247,0,0,0,1,1,2,0,0,0,0,4.05,4.05,8.1,0,NO
PUERTO ANGARA_PASTAZA,PUERTO ANGARA_PASTAZA,PUERTO ANGARA,PASTAZA,DATEM DEL MARAÑON,92,108,153,62,38,173,76,15,1173.91,1663.04,673.91,413.04,1880.43,826.09,163.04,NO
PUERTO ARAMENA_PASTAZA,PUERTO ARAMENA_PASTAZA,PUERTO ARAMENA,PASTAZA,DATEM DEL MARAÑON,17,0,0,12,24,30,13,6,0,0,705.88,1411.76,1764.71,764.71,352.94,NO
PUERTO BARRANQUILLO_PASTAZA,PUERTO BARRANQUILLO_PASTAZA,PUERTO BARRANQUILLO,PASTAZA,DATEM DEL MARAÑON,140,135,176,110,113,305,190,56,964.29,1257.14,785.71,807.14,2178.57,1357.14,400,NO
PUERTO BASHIRI_PASTAZA,PUERTO BASHIRI_PASTAZA,PUERTO BASHIRI,PASTAZA,DATEM DEL MARAÑON,28,13,34,8,24,29,16,11,464.29,1214.29,285.71,857.14,1035.71,571.43,392.86,NO
PUERTO BELEN_PASTAZA,PUERTO BELEN_PASTAZA,PUERTO BELEN,PASTAZA,DATEM DEL MARAÑON,48,82,128,75,0,125,65,0,1708.33,2666.67,1562.5,0,2604.17,1354.17,0,NO
PUERTO BISHI_PASTAZA,PUERTO BISHI_PASTAZA,PUERTO BISHI,PASTAZA,DATEM DEL MARAÑON,,3,21,15,40,82,74,14,0,0,0,0,0,0,0,NO
PUERTO CAIMITO_PASTAZA,PUERTO CAIMITO_PASTAZA,PUERTO CAIMITO,PASTAZA,DATEM DEL MARAÑON,20,0,39,23,30,80,17,4,0,1950,1150,1500,4000,850,200,NO
CHINGANA_PASTAZA,CHINGANA_PASTAZA,CHINGANA,PASTAZA,DATEM DEL MARAÑON,85,26,105,23,0,84,53,17,305.88,1235.29,270.59,0,988.24,623.53,200,NO
PUERTO CHUCHUWASHI_PASTAZA,PUERTO CHUCHUWASHI_PASTAZA,PUERTO CHUCHUWASHI,PASTAZA,DATEM DEL MARAÑON,,0,0,7,10,7,6,4,0,0,0,0,0,0,0,NO
PUERTO CHUINDA_PASTAZA,PUERTO CHUINDA_PASTAZA,PUERTO CHUINDA,PASTAZA,DATEM DEL MARAÑON,31,32,86,53,38,83,37,5,1032.26,2774.19,1709.68,1225.81,2677.42,1193.55,161.29,NO
PUERTO DIAZ_PASTAZA,PUERTO DIAZ_PASTAZA,PUERTO DIAZ,PASTAZA,DATEM DEL MARAÑON,84,20,25,9,1,8,6,1,238.1,297.62,107.14,11.9,95.24,71.43,11.9,NO
PUERTO GALILEA_ANDOAS,PUERTO GALILEA_ANDOAS,PUERTO GALILEA,ANDOAS,DATEM DEL MARAÑON,143,0,0,0,0,0,1,0,0,0,0,0,0,6.99,0,NO
PUERTO GALILEA_ANDOAS,PUERTO GALILEA_ANDOAS,PUERTO GALILEA,ANDOAS,DATEM DEL MARAÑON,143,0,3,0,0,0,1,0,0,20.98,0,0,0,6.99,0,NO
PUERTO INDUSTRIAL_PASTAZA,PUERTO INDUSTRIAL_PASTAZA,PUERTO INDUSTRIAL,PASTAZA,DATEM DEL MARAÑON,,0,1,2,1,6,0,0,0,0,0,0,0,0,0,NO
PUERTO LIMON_PASTAZA,PUERTO LIMON_PASTAZA,PUERTO LIMON,PASTAZA,DATEM DEL MARAÑON,,0,0,0,2,0,1,0,0,0,0,0,0,0,0,NO
PUERTO MATIWA_PASTAZA,PUERTO MATIWA_PASTAZA,PUERTO MATIWA,PASTAZA,DATEM DEL MARAÑON,21,18,53,14,25,63,45,7,857.14,2523.81,666.67,1190.48,3000,2142.86,333.33,NO
PUERTO MAYNA_PASTAZA,PUERTO MAYNA_PASTAZA,PUERTO MAYNA,PASTAZA,DATEM DEL MARAÑON,14,4,13,16,10,15,14,3,285.71,928.57,1142.86,714.29,1071.43,1000,214.29,NO
PUERTO MINLLA_PASTAZA,PUERTO MINLLA_PASTAZA,PUERTO MINLLA,PASTAZA,DATEM DEL MARAÑON,13,1,8,3,9,10,6,3,76.92,615.38,230.77,692.31,769.23,461.54,230.77,NO
PUERTO NUEVO_PASTAZA,PUERTO NUEVO_PASTAZA,PUERTO NUEVO,PASTAZA,DATEM DEL MARAÑON,16,0,0,3,1,41,15,2,0,0,187.5,62.5,2562.5,937.5,125,NO
PUERTO PIJUAYAL_PASTAZA,PUERTO PIJUAYAL_PASTAZA,PUERTO PIJUAYAL,PASTAZA,DATEM DEL MARAÑON,166,0,0,1,2,10,11,1,0,0,6.02,12.05,60.24,66.27,6.02,NO
PUERTO PIJUAYAL_PASTAZA,PUERTO PIJUAYAL_PASTAZA,PUERTO PIJUAYAL,PASTAZA,DATEM DEL MARAÑON,166,0,0,2,15,23,14,1,0,0,12.05,90.36,138.55,84.34,6.02,NO
PUERTO PIRUMBA / PIRUMBACOCHA_PASTAZA,PUERTO PIRUMBA / PIRUMBACOCHA_PASTAZA,PUERTO PIRUMBA / PIRUMBACOCHA,PASTAZA,DATEM DEL MARAÑON,113,82,128,42,57,75,46,6,725.66,1132.74,371.68,504.42,663.72,407.08,53.1,NO
PUERTO REQUENA_PASTAZA,PUERTO REQUENA_PASTAZA,PUERTO REQUENA,PASTAZA,DATEM DEL MARAÑON,22,130,115,92,0,149,151,24,5909.09,5227.27,4181.82,0,6772.73,6863.64,1090.91,NO
PUERTO RUBINA_ANDOAS,PUERTO RUBINA_ANDOAS,PUERTO RUBINA,ANDOAS,DATEM DEL MARAÑON,281,0,0,0,0,4,4,0,0,0,0,0,14.23,14.23,0,NO
PUERTO RUBINA_ANDOAS,PUERTO RUBINA_ANDOAS,PUERTO RUBINA,ANDOAS,DATEM DEL MARAÑON,281,0,0,0,0,1,0,0,0,0,0,0,3.56,0,0,NO
PUERTO SHKEWINA_PASTAZA,PUERTO SHKEWINA_PASTAZA,PUERTO SHKEWINA,PASTAZA,DATEM DEL MARAÑON,,43,93,57,39,82,32,4,0,0,0,0,0,0,0,NO
SUNGACHE_ANDOAS,SUNGACHE_ANDOAS,SUNGACHE,ANDOAS,DATEM DEL MARAÑON,,6,5,0,2,0,0,0,0,0,0,0,0,0,0,NO
PUERTO TANGAMA_PASTAZA,PUERTO TANGAMA_PASTAZA,PUERTO TANGAMA,PASTAZA,DATEM DEL MARAÑON,76,86,89,32,42,55,40,5,1131.58,1171.05,421.05,552.63,723.68,526.32,65.79,NO
PUERTO UNGURI_PASTAZA,PUERTO UNGURI_PASTAZA,PUERTO UNGURI,PASTAZA,DATEM DEL MARAÑON,95,0,0,0,0,72,26,1,0,0,0,0,757.89,273.68,10.53,NO
PUERTO UNGURI_PASTAZA,PUERTO UNGURI_PASTAZA,PUERTO UNGURI,PASTAZA,DATEM DEL MARAÑON,,0,0,0,0,1,5,0,0,0,0,0,0,0,0,NO
PURANCHIM_ANDOAS,PURANCHIM_ANDOAS,PURANCHIM,ANDOAS,DATEM DEL MARAÑON,355,0,0,0,0,0,1,0,0,0,0,0,0,2.82,0,NO
RECREO_PASTAZA,RECREO_PASTAZA,RECREO,PASTAZA,DATEM DEL MARAÑON,137,39,60,42,1,26,58,7,284.67,437.96,306.57,7.3,189.78,423.36,51.09,NO
SALASHCA_PASTAZA,SALASHCA_PASTAZA,SALASHCA,PASTAZA,DATEM DEL MARAÑON,9,0,0,3,1,1,2,0,0,0,333.33,111.11,111.11,222.22,0,NO
SAMARIA_PASTAZA,SAMARIA_PASTAZA,SAMARIA,PASTAZA,DATEM DEL MARAÑON,37,6,7,11,5,4,8,5,162.16,189.19,297.3,135.14,108.11,216.22,135.14,NO
SAN FERNANDO_ANDOAS,SAN FERNANDO_ANDOAS,SAN FERNANDO,ANDOAS,DATEM DEL MARAÑON,128,0,0,0,2,2,1,0,0,0,0,15.63,15.63,7.81,0,NO
SAN ISIDRO_PASTAZA,SAN ISIDRO_PASTAZA,SAN ISIDRO,PASTAZA,DATEM DEL MARAÑON,307,0,0,0,0,1,0,0,0,0,0,0,3.26,0,0,NO
SAN JUAN DEL MANCHARI_ANDOAS,SAN JUAN DEL MANCHARI_ANDOAS,SAN JUAN DEL MANCHARI,ANDOAS,DATEM DEL MARAÑON,343,0,0,1,0,11,14,0,0,0,2.92,0,32.07,40.82,0,NO
SAN RAMON_PASTAZA,SAN RAMON_PASTAZA,SAN RAMON,PASTAZA,DATEM DEL MARAÑON,36,40,37,29,0,57,27,14,1111.11,1027.78,805.56,0,1583.33,750,388.89,NO
SANTA ANA_PASTAZA,SANTA ANA_PASTAZA,SANTA ANA,PASTAZA,DATEM DEL MARAÑON,406,97,74,194,2,35,7,1,238.92,182.27,477.83,4.93,86.21,17.24,2.46,NO
SANTA MARIA DE MANCHARI_ANDOAS,SANTA MARIA DE MANCHARI_ANDOAS,SANTA MARIA DE MANCHARI,ANDOAS,DATEM DEL MARAÑON,148,0,0,0,0,5,13,1,0,0,0,0,33.78,87.84,6.76,NO
SANTANDER_PASTAZA,SANTANDER_PASTAZA,SANTANDER,PASTAZA,DATEM DEL MARAÑON,36,4,8,7,0,4,4,0,111.11,222.22,194.44,0,111.11,111.11,0,NO
SHAMSHOCOCHA_PASTAZA,SHAMSHOCOCHA_PASTAZA,SHAMSHOCOCHA,PASTAZA,DATEM DEL MARAÑON,,0,0,0,10,3,8,0,0,0,0,0,0,0,0,NO
SIWIN_ANDOAS,SIWIN_ANDOAS,SIWIN,ANDOAS,DATEM DEL MARAÑON,257,0,0,0,0,3,2,0,0,0,0,0,11.67,7.78,0,NO
SOPLIN_ANDOAS,SOPLIN_ANDOAS,SOPLIN,ANDOAS,DATEM DEL MARAÑON,260,0,1,0,0,0,1,0,0,3.85,0,0,0,3.85,0,NO
SANTA MARTHA_PASTAZA,SANTA MARTHA_PASTAZA,SANTA MARTHA,PASTAZA,DATEM DEL MARAÑON,,0,0,0,0,1,0,0,0,0,0,0,0,0,0,NO
SUMBACHICOCHA_PASTAZA,SUMBACHICOCHA_PASTAZA,SUMBACHICOCHA,PASTAZA,DATEM DEL MARAÑON,29,17,16,30,34,87,16,7,586.21,551.72,1034.48,1172.41,3000,551.72,241.38,NO
SUNGACHICOCHA_PASTAZA,#N/A,SUNGACHICOCHA,PASTAZA,DATEM DEL MARAÑON,,0,1,0,0,2,1,1,0,0,0,0,0,0,0,NO
TAPASHI COCHA_PASTAZA,TAPASHI COCHA_PASTAZA,TAPASHI COCHA,PASTAZA,DATEM DEL MARAÑON,57,55,66,51,71,179,68,21,964.91,1157.89,894.74,1245.61,3140.35,1192.98,368.42,NO
TITIYACU_ANDOAS,TITIYACU_ANDOAS,TITIYACU,ANDOAS,DATEM DEL MARAÑON,167,10,0,1,0,0,0,0,59.88,0,5.99,0,0,0,0,NO
TRUENO COCHA_PASTAZA,TRUENO COCHA_PASTAZA,TRUENO COCHA,PASTAZA,DATEM DEL MARAÑON,251,172,201,42,123,132,72,15,685.26,800.8,167.33,490.04,525.9,286.85,59.76,NO
TSEKUNTSA_ANDOAS,TSEKUNTSA_ANDOAS,TSEKUNTSA,ANDOAS,DATEM DEL MARAÑON,260,0,0,0,0,1,3,0,0,0,0,0,3.85,11.54,0,NO
ULLPAYACU_PASTAZA,ULLPAYACU_PASTAZA,ULLPAYACU,PASTAZA,DATEM DEL MARAÑON,1416,155,266,133,14,214,98,16,109.46,187.85,93.93,9.89,151.13,69.21,11.3,NO
UNGUMAYO_PASTAZA,UNGUMAYO_PASTAZA,UNGUMAYO,PASTAZA,DATEM DEL MARAÑON,137,0,2,1,0,3,3,0,0,14.6,7.3,0,21.9,21.9,0,NO
UNION ANTONIETA_ANDOAS,UNION ANTONIETA_ANDOAS,UNION ANTONIETA,ANDOAS,DATEM DEL MARAÑON,95,0,0,1,0,0,1,0,0,0,10.53,0,0,10.53,0,NO
UROROCOCHA_PASTAZA,UROROCOCHA_PASTAZA,UROROCOCHA,PASTAZA,DATEM DEL MARAÑON,9,0,2,4,8,9,6,1,0,222.22,444.44,888.89,1000,666.67,111.11,NO
UWIJINT_PASTAZA,#N/A,UWIJINT,PASTAZA,DATEM DEL MARAÑON,338,0,0,0,28,7,2,0,0,0,0,82.84,20.71,5.92,0,NO
UWINTSA_ANDOAS,UWINTSA_ANDOAS,UWINTSA,ANDOAS,DATEM DEL MARAÑON,122,0,0,0,0,0,2,0,0,0,0,0,0,16.39,0,NO
WAMPINTZA_PASTAZA,WAMPINTZA_PASTAZA,WAMPINTZA,PASTAZA,DATEM DEL MARAÑON,,0,0,0,0,0,1,0,0,0,0,0,0,0,0,NO
WASHIENTSA_ANDOAS,WASHIENTSA_ANDOAS,WASHIENTSA,ANDOAS,DATEM DEL MARAÑON,607,0,0,0,0,5,3,0,0,0,0,0,8.24,4.94,0,NO
WAYUSENTZA_PASTAZA,WAYUSENTZA_PASTAZA,WAYUSENTZA,PASTAZA,DATEM DEL MARAÑON,,0,0,0,0,0,2,0,0,0,0,0,0,0,0,NO
WIJINT_PASTAZA,#N/A,WIJINT,PASTAZA,DATEM DEL MARAÑON,,0,0,0,0,5,3,0,0,0,0,0,0,0,0,NO
WISUM_ANDOAS,WISUM_ANDOAS,WISUM,ANDOAS,DATEM DEL MARAÑON,190,0,0,0,0,2,2,0,0,0,0,0,10.53,10.53,0,NO
YANACOCHA_PASTAZA,YANACOCHA_PASTAZA,YANACOCHA,PASTAZA,DATEM DEL MARAÑON,21,0,0,8,10,17,7,0,0,0,380.95,476.19,809.52,333.33,0,NO
1 DE MAYO_NAUTA,1 DE MAYO_NAUTA,1 DE MAYO,NAUTA,LORETO,87,0,0,0,1,1,1,0,0,0,0,11.49,11.49,11.49,0,NO
1 DE MAYO_NAUTA,1 DE MAYO_NAUTA,1 DE MAYO,NAUTA,LORETO,87,1,0,0,0,0,0,0,11.49,0,0,0,0,0,0,NO
2 DE MAYO_NAUTA,2 DE MAYO_NAUTA,2 DE MAYO,NAUTA,LORETO,199,2,0,1,2,2,2,1,10.05,0,5.03,10.05,10.05,10.05,5.03,NO
20 DE ENERO_NAUTA,20 DE ENERO_NAUTA,20 DE ENERO,NAUTA,LORETO,100,2,2,3,1,0,0,0,20,20,30,10,0,0,0,NO
23 DE JUNIO_NAUTA,23 DE JUNIO_NAUTA,23 DE JUNIO,NAUTA,LORETO,145,2,3,1,0,0,0,0,13.79,20.69,6.9,0,0,0,0,NO
28 DE JULIO_NAUTA,28 DE JULIO_NAUTA,28 DE JULIO,NAUTA,LORETO,34,16,8,26,3,5,3,0,470.59,235.29,764.71,88.24,147.06,88.24,0,NO
7 DE FEBRERO_NAUTA,7 DE FEBRERO_NAUTA,7 DE FEBRERO,NAUTA,LORETO,,0,0,1,0,0,0,0,0,0,0,0,0,0,0,NO
9 DE OCTUBRE_NAUTA,9 DE OCTUBRE_NAUTA,9 DE OCTUBRE,NAUTA,LORETO,,8,11,11,1,3,3,1,0,0,0,0,0,0,0,NO
ACCION POPULAR_NAUTA,ACCION POPULAR_NAUTA,ACCION POPULAR,NAUTA,LORETO,32,4,1,1,0,0,0,0,125,31.25,31.25,0,0,0,0,NO
ALFONSO UGARTE_NAUTA,ALFONSO UGARTE_NAUTA,ALFONSO UGARTE,NAUTA,LORETO,,0,0,5,1,0,0,0,0,0,0,0,0,0,0,NO
ALIANZA_NAUTA,ALIANZA_NAUTA,ALIANZA,NAUTA,LORETO,99,0,1,3,0,3,3,2,0,10.1,30.3,0,30.3,30.3,20.2,NO
AMAZONAS_NAUTA,AMAZONAS_NAUTA,AMAZONAS,NAUTA,LORETO,244,27,1,3,2,4,4,0,110.66,4.1,12.3,8.2,16.39,16.39,0,NO
AREQUIPA_NAUTA,AREQUIPA_NAUTA,AREQUIPA,NAUTA,LORETO,39,0,1,2,0,0,0,0,0,25.64,51.28,0,0,0,0,NO
BAGAZAN_NAUTA,BAGAZAN_NAUTA,BAGAZAN,NAUTA,LORETO,336,6,6,5,4,1,4,0,17.86,17.86,14.88,11.9,2.98,11.9,0,NO
BELLO HORIZONTE_NAUTA,BELLO HORIZONTE_NAUTA,BELLO HORIZONTE,NAUTA,LORETO,32,1,1,2,0,0,0,1,31.25,31.25,62.5,0,0,0,31.25,NO
BETHEL_NAUTA,BETHEL_NAUTA,BETHEL,NAUTA,LORETO,,0,0,0,0,0,1,0,0,0,0,0,0,0,0,NO
BETSAIDA_NAUTA,BETSAIDA_NAUTA,BETSAIDA,NAUTA,LORETO,76,0,5,6,1,0,1,0,0,65.79,78.95,13.16,0,13.16,0,NO
BUEN RETIRO_NAUTA,BUEN RETIRO_NAUTA,BUEN RETIRO,NAUTA,LORETO,,0,0,0,0,1,0,0,0,0,0,0,0,0,0,NO
BUENA UNION_NAUTA,BUENA UNION_NAUTA,BUENA UNION,NAUTA,LORETO,184,0,1,0,0,0,0,0,0,5.43,0,0,0,0,0,NO
BUENOS AIRES_NAUTA,BUENOS AIRES_NAUTA,BUENOS AIRES,NAUTA,LORETO,56,0,0,4,0,1,0,0,0,0,71.43,0,17.86,0,0,NO
CRUZ CALVARIO_NAUTA,CRUZ CALVARIO_NAUTA,CRUZ CALVARIO,NAUTA,LORETO,,0,1,0,0,0,0,0,0,0,0,0,0,0,0,NO
EL CERRO_NAUTA,EL CERRO_NAUTA,EL CERRO,NAUTA,LORETO,96,15,16,19,7,39,5,0,156.25,166.67,197.92,72.92,406.25,52.08,0,NO
ESPARTA_NAUTA,ESPARTA_NAUTA,ESPARTA,NAUTA,LORETO,88,5,4,2,1,1,0,0,56.82,45.45,22.73,11.36,11.36,0,0,NO
FIRMEZA_NAUTA,FIRMEZA_NAUTA,FIRMEZA,NAUTA,LORETO,136,0,1,0,1,0,0,1,0,7.35,0,7.35,0,0,7.35,NO
FLORIDA_NAUTA,FLORIDA_NAUTA,FLORIDA,NAUTA,LORETO,,2,0,2,0,0,0,0,0,0,0,0,0,0,0,NO
GASPARITO_NAUTA,GASPARITO_NAUTA,GASPARITO,NAUTA,LORETO,,4,0,1,0,0,0,1,0,0,0,0,0,0,0,NO
GRAN PUNTA_NAUTA,GRAN PUNTA_NAUTA,GRAN PUNTA,NAUTA,LORETO,255,4,6,5,0,0,3,0,15.69,23.53,19.61,0,0,11.76,0,NO
MIGUEL GRAU_NAUTA,MIGUEL GRAU_NAUTA,MIGUEL GRAU,NAUTA,LORETO,441,5,7,8,2,1,2,1,11.34,15.87,18.14,4.54,2.27,4.54,2.27,NO
HIPOLITO UNANUE_NAUTA,HIPOLITO UNANUE_NAUTA,HIPOLITO UNANUE,NAUTA,LORETO,284,1,3,2,1,0,2,1,3.52,10.56,7.04,3.52,0,7.04,3.52,NO
HUANCAYO_NAUTA,HUANCAYO_NAUTA,HUANCAYO,NAUTA,LORETO,,0,1,0,0,0,0,0,0,0,0,0,0,0,0,NO
JAPON_YAVARI,JAPON_YAVARI,JAPON,YAVARI,LORETO,69,1,0,0,0,0,0,0,14.49,0,0,0,0,0,0,NO
JOSE OLAYA_NAUTA,JOSE OLAYA_NAUTA,JOSE OLAYA,NAUTA,LORETO,110,2,2,4,2,1,0,0,18.18,18.18,36.36,18.18,9.09,0,0,NO
LIBERTAD_NAUTA,LIBERTAD_NAUTA,LIBERTAD,NAUTA,LORETO,,2,15,0,4,1,0,0,0,0,0,0,0,0,0,NO
SAN JUAN DE LAGUNILLA_NAUTA,SAN JUAN DE LAGUNILLA_NAUTA,SAN JUAN DE LAGUNILLA,NAUTA,LORETO,,1,1,2,1,0,0,0,0,0,0,0,0,0,0,NO
LAS MALVINAS_NAUTA,LAS MALVINAS_NAUTA,LAS MALVINAS,NAUTA,LORETO,38,0,6,1,2,0,0,0,0,157.89,26.32,52.63,0,0,0,NO
LAS PALMAS_NAUTA,LAS PALMAS_NAUTA,LAS PALMAS,NAUTA,LORETO,51,0,1,2,0,0,0,0,0,19.61,39.22,0,0,0,0,NO
LISBOA_NAUTA,LISBOA_NAUTA,LISBOA,NAUTA,LORETO,144,1,26,1,2,1,0,1,6.94,180.56,6.94,13.89,6.94,0,6.94,NO
MIRAFLORES_NAUTA,MIRAFLORES_NAUTA,MIRAFLORES,NAUTA,LORETO,410,23,36,11,11,17,3,0,56.1,87.8,26.83,26.83,41.46,7.32,0,NO
MONTE ALEGRE_NAUTA,MONTE ALEGRE_NAUTA,MONTE ALEGRE,NAUTA,LORETO,83,2,3,1,3,0,0,1,24.1,36.14,12.05,36.14,0,0,12.05,NO
NAUTA_NAUTA,NAUTA_NAUTA,NAUTA,NAUTA,LORETO,12998,867,1134,2612,876,204,92,130,66.7,87.24,200.95,67.39,15.69,7.08,10,NO
NUEVA CONQUISTA_NAUTA,NUEVA CONQUISTA_NAUTA,NUEVA CONQUISTA,NAUTA,LORETO,48,12,17,15,3,5,2,0,250,354.17,312.5,62.5,104.17,41.67,0,NO
NUEVA UNION_NAUTA,NUEVA UNION_NAUTA,NUEVA UNION,NAUTA,LORETO,59,3,12,7,1,8,0,0,50.85,203.39,118.64,16.95,135.59,0,0,NO
NUEVA VIDA_NAUTA,NUEVA VIDA_NAUTA,NUEVA VIDA,NAUTA,LORETO,,1,0,3,0,1,0,0,0,0,0,0,0,0,0,NO
NUEVA YORK_NAUTA,NUEVA YORK_NAUTA,NUEVA YORK,NAUTA,LORETO,549,4,22,47,50,5,20,2,7.29,40.07,85.61,91.07,9.11,36.43,3.64,NO
NUEVO MIRAFLORES_NAUTA,NUEVO MIRAFLORES_NAUTA,NUEVO MIRAFLORES,NAUTA,LORETO,157,1,8,5,1,2,0,0,6.37,50.96,31.85,6.37,12.74,0,0,NO
NUEVO MUNDO_NAUTA,NUEVO MUNDO_NAUTA,NUEVO MUNDO,NAUTA,LORETO,120,0,3,0,0,0,0,0,0,25,0,0,0,0,0,NO
NUEVO SAN JUAN_NAUTA,NUEVO SAN JUAN_NAUTA,NUEVO SAN JUAN,NAUTA,LORETO,,0,0,1,9,0,0,0,0,0,0,0,0,0,0,NO
PAHUACHIRO_NAUTA,PAHUACHIRO_NAUTA,PAHUACHIRO,NAUTA,LORETO,,2,3,0,0,0,0,0,0,0,0,0,0,0,0,NO
PALIZADA_NAUTA,PALIZADA_NAUTA,PALIZADA,NAUTA,LORETO,388,5,6,7,2,1,1,0,12.89,15.46,18.04,5.15,2.58,2.58,0,NO
PAMPA CAÑO_NAUTA,PAMPA CAÑO_NAUTA,PAMPA CAÑO,NAUTA,LORETO,156,2,2,2,1,1,0,0,12.82,12.82,12.82,6.41,6.41,0,0,NO
PAMPA HERMOSA_NAUTA,PAMPA HERMOSA_NAUTA,PAMPA HERMOSA,NAUTA,LORETO,0,0,2,0,1,0,1,1,0,0,0,0,0,0,0,NO
PASTAZA_NAUTA,PASTAZA_NAUTA,PASTAZA,NAUTA,LORETO,,0,0,0,2,0,2,0,0,0,0,0,0,0,0,NO
PAYOROTE_NAUTA,PAYOROTE_NAUTA,PAYOROTE,NAUTA,LORETO,292,1,4,3,1,0,0,0,3.42,13.7,10.27,3.42,0,0,0,NO
PEÑA NEGRA_NAUTA,PEÑA NEGRA_NAUTA,PEÑA NEGRA,NAUTA,LORETO,59,0,0,0,0,1,0,0,0,0,0,0,16.95,0,0,NO
PUENTE ZARAGOZA_NAUTA,PUENTE ZARAGOZA_NAUTA,PUENTE ZARAGOZA,NAUTA,LORETO,,0,0,1,0,0,0,0,0,0,0,0,0,0,0,NO
PUERTO ALEGRIA_NAUTA,PUERTO ALEGRIA_NAUTA,PUERTO ALEGRIA,NAUTA,LORETO,55,9,12,4,1,1,0,0,163.64,218.18,72.73,18.18,18.18,0,0,NO
PUERTO AMERICA_NAUTA,PUERTO AMERICA_NAUTA,PUERTO AMERICA,NAUTA,LORETO,,0,0,0,1,0,0,0,0,0,0,0,0,0,0,NO
PUERTO ORLANDO_NAUTA,PUERTO ORLANDO_NAUTA,PUERTO ORLANDO,NAUTA,LORETO,136,0,9,1,0,0,0,0,0,66.18,7.35,0,0,0,0,NO
PUERTO PRADO_NAUTA,PUERTO PRADO_NAUTA,PUERTO PRADO,NAUTA,LORETO,61,3,0,3,0,1,0,0,49.18,0,49.18,0,16.39,0,0,NO
SAN ANTONIO_NAUTA,SAN ANTONIO_NAUTA,SAN ANTONIO,NAUTA,LORETO,56,2,0,0,1,0,1,0,35.71,0,0,17.86,0,17.86,0,NO
SAN FRANCISCO_NAUTA,SAN FRANCISCO_NAUTA,SAN FRANCISCO,NAUTA,LORETO,259,19,29,14,14,0,0,0,73.36,111.97,54.05,54.05,0,0,0,NO
SAN JACINTO_NAUTA,SAN JACINTO_NAUTA,SAN JACINTO,NAUTA,LORETO,131,0,2,3,1,0,0,0,0,15.27,22.9,7.63,0,0,0,NO
SAN JOAQUIN DE OMAGUAS_NAUTA,SAN JOAQUIN DE OMAGUAS_NAUTA,SAN JOAQUIN DE OMAGUAS,NAUTA,LORETO,424,1,1,2,3,0,0,1,2.36,2.36,4.72,7.08,0,0,2.36,NO
SAN JORGE_NAUTA,SAN JORGE_NAUTA,SAN JORGE,NAUTA,LORETO,332,4,2,6,0,1,0,0,12.05,6.02,18.07,0,3.01,0,0,NO
SAN JOSN_NAUTA,SAN JOSN_NAUTA,SAN JOSN,NAUTA,LORETO,,3,6,1,0,0,0,0,0,0,0,0,0,0,0,NO
SAN JOSE DE SARAPANGA_NAUTA,SAN JOSE DE SARAPANGA_NAUTA,SAN JOSE DE SARAPANGA,NAUTA,LORETO,73,2,2,3,2,0,0,0,27.4,27.4,41.1,27.4,0,0,0,NO
SAN JUAN_NAUTA,SAN JUAN_NAUTA,SAN JUAN,NAUTA,LORETO,,1,1,0,0,1,0,1,0,0,0,0,0,0,0,NO
SAN JUAN_NAUTA,SAN JUAN_NAUTA,SAN JUAN,NAUTA,LORETO,,5,0,1,2,0,2,1,0,0,0,0,0,0,0,NO
SAN JUAN DE LAGUNILLA_NAUTA,SAN JUAN DE LAGUNILLA_NAUTA,SAN JUAN DE LAGUNILLA,NAUTA,LORETO,284,0,2,6,0,0,0,0,0,7.04,21.13,0,0,0,0,NO
SAN JUAN DE PAVAYACU_NAUTA,SAN JUAN DE PAVAYACU_NAUTA,SAN JUAN DE PAVAYACU,NAUTA,LORETO,,0,0,1,0,3,1,1,0,0,0,0,0,0,0,NO
PURITANIA_NAUTA,PURITANIA_NAUTA,PURITANIA,NAUTA,LORETO,246,2,0,0,1,1,0,0,8.13,0,0,4.07,4.07,0,0,NO
SAN LUIS_NAUTA,SAN LUIS_NAUTA,SAN LUIS,NAUTA,LORETO,,0,0,0,0,0,2,0,0,0,0,0,0,0,0,NO
SAN MARTIN/SAN MARTIN DEL MARAÑON_NAUTA,SAN MARTIN/SAN MARTIN DEL MARAÑON_NAUTA,SAN MARTIN/SAN MARTIN DEL MARAÑON,NAUTA,LORETO,197,3,1,4,1,1,0,1,15.23,5.08,20.3,5.08,5.08,0,5.08,NO
SAN MIGUEL_PARINARI,SAN MIGUEL_PARINARI,SAN MIGUEL,PARINARI,LORETO,165,0,1,2,1,0,0,0,0,6.06,12.12,6.06,0,0,0,NO
SAN PEDRO DE TIPISHCA I ZONA_NAUTA,SAN PEDRO DE TIPISHCA I ZONA_NAUTA,SAN PEDRO DE TIPISHCA I ZONA,NAUTA,LORETO,,3,7,4,5,1,0,1,0,0,0,0,0,0,0,NO
SAN PEDRO ZONA II_NAUTA,SAN PEDRO ZONA II_NAUTA,SAN PEDRO ZONA II,NAUTA,LORETO,,3,4,4,2,0,0,0,0,0,0,0,0,0,0,NO
SAN RAFAEL DE TAPIRILLO_NAUTA,SAN RAFAEL DE TAPIRILLO_NAUTA,SAN RAFAEL DE TAPIRILLO,NAUTA,LORETO,117,0,1,1,1,0,0,0,0,8.55,8.55,8.55,0,0,0,NO
SAN RAMON_NAUTA,SAN RAMON_NAUTA,SAN RAMON,NAUTA,LORETO,122,1,1,1,0,1,0,0,8.2,8.2,8.2,0,8.2,0,0,NO
SAN REGIS_NAUTA,SAN REGIS_NAUTA,SAN REGIS,NAUTA,LORETO,862,13,29,46,10,12,2,1,15.08,33.64,53.36,11.6,13.92,2.32,1.16,NO
SAN ROQUE_PARINARI,SAN ROQUE_PARINARI,SAN ROQUE,PARINARI,LORETO,,0,4,1,0,1,0,0,0,0,0,0,0,0,0,NO
SANTA CRUZ_NAUTA,SANTA CRUZ_NAUTA,SANTA CRUZ,NAUTA,LORETO,220,16,3,7,3,0,0,0,72.73,13.64,31.82,13.64,0,0,0,NO
SANTA EMILIA_NAUTA,SANTA EMILIA_NAUTA,SANTA EMILIA,NAUTA,LORETO,122,178,204,252,37,57,24,4,1459.02,1672.13,2065.57,303.28,467.21,196.72,32.79,NO
SANTA FE_NAUTA,SANTA FE_NAUTA,SANTA FE,NAUTA,LORETO,161,7,1,9,1,3,4,1,43.48,6.21,55.9,6.21,18.63,24.84,6.21,NO
SANTA ISABEL DE YUMBATURO_NAUTA,SANTA ISABEL DE YUMBATURO_NAUTA,SANTA ISABEL DE YUMBATURO,NAUTA,LORETO,,0,1,0,0,0,0,0,0,0,0,0,0,0,0,NO
SANTA MARIA DE FATIMA_NAUTA,SANTA MARIA DE FATIMA_NAUTA,SANTA MARIA DE FATIMA,NAUTA,LORETO,100,0,2,1,0,0,0,0,0,20,10,0,0,0,0,NO
SANTA RITA DE FLORIDA_NAUTA,SANTA RITA DE FLORIDA_NAUTA,SANTA RITA DE FLORIDA,NAUTA,LORETO,122,0,2,2,0,2,1,0,0,16.39,16.39,0,16.39,8.2,0,NO
SANTA ROSA_NAUTA,SANTA ROSA_NAUTA,SANTA ROSA,NAUTA,LORETO,101,3,3,4,1,1,0,0,29.7,29.7,39.6,9.9,9.9,0,0,NO
SOLTERITO_NAUTA,SOLTERITO_NAUTA,SOLTERITO,NAUTA,LORETO,95,1,4,6,0,5,1,0,10.53,42.11,63.16,0,52.63,10.53,0,NO
SUCRE_NAUTA,SUCRE_NAUTA,SUCRE,NAUTA,LORETO,433,2,1,1,2,1,0,0,4.62,2.31,2.31,4.62,2.31,0,0,NO
TUPAC AMARU_NAUTA,TUPAC AMARU_NAUTA,TUPAC AMARU,NAUTA,LORETO,36,1,0,0,1,0,0,0,27.78,0,0,27.78,0,0,0,NO
URITUYACU_NAUTA,#N/A,URITUYACU,NAUTA,LORETO,,0,1,1,0,0,0,0,0,0,0,0,0,0,0,NO
VICTOR RAUL_NAUTA,VICTOR RAUL_NAUTA,VICTOR RAUL,NAUTA,LORETO,35,17,47,23,11,17,5,0,485.71,1342.86,657.14,314.29,485.71,142.86,0,NO
VILLA BUEN FIN_NAUTA,VILLA BUEN FIN_NAUTA,VILLA BUEN FIN,NAUTA,LORETO,44,0,0,2,0,0,0,0,0,0,45.45,0,0,0,0,NO
VILLA BUEN PASTOR_NAUTA,VILLA BUEN PASTOR_NAUTA,VILLA BUEN PASTOR,NAUTA,LORETO,,0,0,2,0,0,0,0,0,0,0,0,0,0,0,NO
VILLA CANAAN_NAUTA,VILLA CANAAN_NAUTA,VILLA CANAAN,NAUTA,LORETO,,1,3,13,2,0,0,0,0,0,0,0,0,0,0,NO
VILLA CRISTIANA_NAUTA,VILLA CRISTIANA_NAUTA,VILLA CRISTIANA,NAUTA,LORETO,57,1,1,0,0,0,0,0,17.54,17.54,0,0,0,0,0,NO
VILLA LUCERNA_NAUTA,VILLA LUCERNA_NAUTA,VILLA LUCERNA,NAUTA,LORETO,21,2,1,3,0,0,0,0,95.24,47.62,142.86,0,0,0,0,NO
VILLA NUEVO CRUZADORES_NAUTA,VILLA NUEVO CRUZADORES_NAUTA,VILLA NUEVO CRUZADORES,NAUTA,LORETO,37,1,0,0,0,0,0,0,27.03,0,0,0,0,0,0,NO
VILLA PUERTO CRUZ_NAUTA,VILLA PUERTO CRUZ_NAUTA,VILLA PUERTO CRUZ,NAUTA,LORETO,33,0,1,0,1,0,0,0,0,30.3,0,30.3,0,0,0,NO
YARINA_NAUTA,YARINA_NAUTA,YARINA,NAUTA,LORETO,112,6,0,0,1,1,0,2,53.57,0,0,8.93,8.93,0,17.86,NO
2 DE MAYO_PARINARI,2 DE MAYO_PARINARI,2 DE MAYO,PARINARI,LORETO,168,0,1,4,0,0,0,0,0,5.95,23.81,0,0,0,0,NO
YURICA 7 DE JUNIO_PARINARI,YURICA 7 DE JUNIO_PARINARI,YURICA 7 DE JUNIO,PARINARI,LORETO,,0,29,9,0,0,0,0,0,0,0,0,0,0,0,NO
ATENAS_PARINARI,ATENAS_PARINARI,ATENAS,PARINARI,LORETO,156,1,8,3,0,1,1,0,6.41,51.28,19.23,0,6.41,6.41,0,NO
BOLIVAR_PARINARI,BOLIVAR_PARINARI,BOLIVAR,PARINARI,LORETO,102,1,2,0,1,0,0,0,9.8,19.61,0,9.8,0,0,0,NO
BUENA VISTA JERUSALEN_PARINARI,BUENA VISTA JERUSALEN_PARINARI,BUENA VISTA JERUSALEN,PARINARI,LORETO,,0,0,1,0,0,0,0,0,0,0,0,0,0,0,NO
BUENA VISTA JERUSALEN_PARINARI,BUENA VISTA JERUSALEN_PARINARI,BUENA VISTA JERUSALEN,PARINARI,LORETO,69,0,2,0,0,1,0,0,0,28.99,0,0,14.49,0,0,NO
LEONCIO PRADO_PARINARI,LEONCIO PRADO_PARINARI,LEONCIO PRADO,PARINARI,LORETO,395,2,2,3,4,2,1,0,5.06,5.06,7.59,10.13,5.06,2.53,0,NO
MUNDIAL_PARINARI,MUNDIAL_PARINARI,MUNDIAL,PARINARI,LORETO,171,2,1,4,0,0,0,0,11.7,5.85,23.39,0,0,0,0,NO
NUEVO ARICA_PARINARI,NUEVO ARICA_PARINARI,NUEVO ARICA,PARINARI,LORETO,220,4,1,1,1,0,1,0,18.18,4.55,4.55,4.55,0,4.55,0,NO
NUEVA FORTUNA_PARINARI,NUEVA FORTUNA_PARINARI,NUEVA FORTUNA,PARINARI,LORETO,330,0,8,2,2,0,2,0,0,24.24,6.06,6.06,0,6.06,0,NO
NUEVA UNION_PARINARI,NUEVA UNION_PARINARI,NUEVA UNION,PARINARI,LORETO,81,0,1,1,3,0,0,0,0,12.35,12.35,37.04,0,0,0,NO
SANTA CRUZ DE PARINARI_PARINARI,SANTA CRUZ DE PARINARI_PARINARI,SANTA CRUZ DE PARINARI,PARINARI,LORETO,302,2,2,4,11,6,2,2,6.62,6.62,13.25,36.42,19.87,6.62,6.62,NO
PERTENECE AL DISTRITO DE TROMPETEROS_PARINARI,#N/A,PERTENECE AL DISTRITO DE TROMPETEROS,PARINARI,LORETO,,0,1,0,0,1,0,0,0,0,0,0,0,0,0,NO
ROCAFUERTE_PARINARI,ROCAFUERTE_PARINARI,ROCAFUERTE,PARINARI,LORETO,358,0,13,22,16,7,0,1,0,36.31,61.45,44.69,19.55,0,2.79,NO
SAN JOSE DE PARINARI_PARINARI,SAN JOSE DE PARINARI_PARINARI,SAN JOSE DE PARINARI,PARINARI,LORETO,373,3,7,7,2,1,3,0,8.04,18.77,18.77,5.36,2.68,8.04,0,NO
SAN JOSE DE SAMIRIA_PARINARI,SAN JOSE DE SAMIRIA_PARINARI,SAN JOSE DE SAMIRIA,PARINARI,LORETO,418,0,5,0,17,3,0,1,0,11.96,0,40.67,7.18,0,2.39,NO
SAN MARTIN DE TIPISHCA_PARINARI,SAN MARTIN DE TIPISHCA_PARINARI,SAN MARTIN DE TIPISHCA,PARINARI,LORETO,429,1,7,3,4,1,1,0,2.33,16.32,6.99,9.32,2.33,2.33,0,NO
SAN ROQUE_PARINARI,SAN ROQUE_PARINARI,SAN ROQUE,PARINARI,LORETO,367,20,175,32,13,28,5,1,54.5,476.84,87.19,35.42,76.29,13.62,2.72,NO
SANTA CLARA_PARINARI,SANTA CLARA_PARINARI,SANTA CLARA,PARINARI,LORETO,92,0,5,0,0,1,0,0,0,54.35,0,0,10.87,0,0,NO
SANTA ISABEL DE YUMBATURO_NAUTA,SANTA ISABEL DE YUMBATURO_NAUTA,SANTA ISABEL DE YUMBATURO,NAUTA,LORETO,150,1,1,6,1,0,0,0,6.67,6.67,40,6.67,0,0,0,NO
SANTA RITA DE CASTILLA_PARINARI,SANTA RITA DE CASTILLA_PARINARI,SANTA RITA DE CASTILLA,PARINARI,LORETO,973,8,24,29,15,4,2,1,8.22,24.67,29.8,15.42,4.11,2.06,1.03,NO
SANTA ROSA DE LAGARTO_PARINARI,SANTA ROSA DE LAGARTO_PARINARI,SANTA ROSA DE LAGARTO,PARINARI,LORETO,247,1,15,7,3,2,3,0,4.05,60.73,28.34,12.15,8.1,12.15,0,NO
SHAPAJILLA_PARINARI,SHAPAJILLA_PARINARI,SHAPAJILLA,PARINARI,LORETO,203,0,0,1,0,0,0,0,0,0,4.93,0,0,0,0,NO
TANGARANA_PARINARI,TANGARANA_PARINARI,TANGARANA,PARINARI,LORETO,85,0,1,0,0,1,0,0,0,11.76,0,0,11.76,0,0,NO
1 DE MAYO_TIGRE,1 DE MAYO_TIGRE,1 DE MAYO,TIGRE,LORETO,,0,0,0,1,0,0,0,0,0,0,0,0,0,0,NO
DOCE DE OCTUBRE_TIGRE,DOCE DE OCTUBRE_TIGRE,DOCE DE OCTUBRE,TIGRE,LORETO,463,7,47,107,839,348,821,79,15.12,101.51,231.1,1812.1,751.62,1773.22,170.63,NO
25 DE DICIEMBRE_TIGRE,25 DE DICIEMBRE_TIGRE,25 DE DICIEMBRE,TIGRE,LORETO,43,9,10,12,27,11,16,7,209.3,232.56,279.07,627.91,255.81,372.09,162.79,NO
28 DE JULIO_TIGRE,28 DE JULIO_TIGRE,28 DE JULIO,TIGRE,LORETO,424,426,547,367,391,214,128,28,1004.72,1290.09,865.57,922.17,504.72,301.89,66.04,NO
7 DE MARZO_TIGRE,7 DE MARZO_TIGRE,7 DE MARZO,TIGRE,LORETO,87,45,71,52,31,22,21,21,517.24,816.09,597.7,356.32,252.87,241.38,241.38,SI
ANDRES AVELINO CACERES_TIGRE,ANDRES AVELINO CACERES_TIGRE,ANDRES AVELINO CACERES,TIGRE,LORETO,,0,0,0,14,1,1,0,0,0,0,0,0,0,0,NO
ALFONSO UGARTE_TIGRE,ALFONSO UGARTE_TIGRE,ALFONSO UGARTE,TIGRE,LORETO,103,178,236,115,147,51,46,6,1728.16,2291.26,1116.5,1427.18,495.15,446.6,58.25,NO
ANDRES AVELINO CACERES_TIGRE,ANDRES AVELINO CACERES_TIGRE,ANDRES AVELINO CACERES,TIGRE,LORETO,72,0,3,2,38,7,45,2,0,41.67,27.78,527.78,97.22,625,27.78,NO
BELEN_TIGRE,BELEN_TIGRE,BELEN,TIGRE,LORETO,262,51,112,66,216,132,82,13,194.66,427.48,251.91,824.43,503.82,312.98,49.62,NO
NUEVO BELGICA_TIGRE,NUEVO BELGICA_TIGRE,NUEVO BELGICA,TIGRE,LORETO,40,13,27,29,8,27,11,1,325,675,725,200,675,275,25,NO
BELLAVISTA_TIGRE,BELLAVISTA_TIGRE,BELLAVISTA,TIGRE,LORETO,350,300,203,346,140,70,10,6,857.14,580,988.57,400,200,28.57,17.14,NO
BOLOGNESI_TIGRE,BOLOGNESI_TIGRE,BOLOGNESI,TIGRE,LORETO,0,0,0,3,3,2,1,0,0,0,0,0,0,0,0,NO
CABALLITO_TIGRE,CABALLITO_TIGRE,CABALLITO,TIGRE,LORETO,,0,0,0,1,1,0,0,0,0,0,0,0,0,0,NO
BELEN_TIGRE,BELEN_TIGRE,BELEN,TIGRE,LORETO,,0,2,0,1,0,2,1,0,0,0,0,0,0,0,NO
CONCORDIA_TIGRE,CONCORDIA_TIGRE,CONCORDIA,TIGRE,LORETO,,0,0,0,1,0,2,0,0,0,0,0,0,0,0,NO
CRISTO REY_TIGRE,CRISTO REY_TIGRE,CRISTO REY,TIGRE,LORETO,64,29,22,11,15,2,2,0,453.13,343.75,171.88,234.38,31.25,31.25,0,NO
ES UN DISTRITO NO LOCALIDAD_TIGRE,#N/A,ES UN DISTRITO NO LOCALIDAD,TIGRE,LORETO,,17,47,43,85,23,20,9,0,0,0,0,0,0,0,NO
HOREB_TIGRE,HOREB_TIGRE,HOREB,TIGRE,LORETO,38,0,24,7,31,4,0,0,0,631.58,184.21,815.79,105.26,0,0,NO
HUACACHINA_TIGRE,HUACACHINA_TIGRE,HUACACHINA,TIGRE,LORETO,308,166,143,236,189,221,32,16,538.96,464.29,766.23,613.64,717.53,103.9,51.95,NO
HUANCAVELICA_TIGRE,HUANCAVELICA_TIGRE,HUANCAVELICA,TIGRE,LORETO,,0,0,0,24,0,0,0,0,0,0,0,0,0,0,NO
INTUTO_TIGRE,INTUTO_TIGRE,INTUTO,TIGRE,LORETO,,1007,1739,1282,1330,906,660,131,0,0,0,0,0,0,0,NO
LAMAS TIPISHCA_TIGRE,LAMAS TIPISHCA_TIGRE,LAMAS TIPISHCA,TIGRE,LORETO,11,0,0,0,14,0,0,0,0,0,0,1272.73,0,0,0,NO
LAS MALVINAS_TIGRE,LAS MALVINAS_TIGRE,LAS MALVINAS,TIGRE,LORETO,90,79,2,78,85,22,7,0,877.78,22.22,866.67,944.44,244.44,77.78,0,NO
LIBERTAD_TIGRE,LIBERTAD_TIGRE,LIBERTAD,TIGRE,LORETO,459,187,376,264,202,170,286,169,407.41,819.17,575.16,440.09,370.37,623.09,368.19,SI
NUEVO MANCHURIA_TIGRE,NUEVO MANCHURIA_TIGRE,NUEVO MANCHURIA,TIGRE,LORETO,112,25,58,62,26,28,11,3,223.21,517.86,553.57,232.14,250,98.21,26.79,NO
MARSELLA_TIGRE,MARSELLA_TIGRE,MARSELLA,TIGRE,LORETO,133,6,15,16,105,51,87,0,45.11,112.78,120.3,789.47,383.46,654.14,0,NO
MIRAFLORES_TIGRE,MIRAFLORES_TIGRE,MIRAFLORES,TIGRE,LORETO,,2,2,0,0,1,4,0,0,0,0,0,0,0,0,NO
MONTE VERDE_TIGRE,MONTE VERDE_TIGRE,MONTE VERDE,TIGRE,LORETO,,25,45,108,31,37,32,44,0,0,0,0,0,0,0,NO
NAHUAPA_TIGRE,NAHUAPA_TIGRE,NAHUAPA,TIGRE,LORETO,,0,1,5,0,2,2,3,0,0,0,0,0,0,0,NO
NARANJAL_TIGRE,NARANJAL_TIGRE,NARANJAL,TIGRE,LORETO,,0,0,0,1,0,0,0,0,0,0,0,0,0,0,NO
NUEVA CONQUISTA_NAUTA,NUEVA CONQUISTA_NAUTA,NUEVA CONQUISTA,NAUTA,LORETO,,0,1,1,0,0,0,0,0,0,0,0,0,0,0,NO
NUEVA ESPERANZA_TIGRE,NUEVA ESPERANZA_TIGRE,NUEVA ESPERANZA,TIGRE,LORETO,,1,1,0,2,1,0,0,0,0,0,0,0,0,0,NO
NUEVA FIRMEZA_TIGRE,NUEVA FIRMEZA_TIGRE,NUEVA FIRMEZA,TIGRE,LORETO,,40,38,59,26,23,6,2,0,0,0,0,0,0,0,NO
NUEVA JERUSALEN_TIGRE,NUEVA JERUSALEN_TIGRE,NUEVA JERUSALEN,TIGRE,LORETO,91,0,0,3,11,16,56,0,0,0,32.97,120.88,175.82,615.38,0,NO
NUEVA UNION_TIGRE,NUEVA UNION_TIGRE,NUEVA UNION,TIGRE,LORETO,,0,0,0,0,2,0,1,0,0,0,0,0,0,0,NO
NUEVO BERLIN_TIGRE,NUEVO BERLIN_TIGRE,NUEVO BERLIN,TIGRE,LORETO,36,31,21,9,17,10,2,1,861.11,583.33,250,472.22,277.78,55.56,27.78,NO
NUEVO CANAAN_TIGRE,NUEVO CANAAN_TIGRE,NUEVO CANAAN,TIGRE,LORETO,,1,15,2,85,31,17,1,0,0,0,0,0,0,0,NO
HOREB_TIGRE,HOREB_TIGRE,HOREB,TIGRE,LORETO,,0,1,1,7,4,0,0,0,0,0,0,0,0,0,NO
NUEVO REMANENTE_TIGRE,NUEVO REMANENTE_TIGRE,NUEVO REMANENTE,TIGRE,LORETO,83,0,1,4,1,47,33,2,0,12.05,48.19,12.05,566.27,397.59,24.1,NO
NUEVO RETIRO_TIGRE,NUEVO RETIRO_TIGRE,NUEVO RETIRO,TIGRE,LORETO,78,13,3,16,8,15,7,4,166.67,38.46,205.13,102.56,192.31,89.74,51.28,NO
NUEVO TARMA_TIGRE,NUEVO TARMA_TIGRE,NUEVO TARMA,TIGRE,LORETO,,1,0,1,0,25,10,0,0,0,0,0,0,0,0,NO
NUEVO TRIUNFO_TIGRE,NUEVO TRIUNFO_TIGRE,NUEVO TRIUNFO,TIGRE,LORETO,,3,1,7,13,14,36,82,0,0,0,0,0,0,0,NO
HOREU_TIGRE,HOREU_TIGRE,HOREU,TIGRE,LORETO,,4,5,1,3,2,0,0,0,0,0,0,0,0,0,NO
PAICHE PLAYA_TIGRE,PAICHE PLAYA_TIGRE,PAICHE PLAYA,TIGRE,LORETO,41,8,8,25,99,69,31,3,195.12,195.12,609.76,2414.63,1682.93,756.1,73.17,NO
PAMPA HERMOSA_TIGRE,PAMPA HERMOSA_TIGRE,PAMPA HERMOSA,TIGRE,LORETO,16,4,12,4,30,7,30,0,250,750,250,1875,437.5,1875,0,NO
NUEVO PARAISO_TIGRE,NUEVO PARAISO_TIGRE,NUEVO PARAISO,TIGRE,LORETO,,40,22,38,42,20,3,0,0,0,0,0,0,0,0,NO
PAVAYACU_TIGRE,PAVAYACU_TIGRE,PAVAYACU,TIGRE,LORETO,,7,22,39,40,61,12,4,0,0,0,0,0,0,0,NO
PIURA_TIGRE,PIURA_TIGRE,PIURA,TIGRE,LORETO,431,140,179,352,183,97,63,7,324.83,415.31,816.71,424.59,225.06,146.17,16.24,NO
PLATANO_TIGRE,PLATANO_TIGRE,PLATANO,TIGRE,LORETO,,0,0,1,0,1,0,0,0,0,0,0,0,0,0,NO
PROVIDENCIA_TIGRE,PROVIDENCIA_TIGRE,PROVIDENCIA,TIGRE,LORETO,112,230,213,158,177,157,167,22,2053.57,1901.79,1410.71,1580.36,1401.79,1491.07,196.43,SI
SAN ANDRES_TIGRE,SAN ANDRES_TIGRE,SAN ANDRES,TIGRE,LORETO,130,44,66,70,68,69,22,3,338.46,507.69,538.46,523.08,530.77,169.23,23.08,NO
SAN CARLOS_TROMPETEROS,SAN CARLOS_TROMPETEROS,SAN CARLOS,TROMPETEROS,LORETO,,0,0,0,1,0,0,0,0,0,0,0,0,0,0,NO
SAN JORGE_TIGRE,SAN JORGE_TIGRE,SAN JORGE,TIGRE,LORETO,82,42,55,38,42,19,0,0,512.2,670.73,463.41,512.2,231.71,0,0,NO
SAN JUAN DE BARTRA_TIGRE,SAN JUAN DE BARTRA_TIGRE,SAN JUAN DE BARTRA,TIGRE,LORETO,142,4,15,4,100,30,40,5,28.17,105.63,28.17,704.23,211.27,281.69,35.21,NO
SAN JUAN DE PAVAYACU_TIGRE,SAN JUAN DE PAVAYACU_TIGRE,SAN JUAN DE PAVAYACU,TIGRE,LORETO,,32,154,232,400,235,255,31,0,0,0,0,0,0,0,NO
SANANGO_TIGRE,SANANGO_TIGRE,SANANGO,TIGRE,LORETO,,64,87,28,71,9,9,3,0,0,0,0,0,0,0,NO
SANTA CLARA DE YARINAL_TIGRE,SANTA CLARA DE YARINAL_TIGRE,SANTA CLARA DE YARINAL,TIGRE,LORETO,102,101,171,132,155,56,61,6,990.2,1676.47,1294.12,1519.61,549.02,598.04,58.82,NO
SANTA CRUZ_TIGRE,SANTA CRUZ_TIGRE,SANTA CRUZ,TIGRE,LORETO,78,18,28,37,20,15,1,0,230.77,358.97,474.36,256.41,192.31,12.82,0,NO
SANTA ELENA_TIGRE,SANTA ELENA_TIGRE,SANTA ELENA,TIGRE,LORETO,178,135,195,140,158,78,73,8,758.43,1095.51,786.52,887.64,438.2,410.11,44.94,NO
SANTA EMILIA_NAUTA,SANTA EMILIA_NAUTA,SANTA EMILIA,NAUTA,LORETO,,0,3,0,1,1,1,0,0,0,0,0,0,0,0,NO
SANTA FE_TIGRE,SANTA FE_TIGRE,SANTA FE,TIGRE,LORETO,72,10,5,32,30,40,89,25,138.89,69.44,444.44,416.67,555.56,1236.11,347.22,SI
SANTA MARIA DE PROVIDENCIA_TIGRE,SANTA MARIA DE PROVIDENCIA_TIGRE,SANTA MARIA DE PROVIDENCIA,TIGRE,LORETO,,0,1,1,1,0,3,0,0,0,0,0,0,0,0,NO
SANTA MARIA DE PROVIDENCIA_TIGRE,SANTA MARIA DE PROVIDENCIA_TIGRE,SANTA MARIA DE PROVIDENCIA,TIGRE,LORETO,,0,0,21,0,0,0,0,0,0,0,0,0,0,0,NO
SARGENTO LORES_TIGRE,SARGENTO LORES_TIGRE,SARGENTO LORES,TIGRE,LORETO,101,15,30,21,11,23,10,3,148.51,297.03,207.92,108.91,227.72,99.01,29.7,NO
NUEVO TARMA_TIGRE,NUEVO TARMA_TIGRE,NUEVO TARMA,TIGRE,LORETO,84,41,76,66,37,46,1,0,488.1,904.76,785.71,440.48,547.62,11.9,0,NO
TENIENTE RUIZ_TIGRE,TENIENTE RUIZ_TIGRE,TENIENTE RUIZ,TIGRE,LORETO,20,0,1,3,5,5,4,0,0,50,150,250,250,200,0,NO
TIWINSA_TIGRE,TIWINSA_TIGRE,TIWINSA,TIGRE,LORETO,,0,0,5,6,1,1,0,0,0,0,0,0,0,0,NO
URITUYACU_URARINAS,URITUYACU_URARINAS,URITUYACU,URARINAS,LORETO,,0,0,0,0,0,1,0,0,0,0,0,0,0,0,NO
VILLA TROMPETEROS_TROMPETEROS,VILLA TROMPETEROS_TROMPETEROS,VILLA TROMPETEROS,TROMPETEROS,LORETO,,0,0,0,0,0,1,0,0,0,0,0,0,0,0,NO
VISTA ALEGRE_TIGRE,VISTA ALEGRE_TIGRE,VISTA ALEGRE,TIGRE,LORETO,120,1,18,2,287,377,243,67,8.33,150,16.67,2391.67,3141.67,2025,558.33,SI
ALFONSO UGARTE_TIGRE,ALFONSO UGARTE_TIGRE,ALFONSO UGARTE,TIGRE,LORETO,,0,0,1,0,0,0,0,0,0,0,0,0,0,0,NO
ANDRES AVELINO CACERES_TROMPETEROS,ANDRES AVELINO CACERES_TROMPETEROS,ANDRES AVELINO CACERES,TROMPETEROS,LORETO,,0,0,0,1,0,1,0,0,0,0,0,0,0,0,NO
ANTIOQUIA_TROMPETEROS,ANTIOQUIA_TROMPETEROS,ANTIOQUIA,TROMPETEROS,LORETO,88,1,2,179,120,34,206,96,11.36,22.73,2034.09,1363.64,386.36,2340.91,1090.91,NO
BELEN_TROMPETEROS,BELEN_TROMPETEROS,BELEN,TROMPETEROS,LORETO,,0,0,0,2,2,0,0,0,0,0,0,0,0,0,NO
BELEN DE PLANTANOYACU_TROMPETEROS,BELEN DE PLANTANOYACU_TROMPETEROS,BELEN DE PLANTANOYACU,TROMPETEROS,LORETO,87,29,94,55,103,96,72,26,333.33,1080.46,632.18,1183.91,1103.45,827.59,298.85,NO
BOCA DE COPAL_TROMPETEROS,BOCA DE COPAL_TROMPETEROS,BOCA DE COPAL,TROMPETEROS,LORETO,134,46,166,186,112,128,65,2,343.28,1238.81,1388.06,835.82,955.22,485.07,14.93,NO
CUCHARA_TROMPETEROS,CUCHARA_TROMPETEROS,CUCHARA,TROMPETEROS,LORETO,158,99,129,170,63,19,11,2,626.58,816.46,1075.95,398.73,120.25,69.62,12.66,NO
2 DE MAYO_TROMPETEROS,2 DE MAYO_TROMPETEROS,2 DE MAYO,TROMPETEROS,LORETO,49,0,3,5,12,10,7,1,0,61.22,102.04,244.9,204.08,142.86,20.41,NO
ES UN DISTRITO NO LOCALIDAD_TROMPETEROS,#N/A,ES UN DISTRITO NO LOCALIDAD,TROMPETEROS,LORETO,,0,2,9,9,2,2,0,0,0,0,0,0,0,0,NO
JANERO_TROMPETEROS,JANERO_TROMPETEROS,JANERO,TROMPETEROS,LORETO,,0,1,0,0,1,0,0,0,0,0,0,0,0,0,NO
JOSE OLAYA_TROMPETEROS,JOSE OLAYA_TROMPETEROS,JOSE OLAYA,TROMPETEROS,LORETO,158,1,4,18,66,76,149,60,6.33,25.32,113.92,417.72,481.01,943.04,379.75,NO
LAS PALMERAS_TROMPETEROS,LAS PALMERAS_TROMPETEROS,LAS PALMERAS,TROMPETEROS,LORETO,57,16,66,19,15,15,10,1,280.7,1157.89,333.33,263.16,263.16,175.44,17.54,NO
NAHUAPA_TROMPETEROS,NAHUAPA_TROMPETEROS,NAHUAPA,TROMPETEROS,LORETO,,0,0,0,0,1,1,0,0,0,0,0,0,0,0,NO
Nueva Alianza_TROMPETEROS,NUEVA ALIANZA_TROMPETEROS,Nueva Alianza,TROMPETEROS,LORETO,,6,0,0,0,0,0,0,0,0,0,0,0,0,0,NO
NUEVO JERUSALEN_TROMPETEROS,NUEVO JERUSALEN_TROMPETEROS,NUEVO JERUSALEN,TROMPETEROS,LORETO,162,19,32,80,171,313,708,285,117.28,197.53,493.83,1055.56,1932.1,4370.37,1759.26,NO
NUEVA UNION_TROMPETEROS,NUEVA UNION_TROMPETEROS,NUEVA UNION,TROMPETEROS,LORETO,69,11,25,43,10,26,21,2,159.42,362.32,623.19,144.93,376.81,304.35,28.99,NO
NUEVA VALENCIA_TROMPETEROS,NUEVA VALENCIA_TROMPETEROS,NUEVA VALENCIA,TROMPETEROS,LORETO,88,1,16,2,98,1,0,1,11.36,181.82,22.73,1113.64,11.36,0,11.36,NO
PERUANITO_TROMPETEROS,PERUANITO_TROMPETEROS,PERUANITO,TROMPETEROS,LORETO,102,1,73,114,126,7,0,0,9.8,715.69,1117.65,1235.29,68.63,0,0,NO
NUEVO PORVENIR_TROMPETEROS,NUEVO PORVENIR_TROMPETEROS,NUEVO PORVENIR,TROMPETEROS,LORETO,111,10,50,86,55,77,11,2,90.09,450.45,774.77,495.5,693.69,99.1,18.02,NO
NUEVO SAN MARTIN_TROMPETEROS,NUEVO SAN MARTIN_TROMPETEROS,NUEVO SAN MARTIN,TROMPETEROS,LORETO,88,5,0,1,8,57,22,4,56.82,0,11.36,90.91,647.73,250,45.45,NO
NUEVA VIDA_TROMPETEROS,NUEVA VIDA_TROMPETEROS,NUEVA VIDA,TROMPETEROS,LORETO,,5,0,0,0,0,0,0,0,0,0,0,0,0,0,NO
NUEVO TRIUNFO_TROMPETEROS,NUEVO TRIUNFO_TROMPETEROS,NUEVO TRIUNFO,TROMPETEROS,LORETO,,3,0,0,0,0,0,0,0,0,0,0,0,0,0,NO
PAMPA HERMOSA_TROMPETEROS,PAMPA HERMOSA_TROMPETEROS,PAMPA HERMOSA,TROMPETEROS,LORETO,431,319,481,1229,835,549,853,178,740.14,1116.01,2851.51,1937.35,1273.78,1979.12,412.99,NO
NUEVO PARAISO_TROMPETEROS,NUEVO PARAISO_TROMPETEROS,NUEVO PARAISO,TROMPETEROS,LORETO,,4,0,0,1,1,0,0,0,0,0,0,0,0,0,NO
PERUANITO_TROMPETEROS,PERUANITO_TROMPETEROS,PERUANITO,TROMPETEROS,LORETO,,1,5,4,55,66,16,4,0,0,0,0,0,0,0,NO
PIJUAYAL_TROMPETEROS,PIJUAYAL_TROMPETEROS,PIJUAYAL,TROMPETEROS,LORETO,71,4,3,37,89,63,44,10,56.34,42.25,521.13,1253.52,887.32,619.72,140.85,NO
NUEVO PROGRESO_TROMPETEROS,NUEVO PROGRESO_TROMPETEROS,NUEVO PROGRESO,TROMPETEROS,LORETO,,4,1,2,2,6,1,1,0,0,0,0,0,0,0,NO
PROVIDENCIA_TIGRE,PROVIDENCIA_TIGRE,PROVIDENCIA,TIGRE,LORETO,326,131,402,296,314,126,75,24,401.84,1233.13,907.98,963.19,386.5,230.06,73.62,NO
PUCACURO_TROMPETEROS,PUCACURO_TROMPETEROS,PUCACURO,TROMPETEROS,LORETO,335,6,62,54,230,65,53,17,17.91,185.07,161.19,686.57,194.03,158.21,50.75,NO
PUERTO_TROMPETEROS,PUERTO_TROMPETEROS,PUERTO,TROMPETEROS,LORETO,,1,6,26,0,0,1,0,0,0,0,0,0,0,0,NO
PUERTO ORIENTE_TROMPETEROS,PUERTO ORIENTE_TROMPETEROS,PUERTO ORIENTE,TROMPETEROS,LORETO,58,0,0,0,7,7,1,0,0,0,0,120.69,120.69,17.24,0,NO
SAN CARLOS_TROMPETEROS,SAN CARLOS_TROMPETEROS,SAN CARLOS,TROMPETEROS,LORETO,180,6,15,121,8,49,35,1,33.33,83.33,672.22,44.44,272.22,194.44,5.56,NO
SAN CRISTOBAL_TROMPETEROS,SAN CRISTOBAL_TROMPETEROS,SAN CRISTOBAL,TROMPETEROS,LORETO,32,3,2,0,1,12,4,0,93.75,62.5,0,31.25,375,125,0,NO
SAN JORGE_TROMPETEROS,SAN JORGE_TROMPETEROS,SAN JORGE,TROMPETEROS,LORETO,0,0,2,0,2,1,0,0,0,0,0,0,0,0,0,NO
SAN JOSE DE NUEVA ESPERANZA_TROMPETEROS,SAN JOSE DE NUEVA ESPERANZA_TROMPETEROS,SAN JOSE DE NUEVA ESPERANZA,TROMPETEROS,LORETO,,0,14,55,97,507,358,104,0,0,0,0,0,0,0,NO
SAN JOSE DE PORVENIR_TROMPETEROS,SAN JOSE DE PORVENIR_TROMPETEROS,SAN JOSE DE PORVENIR,TROMPETEROS,LORETO,62,3,0,0,2,10,3,1,48.39,0,0,32.26,161.29,48.39,16.13,NO
SAN JUAN DE TROMPETEROS_TROMPETEROS,SAN JUAN DE TROMPETEROS_TROMPETEROS,SAN JUAN DE TROMPETEROS,TROMPETEROS,LORETO,,17,31,17,32,55,22,2,0,0,0,0,0,0,0,NO
NUEVO SAN MARTIN_TROMPETEROS,NUEVO SAN MARTIN_TROMPETEROS,NUEVO SAN MARTIN,TROMPETEROS,LORETO,,61,45,62,27,16,1,2,0,0,0,0,0,0,0,NO
SAN RAMON_TROMPETEROS,SAN RAMON_TROMPETEROS,SAN RAMON,TROMPETEROS,LORETO,45,0,6,5,8,10,14,3,0,133.33,111.11,177.78,222.22,311.11,66.67,NO
NUEVO SANTA CLARA_TROMPETEROS,NUEVO SANTA CLARA_TROMPETEROS,NUEVO SANTA CLARA,TROMPETEROS,LORETO,,12,1,0,0,2,8,0,0,0,0,0,0,0,0,NO
SANTA ELENA_TROMPETEROS,SANTA ELENA_TROMPETEROS,SANTA ELENA,TROMPETEROS,LORETO,202,17,66,47,36,24,19,2,84.16,326.73,232.67,178.22,118.81,94.06,9.9,NO
SANTA ISABEL DE COPAL_TROMPETEROS,SANTA ISABEL DE COPAL_TROMPETEROS,SANTA ISABEL DE COPAL,TROMPETEROS,LORETO,177,10,194,296,140,241,106,10,56.5,1096.05,1672.32,790.96,1361.58,598.87,56.5,NO
NUEVO SANTA ROSA_TROMPETEROS,NUEVO SANTA ROSA_TROMPETEROS,NUEVO SANTA ROSA,TROMPETEROS,LORETO,91,3,8,7,55,33,71,1,32.97,87.91,76.92,604.4,362.64,780.22,10.99,NO
SAUKI_TROMPETEROS,SAUKI_TROMPETEROS,SAUKI,TROMPETEROS,LORETO,183,31,137,168,172,247,109,61,169.4,748.63,918.03,939.89,1349.73,595.63,333.33,NO
SION_TROMPETEROS,SION_TROMPETEROS,SION,TROMPETEROS,LORETO,60,22,15,22,17,31,47,4,366.67,250,366.67,283.33,516.67,783.33,66.67,NO
TENIENTE CESAR LOPEZ ROJAS_TROMPETEROS,TENIENTE CESAR LOPEZ ROJAS_TROMPETEROS,TENIENTE CESAR LOPEZ ROJAS,TROMPETEROS,LORETO,0,1,2,0,19,7,3,1,0,0,0,0,0,0,0,NO
NUEVA VALENCIA_TROMPETEROS,NUEVA VALENCIA_TROMPETEROS,NUEVA VALENCIA,TROMPETEROS,LORETO,,9,0,0,84,58,110,31,0,0,0,0,0,0,0,NO
VILLA TROMPETEROS_TROMPETEROS,VILLA TROMPETEROS_TROMPETEROS,VILLA TROMPETEROS,TROMPETEROS,LORETO,1439,158,574,345,404,240,215,38,109.8,398.89,239.75,280.75,166.78,149.41,26.41,NO
VISTA ALEGRE_TROMPETEROS,VISTA ALEGRE_TROMPETEROS,VISTA ALEGRE,TROMPETEROS,LORETO,,0,0,0,0,0,1,0,0,0,0,0,0,0,0,NO
2 DE MAYO_URARINAS,2 DE MAYO_URARINAS,2 DE MAYO,URARINAS,LORETO,,2,100,60,97,34,30,18,0,0,0,0,0,0,0,NO
28 DE JULIO_URARINAS,28 DE JULIO_URARINAS,28 DE JULIO,URARINAS,LORETO,38,0,43,21,21,28,3,2,0,1131.58,552.63,552.63,736.84,78.95,52.63,NO
TRES FRONTERAS_URARINAS,TRES FRONTERAS_URARINAS,TRES FRONTERAS,URARINAS,LORETO,50,1,6,17,11,39,38,4,20,120,340,220,780,760,80,NO
PUEBLO JOVEN 6 DE MAYO_URARINAS,PUEBLO JOVEN 6 DE MAYO_URARINAS,PUEBLO JOVEN 6 DE MAYO,URARINAS,LORETO,,0,0,2,0,0,1,0,0,0,0,0,0,0,0,NO
ABEJ. HUANHUACA_URARINAS,ABEJ. HUANHUACA_URARINAS,ABEJ. HUANHUACA,URARINAS,LORETO,,0,0,0,2,0,0,0,0,0,0,0,0,0,0,NO
ANGORA_URARINAS,ANGORA_URARINAS,ANGORA,URARINAS,LORETO,,48,90,43,23,17,75,25,0,0,0,0,0,0,0,NO
AYAHUASCA_URARINAS,AYAHUASCA_URARINAS,AYAHUASCA,URARINAS,LORETO,114,0,8,6,2,1,4,0,0,70.18,52.63,17.54,8.77,35.09,0,NO
BAYA YACU_URARINAS,BAYA YACU_URARINAS,BAYA YACU,URARINAS,LORETO,85,0,8,0,0,0,0,0,0,94.12,0,0,0,0,0,NO
BELLAVISTA_URARINAS,BELLAVISTA_URARINAS,BELLAVISTA,URARINAS,LORETO,,0,0,5,33,57,35,0,0,0,0,0,0,0,0,NO
NUEVO BERLIN_URARINAS,NUEVO BERLIN_URARINAS,NUEVO BERLIN,URARINAS,LORETO,105,0,0,1,0,0,0,0,0,0,9.52,0,0,0,0,NO
BUENA VISTA_URARINAS,BUENA VISTA_URARINAS,BUENA VISTA,URARINAS,LORETO,19,0,37,6,40,17,6,6,0,1947.37,315.79,2105.26,894.74,315.79,315.79,NO
BUFEO_URARINAS,BUFEO_URARINAS,BUFEO,URARINAS,LORETO,,0,0,4,77,13,3,1,0,0,0,0,0,0,0,NO
CAFETAL_URARINAS,CAFETAL_URARINAS,CAFETAL,URARINAS,LORETO,57,2,10,8,0,1,2,0,35.09,175.44,140.35,0,17.54,35.09,0,NO
CAIMITUYO_URARINAS,CAIMITUYO_URARINAS,CAIMITUYO,URARINAS,LORETO,234,38,133,77,81,57,78,27,162.39,568.38,329.06,346.15,243.59,333.33,115.38,NO
CALIFORNIA_URARINAS,CALIFORNIA_URARINAS,CALIFORNIA,URARINAS,LORETO,0,0,1,0,0,0,0,0,0,0,0,0,0,0,0,NO
CHANCHAMAYO_URARINAS,CHANCHAMAYO_URARINAS,CHANCHAMAYO,URARINAS,LORETO,,0,5,18,10,3,6,0,0,0,0,0,0,0,0,NO
CONCORDIA_URARINAS,CONCORDIA_URARINAS,CONCORDIA,URARINAS,LORETO,592,7,28,11,1,17,8,10,11.82,47.3,18.58,1.69,28.72,13.51,16.89,NO
COPAL_URARINAS,COPAL_URARINAS,COPAL,URARINAS,LORETO,,0,37,6,6,14,5,3,0,0,0,0,0,0,0,NO
CUNINICO_URARINAS,CUNINICO_URARINAS,CUNINICO,URARINAS,LORETO,388,1,4,1,16,3,1,0,2.58,10.31,2.58,41.24,7.73,2.58,0,NO
CURUHUINSI_URARINAS,CURUHUINSI_URARINAS,CURUHUINSI,URARINAS,LORETO,52,0,7,9,13,14,3,0,0,134.62,173.08,250,269.23,57.69,0,NO
GUINEAL_URARINAS,GUINEAL_URARINAS,GUINEAL,URARINAS,LORETO,107,0,2,3,2,1,10,0,0,18.69,28.04,18.69,9.35,93.46,0,NO
HUALLPA ISLA_URARINAS,HUALLPA ISLA_URARINAS,HUALLPA ISLA,URARINAS,LORETO,176,0,0,3,0,1,1,0,0,0,17.05,0,5.68,5.68,0,NO
JUAN VELASCO_URARINAS,JUAN VELASCO_URARINAS,JUAN VELASCO,URARINAS,LORETO,71,0,24,14,2,0,2,0,0,338.03,197.18,28.17,0,28.17,0,NO
LA PETROLERA_URARINAS,LA PETROLERA_URARINAS,LA PETROLERA,URARINAS,LORETO,,4,2,57,81,126,104,19,0,0,0,0,0,0,0,NO
LAGARTO COCHA_URARINAS,LAGARTO COCHA_URARINAS,LAGARTO COCHA,URARINAS,LORETO,56,0,0,3,9,21,27,0,0,0,53.57,160.71,375,482.14,0,NO
LA PETROLERA_URARINAS,LA PETROLERA_URARINAS,LA PETROLERA,URARINAS,LORETO,48,0,10,3,15,52,11,0,0,208.33,62.5,312.5,1083.33,229.17,0,NO
LUPUNAYO_URARINAS,LUPUNAYO_URARINAS,LUPUNAYO,URARINAS,LORETO,200,2,34,19,19,2,20,1,10,170,95,95,10,100,5,NO
URITUYACU_URARINAS,URITUYACU_URARINAS,URITUYACU,URARINAS,LORETO,,0,5,0,0,0,0,1,0,0,0,0,0,0,0,NO
MANGUAL_URARINAS,MANGUAL_URARINAS,MANGUAL,URARINAS,LORETO,75,1,6,16,21,15,6,4,13.33,80,213.33,280,200,80,53.33,NO
MAUCALLACTA_URARINAS,MAUCALLACTA_URARINAS,MAUCALLACTA,URARINAS,LORETO,,0,0,2,0,0,0,0,0,0,0,0,0,0,0,NO
MAYPUCO_URARINAS,MAYPUCO_URARINAS,MAYPUCO,URARINAS,LORETO,1155,88,58,29,2,10,11,3,76.19,50.22,25.11,1.73,8.66,9.52,2.6,NO
MONTERRICO_URARINAS,MONTERRICO_URARINAS,MONTERRICO,URARINAS,LORETO,251,0,0,2,63,1,0,0,0,0,7.97,251,3.98,0,0,NO
NUEVA ALIANZA_URARINAS,NUEVA ALIANZA_URARINAS,NUEVA ALIANZA,URARINAS,LORETO,491,6,47,70,61,66,30,1,12.22,95.72,142.57,124.24,134.42,61.1,2.04,NO
NUEVA ELMIRA_URARINAS,NUEVA ELMIRA_URARINAS,NUEVA ELMIRA,URARINAS,LORETO,69,0,1,2,0,0,1,1,0,14.49,28.99,0,0,14.49,14.49,NO
NUEVA ESPERANZA_URARINAS,NUEVA ESPERANZA_URARINAS,NUEVA ESPERANZA,URARINAS,LORETO,195,7,445,95,117,67,64,81,35.9,2282.05,487.18,600,343.59,328.21,415.38,NO
NUEVA ESPERANZA_URARINAS,NUEVA ESPERANZA_URARINAS,NUEVA ESPERANZA,URARINAS,LORETO,,0,6,1,0,0,0,0,0,0,0,0,0,0,0,NO
SANTA ROSA DE FIRMEZA_URARINAS,SANTA ROSA DE FIRMEZA_URARINAS,SANTA ROSA DE FIRMEZA,URARINAS,LORETO,,0,0,9,5,42,42,11,0,0,0,0,0,0,0,NO
NUEVA REFORMA_URARINAS,NUEVA REFORMA_URARINAS,NUEVA REFORMA,URARINAS,LORETO,,0,0,15,2,31,7,0,0,0,0,0,0,0,0,NO
NUEVA UNION_URARINAS,NUEVA UNION_URARINAS,NUEVA UNION,URARINAS,LORETO,91,1,2,12,3,16,31,2,10.99,21.98,131.87,32.97,175.82,340.66,21.98,NO
ESPEJO_URARINAS,ESPEJO_URARINAS,ESPEJO,URARINAS,LORETO,,0,0,0,2,1,0,2,0,0,0,0,0,0,0,NO
PIONERO_URARINAS,PIONERO_URARINAS,PIONERO,URARINAS,LORETO,,0,0,2,0,0,4,0,0,0,0,0,0,0,0,NO
NUEVO ATALAYA_URARINAS,NUEVO ATALAYA_URARINAS,NUEVO ATALAYA,URARINAS,LORETO,,0,3,0,0,0,1,0,0,0,0,0,0,0,0,NO
NUEVO HORIZONTE_URARINAS,NUEVO HORIZONTE_URARINAS,NUEVO HORIZONTE,URARINAS,LORETO,47,23,13,63,97,64,54,11,489.36,276.6,1340.43,2063.83,1361.7,1148.94,234.04,NO
NUEVO PERU_URARINAS,NUEVO PERU_URARINAS,NUEVO PERU,URARINAS,LORETO,0,1,8,3,1,2,10,0,0,0,0,0,0,0,0,NO
NUEVO PORVENIR_URARINAS,NUEVO PORVENIR_URARINAS,NUEVO PORVENIR,URARINAS,LORETO,65,0,3,23,46,22,54,9,0,46.15,353.85,707.69,338.46,830.77,138.46,NO
NUEVO PROGRESO_URARINAS,NUEVO PROGRESO_URARINAS,NUEVO PROGRESO,URARINAS,LORETO,22,16,28,52,23,48,25,4,727.27,1272.73,2363.64,1045.45,2181.82,1136.36,181.82,NO
NUEVO PUCUNA_URARINAS,NUEVO PUCUNA_URARINAS,NUEVO PUCUNA,URARINAS,LORETO,,0,43,4,5,0,3,0,0,0,0,0,0,0,0,NO
NUEVO SAN JUAN_URARINAS,NUEVO SAN JUAN_URARINAS,NUEVO SAN JUAN,URARINAS,LORETO,291,0,1,22,6,75,16,3,0,3.44,75.6,20.62,257.73,54.98,10.31,NO
NUEVO SAN LUIS_URARINAS,NUEVO SAN LUIS_URARINAS,NUEVO SAN LUIS,URARINAS,LORETO,50,0,7,0,0,0,0,0,0,140,0,0,0,0,0,NO
NUEVO SANTA ROSA_URARINAS,NUEVO SANTA ROSA_URARINAS,NUEVO SANTA ROSA,URARINAS,LORETO,159,2,2,29,6,18,0,1,12.58,12.58,182.39,37.74,113.21,0,6.29,NO
NUEVO ZAPOTAL_URARINAS,NUEVO ZAPOTAL_URARINAS,NUEVO ZAPOTAL,URARINAS,LORETO,,0,0,1,12,43,40,9,0,0,0,0,0,0,0,NO
OLLANTA_URARINAS,OLLANTA_URARINAS,OLLANTA,URARINAS,LORETO,271,5,10,33,20,40,33,5,18.45,36.9,121.77,73.8,147.6,121.77,18.45,NO
PANDORA_URARINAS,PANDORA_URARINAS,PANDORA,URARINAS,LORETO,32,12,23,22,8,8,23,1,375,718.75,687.5,250,250,718.75,31.25,NO
PERTENECE A TROMPETEROS_URARINAS,#N/A,PERTENECE A TROMPETEROS,URARINAS,LORETO,,0,0,2,0,0,0,0,0,0,0,0,0,0,0,NO
PIJUAYAL_URARINAS,PIJUAYAL_URARINAS,PIJUAYAL,URARINAS,LORETO,199,0,180,163,412,336,205,55,0,904.52,819.1,2070.35,1688.44,1030.15,276.38,NO
PINTUYACU_URARINAS,PINTUYACU_URARINAS,PINTUYACU,URARINAS,LORETO,,0,0,1,0,0,0,0,0,0,0,0,0,0,0,NO
PINTUYACU_URARINAS,PINTUYACU_URARINAS,PINTUYACU,URARINAS,LORETO,31,0,2,3,3,1,1,0,0,64.52,96.77,96.77,32.26,32.26,0,NO
PIONERO_URARINAS,PIONERO_URARINAS,PIONERO,URARINAS,LORETO,84,0,58,30,43,27,7,1,0,690.48,357.14,511.9,321.43,83.33,11.9,NO
NUEVA PUCUNA_URARINAS,NUEVA PUCUNA_URARINAS,NUEVA PUCUNA,URARINAS,LORETO,,0,3,9,16,20,3,2,0,0,0,0,0,0,0,NO
PUERTO LIBRE_URARINAS,PUERTO LIBRE_URARINAS,PUERTO LIBRE,URARINAS,LORETO,,0,0,2,0,3,0,0,0,0,0,0,0,0,0,NO
PUERTO RICO_URARINAS,PUERTO RICO_URARINAS,PUERTO RICO,URARINAS,LORETO,82,5,6,2,16,15,4,0,60.98,73.17,24.39,195.12,182.93,48.78,0,NO
REFORMA_URARINAS,REFORMA_URARINAS,REFORMA,URARINAS,LORETO,119,36,98,72,25,15,19,2,302.52,823.53,605.04,210.08,126.05,159.66,16.81,NO
SAN ANTONIO_URARINAS,SAN ANTONIO_URARINAS,SAN ANTONIO,URARINAS,LORETO,260,0,4,5,2,0,0,0,0,15.38,19.23,7.69,0,0,0,NO
SAN ANTONIO DE BANCAL_URARINAS,SAN ANTONIO DE BANCAL_URARINAS,SAN ANTONIO DE BANCAL,URARINAS,LORETO,94,0,2,19,5,0,18,0,0,21.28,202.13,53.19,0,191.49,0,NO
SAN ENRIQUE_URARINAS,SAN ENRIQUE_URARINAS,SAN ENRIQUE,URARINAS,LORETO,88,3,33,9,2,0,7,0,34.09,375,102.27,22.73,0,79.55,0,NO
SAN FERNANDO_URARINAS,SAN FERNANDO_URARINAS,SAN FERNANDO,URARINAS,LORETO,59,0,6,22,36,74,34,19,0,101.69,372.88,610.17,1254.24,576.27,322.03,NO
SAN FRANCISCO_URARINAS,SAN FRANCISCO_URARINAS,SAN FRANCISCO,URARINAS,LORETO,151,0,3,1,1,7,1,0,0,19.87,6.62,6.62,46.36,6.62,0,NO
SAN GABRIEL_URARINAS,SAN GABRIEL_URARINAS,SAN GABRIEL,URARINAS,LORETO,147,1,0,1,2,0,5,2,6.8,0,6.8,13.61,0,34.01,13.61,NO
SAN JOSE DE SARAMURO_URARINAS,SAN JOSE DE SARAMURO_URARINAS,SAN JOSE DE SARAMURO,URARINAS,LORETO,796,2,5,7,24,5,6,2,2.51,6.28,8.79,30.15,6.28,7.54,2.51,NO
SAN JUAN DE ABEJAICO_URARINAS,SAN JUAN DE ABEJAICO_URARINAS,SAN JUAN DE ABEJAICO,URARINAS,LORETO,100,3,17,16,5,3,6,0,30,170,160,50,30,60,0,NO
SAN LORENZO_URARINAS,SAN LORENZO_URARINAS,SAN LORENZO,URARINAS,LORETO,53,21,19,7,12,11,8,0,396.23,358.49,132.08,226.42,207.55,150.94,0,NO
NUEVO SAN LUIS_URARINAS,NUEVO SAN LUIS_URARINAS,NUEVO SAN LUIS,URARINAS,LORETO,,0,0,4,1,2,4,0,0,0,0,0,0,0,0,NO
SAN MARCOS_URARINAS,SAN MARCOS_URARINAS,SAN MARCOS,URARINAS,LORETO,119,0,5,17,11,18,9,8,0,42.02,142.86,92.44,151.26,75.63,67.23,NO
SAN MIGUEL_URARINAS,SAN MIGUEL_URARINAS,SAN MIGUEL,URARINAS,LORETO,52,0,0,14,4,32,30,2,0,0,269.23,76.92,615.38,576.92,38.46,NO
SAN PEDRO_URARINAS,SAN PEDRO_URARINAS,SAN PEDRO,URARINAS,LORETO,40,4,22,29,60,48,39,9,100,550,725,1500,1200,975,225,NO
SAN PEDRO_URARINAS,SAN PEDRO_URARINAS,SAN PEDRO,URARINAS,LORETO,,0,0,4,11,27,4,0,0,0,0,0,0,0,0,NO
SAN RAFAEL_URARINAS,SAN RAFAEL_URARINAS,SAN RAFAEL,URARINAS,LORETO,,0,0,1,0,0,0,0,0,0,0,0,0,0,0,NO
SAN ROQUE_PARINARI,SAN ROQUE_PARINARI,SAN ROQUE,PARINARI,LORETO,,0,1,2,0,0,0,0,0,0,0,0,0,0,0,NO
SANTA BEATRIZ_URARINAS,SANTA BEATRIZ_URARINAS,SANTA BEATRIZ,URARINAS,LORETO,37,0,50,37,118,62,91,9,0,1351.35,1000,3189.19,1675.68,2459.46,243.24,NO
SANTA CARMELA_URARINAS,SANTA CARMELA_URARINAS,SANTA CARMELA,URARINAS,LORETO,91,0,66,29,113,68,148,22,0,725.27,318.68,1241.76,747.25,1626.37,241.76,NO
SANTA CECILIA_URARINAS,SANTA CECILIA_URARINAS,SANTA CECILIA,URARINAS,LORETO,45,0,59,29,84,29,39,8,0,1311.11,644.44,1866.67,644.44,866.67,177.78,NO
SANTA CRUZ_URARINAS,SANTA CRUZ_URARINAS,SANTA CRUZ,URARINAS,LORETO,217,2,289,109,108,72,46,12,9.22,1331.8,502.3,497.7,331.8,211.98,55.3,NO
SANTA CRUZ DE TAGUAL_URARINAS,SANTA CRUZ DE TAGUAL_URARINAS,SANTA CRUZ DE TAGUAL,URARINAS,LORETO,131,21,36,28,22,35,14,5,160.31,274.81,213.74,167.94,267.18,106.87,38.17,NO
SANTA ELENA_URARINAS,SANTA ELENA_URARINAS,SANTA ELENA,URARINAS,LORETO,74,0,19,21,15,20,15,4,0,256.76,283.78,202.7,270.27,202.7,54.05,NO
SANTA HERMOZA_URARINAS,SANTA HERMOZA_URARINAS,SANTA HERMOZA,URARINAS,LORETO,75,0,0,10,0,6,5,2,0,0,133.33,0,80,66.67,26.67,NO
SANTA MARTHA_URARINAS,SANTA MARTHA_URARINAS,SANTA MARTHA,URARINAS,LORETO,112,17,51,54,11,68,69,4,151.79,455.36,482.14,98.21,607.14,616.07,35.71,NO
SANTA ROSA DE AYRICO_URARINAS,SANTA ROSA DE AYRICO_URARINAS,SANTA ROSA DE AYRICO,URARINAS,LORETO,258,32,26,8,14,21,28,0,124.03,100.78,31.01,54.26,81.4,108.53,0,NO
SANTA ROSA DE FIRMEZA_URARINAS,SANTA ROSA DE FIRMEZA_URARINAS,SANTA ROSA DE FIRMEZA,URARINAS,LORETO,,0,1,0,1,0,10,1,0,0,0,0,0,0,0,NO
SANTA ROSA DE PATOYACU_URARINAS,SANTA ROSA DE PATOYACU_URARINAS,SANTA ROSA DE PATOYACU,URARINAS,LORETO,56,0,51,75,78,57,56,7,0,910.71,1339.29,1392.86,1017.86,1000,125,NO
SANTA ROSA DE PUCAYACU_URARINAS,SANTA ROSA DE PUCAYACU_URARINAS,SANTA ROSA DE PUCAYACU,URARINAS,LORETO,0,0,15,18,105,3,1,0,0,0,0,0,0,0,0,NO
SANTA ROSA DE RAYA YACU_URARINAS,SANTA ROSA DE RAYA YACU_URARINAS,SANTA ROSA DE RAYA YACU,URARINAS,LORETO,,43,0,0,0,0,0,0,0,0,0,0,0,0,0,NO
SANTA ROSA DE SIAMBA_URARINAS,SANTA ROSA DE SIAMBA_URARINAS,SANTA ROSA DE SIAMBA,URARINAS,LORETO,229,0,130,46,48,73,47,4,0,567.69,200.87,209.61,318.78,205.24,17.47,NO
NUEVO SANTA ROSA_URARINAS,NUEVO SANTA ROSA_URARINAS,NUEVO SANTA ROSA,URARINAS,LORETO,,0,0,1,15,2,0,0,0,0,0,0,0,0,0,NO
SANTA SILVIA_URARINAS,SANTA SILVIA_URARINAS,SANTA SILVIA,URARINAS,LORETO,135,0,70,41,89,79,15,8,0,518.52,303.7,659.26,585.19,111.11,59.26,NO
SANTA TERESA_URARINAS,SANTA TERESA_URARINAS,SANTA TERESA,URARINAS,LORETO,46,2,66,56,69,114,74,4,43.48,1434.78,1217.39,1500,2478.26,1608.7,86.96,NO
SANTO HUITO_URARINAS,SANTO HUITO_URARINAS,SANTO HUITO,URARINAS,LORETO,,0,0,9,1,25,0,0,0,0,0,0,0,0,0,NO
SARAMURILLO_URARINAS,SARAMURILLO_URARINAS,SARAMURILLO,URARINAS,LORETO,299,3,7,5,23,3,3,1,10.03,23.41,16.72,76.92,10.03,10.03,3.34,NO
TRIUNFO_URARINAS,TRIUNFO_URARINAS,TRIUNFO,URARINAS,LORETO,68,0,16,21,6,3,9,0,0,235.29,308.82,88.24,44.12,132.35,0,NO
TUCUNARE_URARINAS,TUCUNARE_URARINAS,TUCUNARE,URARINAS,LORETO,38,0,10,23,55,40,48,33,0,263.16,605.26,1447.37,1052.63,1263.16,868.42,NO
UNCUMAYO_URARINAS,UNCUMAYO_URARINAS,UNCUMAYO,URARINAS,LORETO,,0,1,2,0,0,0,0,0,0,0,0,0,0,0,NO
URARINAS_URARINAS,URARINAS_URARINAS,URARINAS,URARINAS,LORETO,191,3,78,8,32,13,13,0,15.71,408.38,41.88,167.54,68.06,68.06,0,NO
URITUYACU_URARINAS,URITUYACU_URARINAS,URITUYACU,URARINAS,LORETO,,0,0,3,0,0,0,0,0,0,0,0,0,0,0,NO
VICTORIA_URARINAS,VICTORIA_URARINAS,VICTORIA,URARINAS,LORETO,83,3,1,20,0,0,1,0,36.14,12.05,240.96,0,0,12.05,0,NO
VISTA ALEGRE_URARINAS,VISTA ALEGRE_URARINAS,VISTA ALEGRE,URARINAS,LORETO,25,0,1,11,1,0,0,1,0,40,440,40,0,0,40,NO
ALAN GARCIA_PEBAS,ALAN GARCIA_PEBAS,ALAN GARCIA,PEBAS,MARISCAL RAMON CASTILLA,108,2,0,2,0,0,0,0,18.52,0,18.52,0,0,0,0,NO
ALTO MONTE_PEBAS,ALTO MONTE_PEBAS,ALTO MONTE,PEBAS,MARISCAL RAMON CASTILLA,,0,1,0,0,0,0,0,0,0,0,0,0,0,0,NO
ANCON COLONIA_PEBAS,ANCON COLONIA_PEBAS,ANCON COLONIA,PEBAS,MARISCAL RAMON CASTILLA,30,0,1,6,0,0,0,0,0,33.33,200,0,0,0,0,NO
ANGAMOS_PEBAS,ANGAMOS_PEBAS,ANGAMOS,PEBAS,MARISCAL RAMON CASTILLA,212,2,4,3,3,2,7,1,9.43,18.87,14.15,14.15,9.43,33.02,4.72,NO
APAYACU_PEBAS,APAYACU_PEBAS,APAYACU,PEBAS,MARISCAL RAMON CASTILLA,247,18,3,9,0,2,0,1,72.87,12.15,36.44,0,8.1,0,4.05,NO
ATAHUALLPA_PEBAS,ATAHUALLPA_PEBAS,ATAHUALLPA,PEBAS,MARISCAL RAMON CASTILLA,113,0,1,2,1,0,0,0,0,8.85,17.7,8.85,0,0,0,NO
BETANIA_PEBAS,BETANIA_PEBAS,BETANIA,PEBAS,MARISCAL RAMON CASTILLA,48,1,12,3,1,0,0,0,20.83,250,62.5,20.83,0,0,0,NO
BORAS DE BRILLO NUEVO_PEBAS,BORAS DE BRILLO NUEVO_PEBAS,BORAS DE BRILLO NUEVO,PEBAS,MARISCAL RAMON CASTILLA,0,1,1,12,4,0,0,0,0,0,0,0,0,0,0,NO
BORAS DE PUCAURQUILLO_PEBAS,BORAS DE PUCAURQUILLO_PEBAS,BORAS DE PUCAURQUILLO,PEBAS,MARISCAL RAMON CASTILLA,230,0,5,2,0,0,0,0,0,21.74,8.7,0,0,0,0,NO
BRILLO NUEVO_PEBAS,BRILLO NUEVO_PEBAS,BRILLO NUEVO,PEBAS,MARISCAL RAMON CASTILLA,214,24,18,97,0,3,1,0,112.15,84.11,453.27,0,14.02,4.67,0,NO
BUEN JESUS DE PAZ_PEBAS,BUEN JESUS DE PAZ_PEBAS,BUEN JESUS DE PAZ,PEBAS,MARISCAL RAMON CASTILLA,222,3,6,10,0,0,0,0,13.51,27.03,45.05,0,0,0,0,NO
COCHIQUINAS_PEBAS,COCHIQUINAS_PEBAS,COCHIQUINAS,PEBAS,MARISCAL RAMON CASTILLA,799,215,63,212,58,40,11,27,269.09,78.85,265.33,72.59,50.06,13.77,33.79,NO
CONDOR_PEBAS,CONDOR_PEBAS,CONDOR,PEBAS,MARISCAL RAMON CASTILLA,78,0,5,17,6,0,1,0,0,64.1,217.95,76.92,0,12.82,0,NO
CUICA_PEBAS,CUICA_PEBAS,CUICA,PEBAS,MARISCAL RAMON CASTILLA,,0,1,4,0,0,0,0,0,0,0,0,0,0,0,NO
ESTIRON DEL CUZCO_PEBAS,ESTIRON DEL CUZCO_PEBAS,ESTIRON DEL CUZCO,PEBAS,MARISCAL RAMON CASTILLA,,0,1,0,0,0,0,0,0,0,0,0,0,0,0,NO
ESTIRON DEL CUZCO_PEBAS,ESTIRON DEL CUZCO_PEBAS,ESTIRON DEL CUZCO,PEBAS,MARISCAL RAMON CASTILLA,148,5,9,15,3,2,2,0,33.78,60.81,101.35,20.27,13.51,13.51,0,NO
ESTRECHO DE MAGALLANES_PEBAS,ESTRECHO DE MAGALLANES_PEBAS,ESTRECHO DE MAGALLANES,PEBAS,MARISCAL RAMON CASTILLA,,0,2,2,0,0,0,0,0,0,0,0,0,0,0,NO
FERNANDO LORES DE CHAMBERILLO_PEBAS,FERNANDO LORES DE CHAMBERILLO_PEBAS,FERNANDO LORES DE CHAMBERILLO,PEBAS,MARISCAL RAMON CASTILLA,,3,3,1,0,0,0,0,0,0,0,0,0,0,0,NO
FORTALEZA_PEBAS,FORTALEZA_PEBAS,FORTALEZA,PEBAS,MARISCAL RAMON CASTILLA,,0,5,0,0,0,0,0,0,0,0,0,0,0,0,NO
HUANTA_PEBAS,HUANTA_PEBAS,HUANTA,PEBAS,MARISCAL RAMON CASTILLA,589,36,15,14,1,0,4,0,61.12,25.47,23.77,1.7,0,6.79,0,NO
HUITOTOS DE ESTIRON_PEBAS,#N/A,HUITOTOS DE ESTIRON,PEBAS,MARISCAL RAMON CASTILLA,78,0,1,0,0,0,0,0,0,12.82,0,0,0,0,0,NO
HUITOTOS DE PUCAURQUILLO_PEBAS,HUITOTOS DE PUCAURQUILLO_PEBAS,HUITOTOS DE PUCAURQUILLO,PEBAS,MARISCAL RAMON CASTILLA,202,35,71,19,4,1,3,3,173.27,351.49,94.06,19.8,4.95,14.85,14.85,NO
HUITOTOS DEL ESTIRON_PEBAS,HUITOTOS DEL ESTIRON_PEBAS,HUITOTOS DEL ESTIRON,PEBAS,MARISCAL RAMON CASTILLA,,0,6,5,10,0,0,0,0,0,0,0,0,0,0,NO
LORETO NAUTA_PEBAS,LORETO NAUTA_PEBAS,LORETO NAUTA,PEBAS,MARISCAL RAMON CASTILLA,,0,1,0,0,0,0,0,0,0,0,0,0,0,0,NO
LUZ DEL ORIENTE_PEBAS,LUZ DEL ORIENTE_PEBAS,LUZ DEL ORIENTE,PEBAS,MARISCAL RAMON CASTILLA,93,1,0,5,0,2,0,0,10.75,0,53.76,0,21.51,0,0,NO
MANGUAL_PEBAS,MANGUAL_PEBAS,MANGUAL,PEBAS,MARISCAL RAMON CASTILLA,74,1,0,1,0,0,0,0,13.51,0,13.51,0,0,0,0,NO
NO PERTENECE A PEBAS_PEBAS,#N/A,NO PERTENECE A PEBAS,PEBAS,MARISCAL RAMON CASTILLA,,0,2,0,0,0,0,0,0,0,0,0,0,0,0,NO
NUEVA ALIANZA_PEBAS,NUEVA ALIANZA_PEBAS,NUEVA ALIANZA,PEBAS,MARISCAL RAMON CASTILLA,,0,0,2,0,0,0,0,0,0,0,0,0,0,0,NO
NUEVA ESPERANZA_PEBAS,NUEVA ESPERANZA_PEBAS,NUEVA ESPERANZA,PEBAS,MARISCAL RAMON CASTILLA,63,8,7,17,4,3,0,1,126.98,111.11,269.84,63.49,47.62,0,15.87,NO
NUEVA PRIMAVERA_PEBAS,NUEVA PRIMAVERA_PEBAS,NUEVA PRIMAVERA,PEBAS,MARISCAL RAMON CASTILLA,43,0,2,1,0,0,0,0,0,46.51,23.26,0,0,0,0,NO
NUEVA VIDA_PEBAS,NUEVA VIDA_PEBAS,NUEVA VIDA,PEBAS,MARISCAL RAMON CASTILLA,25,1,1,2,0,0,0,0,40,40,80,0,0,0,0,NO
NUEVO JARDIN_PEBAS,NUEVO JARDIN_PEBAS,NUEVO JARDIN,PEBAS,MARISCAL RAMON CASTILLA,12,0,1,7,0,5,0,0,0,83.33,583.33,0,416.67,0,0,NO
NUEVO NAZARETH_PEBAS,NUEVO NAZARETH_PEBAS,NUEVO NAZARETH,PEBAS,MARISCAL RAMON CASTILLA,179,2,0,8,3,0,2,0,11.17,0,44.69,16.76,0,11.17,0,NO
NUEVO ORIENTE_PEBAS,NUEVO ORIENTE_PEBAS,NUEVO ORIENTE,PEBAS,MARISCAL RAMON CASTILLA,66,0,2,0,1,0,0,0,0,30.3,0,15.15,0,0,0,NO
NUEVO PARAISO_PEBAS,NUEVO PARAISO_PEBAS,NUEVO PARAISO,PEBAS,MARISCAL RAMON CASTILLA,29,0,0,4,0,1,0,0,0,0,137.93,0,34.48,0,0,NO
NUEVO PEBAS_PEBAS,NUEVO PEBAS_PEBAS,NUEVO PEBAS,PEBAS,MARISCAL RAMON CASTILLA,804,60,5,11,5,1,1,0,74.63,6.22,13.68,6.22,1.24,1.24,0,NO
NUEVO PERU_PEBAS,NUEVO PERU_PEBAS,NUEVO PERU,PEBAS,MARISCAL RAMON CASTILLA,59,7,4,8,1,0,0,0,118.64,67.8,135.59,16.95,0,0,0,NO
NUEVO PORVENIR_PEBAS,NUEVO PORVENIR_PEBAS,NUEVO PORVENIR,PEBAS,MARISCAL RAMON CASTILLA,,2,10,1,0,0,0,0,0,0,0,0,0,0,0,NO
PACUYACU_PEBAS,PACUYACU_PEBAS,PACUYACU,PEBAS,MARISCAL RAMON CASTILLA,,0,1,6,1,0,0,0,0,0,0,0,0,0,0,NO
PALOMETILLO_PEBAS,PALOMETILLO_PEBAS,PALOMETILLO,PEBAS,MARISCAL RAMON CASTILLA,78,1,1,2,1,1,1,0,12.82,12.82,25.64,12.82,12.82,12.82,0,NO
PEBAS_PEBAS,PEBAS_PEBAS,PEBAS,PEBAS,MARISCAL RAMON CASTILLA,2909,74,57,14,13,4,3,5,25.44,19.59,4.81,4.47,1.38,1.03,1.72,NO
PERTENECE AL DISTRITO PUNCHANA_PEBAS,#N/A,PERTENECE AL DISTRITO PUNCHANA,PEBAS,MARISCAL RAMON CASTILLA,,0,1,0,0,0,0,0,0,0,0,0,0,0,0,NO
PERTENECE AL DISTRITO RAMON CASTILLA_PEBAS,#N/A,PERTENECE AL DISTRITO RAMON CASTILLA,PEBAS,MARISCAL RAMON CASTILLA,,0,2,0,0,0,0,0,0,0,0,0,0,0,0,NO
PIJUAYAL_PEBAS,PIJUAYAL_PEBAS,PIJUAYAL,PEBAS,MARISCAL RAMON CASTILLA,0,3,1,0,0,3,0,0,0,0,0,0,0,0,0,NO
POBRE ALEGRE_PEBAS,POBRE ALEGRE_PEBAS,POBRE ALEGRE,PEBAS,MARISCAL RAMON CASTILLA,66,0,1,1,0,0,0,0,0,15.15,15.15,0,0,0,0,NO
PUCALLPA_PEBAS,PUCALLPA_PEBAS,PUCALLPA,PEBAS,MARISCAL RAMON CASTILLA,,0,2,0,0,0,0,0,0,0,0,0,0,0,0,NO
PUERTO ISANGO_PEBAS,PUERTO ISANGO_PEBAS,PUERTO ISANGO,PEBAS,MARISCAL RAMON CASTILLA,19,1,0,2,0,0,0,0,52.63,0,105.26,0,0,0,0,NO
PUERTO RICO DE BARRANQUILLA_PEBAS,PUERTO RICO DE BARRANQUILLA_PEBAS,PUERTO RICO DE BARRANQUILLA,PEBAS,MARISCAL RAMON CASTILLA,56,0,0,3,0,0,0,0,0,0,53.57,0,0,0,0,NO
QUEBRADA DE SABALO_PEBAS,QUEBRADA DE SABALO_PEBAS,QUEBRADA DE SABALO,PEBAS,MARISCAL RAMON CASTILLA,,0,1,0,0,0,0,0,0,0,0,0,0,0,0,NO
QUEBRADA SAPAYAL_PEBAS,QUEBRADA SAPAYAL_PEBAS,QUEBRADA SAPAYAL,PEBAS,MARISCAL RAMON CASTILLA,,0,1,0,0,0,0,0,0,0,0,0,0,0,0,NO
REMANSO_PEBAS,REMANSO_PEBAS,REMANSO,PEBAS,MARISCAL RAMON CASTILLA,188,2,3,0,4,1,3,0,10.64,15.96,0,21.28,5.32,15.96,0,NO
SABALILLO_PEBAS,SABALILLO_PEBAS,SABALILLO,PEBAS,MARISCAL RAMON CASTILLA,102,51,4,3,0,0,0,0,500,39.22,29.41,0,0,0,0,NO
SAN FRANCISCO_PEBAS,SAN FRANCISCO_PEBAS,SAN FRANCISCO,PEBAS,MARISCAL RAMON CASTILLA,393,8,5,5,0,1,2,1,20.36,12.72,12.72,0,2.54,5.09,2.54,NO
SAN ISIDRO_SAN PABLO,SAN ISIDRO_SAN PABLO,SAN ISIDRO,SAN PABLO,MARISCAL RAMON CASTILLA,,0,0,2,0,0,0,0,0,0,0,0,0,0,0,NO
SAN JOSE DE PIRI_PEBAS,SAN JOSE DE PIRI_PEBAS,SAN JOSE DE PIRI,PEBAS,MARISCAL RAMON CASTILLA,0,2,4,3,2,0,0,0,0,0,0,0,0,0,0,NO
SAN JUAN DE MISHAHUARI_PEBAS,SAN JUAN DE MISHAHUARI_PEBAS,SAN JUAN DE MISHAHUARI,PEBAS,MARISCAL RAMON CASTILLA,213,0,2,10,0,2,1,0,0,9.39,46.95,0,9.39,4.69,0,NO
SAN JUAN DE OROSA_PEBAS,SAN JUAN DE OROSA_PEBAS,SAN JUAN DE OROSA,PEBAS,MARISCAL RAMON CASTILLA,24,1,1,2,0,1,0,0,41.67,41.67,83.33,0,41.67,0,0,NO
SAN NICOLAS_PEBAS,SAN NICOLAS_PEBAS,SAN NICOLAS,PEBAS,MARISCAL RAMON CASTILLA,135,0,1,7,0,1,0,0,0,7.41,51.85,0,7.41,0,0,NO
SAN ISIDRO_SAN PABLO,SAN ISIDRO_SAN PABLO,SAN ISIDRO,SAN PABLO,MARISCAL RAMON CASTILLA,,0,1,0,0,0,0,0,0,0,0,0,0,0,0,NO
SAN PEDRO DE OROZA_PEBAS,SAN PEDRO DE OROZA_PEBAS,SAN PEDRO DE OROZA,PEBAS,MARISCAL RAMON CASTILLA,,1,1,0,0,0,1,1,0,0,0,0,0,0,0,NO
SAN PEDRO DE SHISHITA_PEBAS,SAN PEDRO DE SHISHITA_PEBAS,SAN PEDRO DE SHISHITA,PEBAS,MARISCAL RAMON CASTILLA,111,2,10,6,1,0,0,0,18.02,90.09,54.05,9.01,0,0,0,NO
SANTA AMELIA_PEBAS,SANTA AMELIA_PEBAS,SANTA AMELIA,PEBAS,MARISCAL RAMON CASTILLA,163,1,2,1,3,0,0,0,6.13,12.27,6.13,18.4,0,0,0,NO
SANTA ISABEL DE CHAMBIRA_PEBAS,SANTA ISABEL DE CHAMBIRA_PEBAS,SANTA ISABEL DE CHAMBIRA,PEBAS,MARISCAL RAMON CASTILLA,,1,5,0,0,0,0,0,0,0,0,0,0,0,0,NO
SANTA ISABEL DE PICHANA_PEBAS,SANTA ISABEL DE PICHANA_PEBAS,SANTA ISABEL DE PICHANA,PEBAS,MARISCAL RAMON CASTILLA,163,0,2,5,0,0,0,1,0,12.27,30.67,0,0,0,6.13,NO
SANTA JULIA_PEBAS,SANTA JULIA_PEBAS,SANTA JULIA,PEBAS,MARISCAL RAMON CASTILLA,102,3,1,6,1,0,0,0,29.41,9.8,58.82,9.8,0,0,0,NO
SANTA LUCIA DE PREFECTO_PEBAS,SANTA LUCIA DE PREFECTO_PEBAS,SANTA LUCIA DE PREFECTO,PEBAS,MARISCAL RAMON CASTILLA,116,0,1,0,0,0,0,0,0,8.62,0,0,0,0,0,NO
SANTA LUCIA DE PRO_PEBAS,SANTA LUCIA DE PRO_PEBAS,SANTA LUCIA DE PRO,PEBAS,MARISCAL RAMON CASTILLA,154,9,3,1,3,0,0,0,58.44,19.48,6.49,19.48,0,0,0,NO
SANTA MARIA DE BREO_PEBAS,SANTA MARIA DE BREO_PEBAS,SANTA MARIA DE BREO,PEBAS,MARISCAL RAMON CASTILLA,75,2,4,0,0,0,1,0,26.67,53.33,0,0,0,13.33,0,NO
SANTA ROSA DE PICHANA_PEBAS,SANTA ROSA DE PICHANA_PEBAS,SANTA ROSA DE PICHANA,PEBAS,MARISCAL RAMON CASTILLA,168,1,10,1,2,1,0,1,5.95,59.52,5.95,11.9,5.95,0,5.95,NO
SANTO TORIBIO DE MOGROVEJO_PEBAS,SANTO TORIBIO DE MOGROVEJO_PEBAS,SANTO TORIBIO DE MOGROVEJO,PEBAS,MARISCAL RAMON CASTILLA,45,8,40,164,29,11,8,3,177.78,888.89,3644.44,644.44,244.44,177.78,66.67,NO
SHISHITA_PEBAS,SHISHITA_PEBAS,SHISHITA,PEBAS,MARISCAL RAMON CASTILLA,0,49,8,73,3,8,0,0,0,0,0,0,0,0,0,NO
SHISHITILLO_PEBAS,SHISHITILLO_PEBAS,SHISHITILLO,PEBAS,MARISCAL RAMON CASTILLA,85,2,3,3,2,0,0,0,23.53,35.29,35.29,23.53,0,0,0,NO
TARZO_PEBAS,TARZO_PEBAS,TARZO,PEBAS,MARISCAL RAMON CASTILLA,,35,54,2,0,0,0,0,0,0,0,0,0,0,0,NO
TESHUATE_PEBAS,TESHUATE_PEBAS,TESHUATE,PEBAS,MARISCAL RAMON CASTILLA,,0,1,0,0,0,0,0,0,0,0,0,0,0,0,NO
TIERRA FIRME_PEBAS,TIERRA FIRME_PEBAS,TIERRA FIRME,PEBAS,MARISCAL RAMON CASTILLA,57,1,9,2,0,0,0,0,17.54,157.89,35.09,0,0,0,0,NO
TRIUNFO_PEBAS,TRIUNFO_PEBAS,TRIUNFO,PEBAS,MARISCAL RAMON CASTILLA,219,2,0,0,0,0,0,0,9.13,0,0,0,0,0,0,NO
VILLA NUEVA COCHIQUINA_PEBAS,VILLA NUEVA COCHIQUINA_PEBAS,VILLA NUEVA COCHIQUINA,PEBAS,MARISCAL RAMON CASTILLA,,2,0,13,0,0,0,0,0,0,0,0,0,0,0,NO
YAHUAS_PEBAS,YAHUAS_PEBAS,YAHUAS,PEBAS,MARISCAL RAMON CASTILLA,33,0,1,0,0,0,0,0,0,30.3,0,0,0,0,0,NO
YANAYACU_PEBAS,YANAYACU_PEBAS,YANAYACU,PEBAS,MARISCAL RAMON CASTILLA,,0,1,0,0,0,0,0,0,0,0,0,0,0,0,NO
ZANCUDO ISLA_PEBAS,ZANCUDO ISLA_PEBAS,ZANCUDO ISLA,PEBAS,MARISCAL RAMON CASTILLA,155,1,2,1,0,1,0,3,6.45,12.9,6.45,0,6.45,0,19.35,NO
ZAPATILLA_PEBAS,ZAPATILLA_PEBAS,ZAPATILLA,PEBAS,MARISCAL RAMON CASTILLA,61,0,1,3,0,0,0,0,0,16.39,49.18,0,0,0,0,NO
1  DE OCTUBRE_RAMON CASTILLA,1  DE OCTUBRE_RAMON CASTILLA,1  DE OCTUBRE,RAMON CASTILLA,MARISCAL RAMON CASTILLA,91,2,4,0,5,61,3,15,21.98,43.96,0,54.95,670.33,32.97,164.84,NO
1  DE SETIEMBRE_RAMON CASTILLA,1  DE SETIEMBRE_RAMON CASTILLA,1  DE SETIEMBRE,RAMON CASTILLA,MARISCAL RAMON CASTILLA,,1,0,0,3,1,0,1,0,0,0,0,0,0,0,NO
1 DE OCTUBRE_RAMON CASTILLA,1 DE OCTUBRE_RAMON CASTILLA,1 DE OCTUBRE,RAMON CASTILLA,MARISCAL RAMON CASTILLA,91,58,4,87,0,0,0,0,637.36,43.96,956.04,0,0,0,0,NO
1 DE SETIEMBRE_RAMON CASTILLA,1 DE SETIEMBRE_RAMON CASTILLA,1 DE SETIEMBRE,RAMON CASTILLA,MARISCAL RAMON CASTILLA,43,0,1,0,0,0,0,0,0,23.26,0,0,0,0,0,NO
24 DE JUNIO_RAMON CASTILLA,24 DE JUNIO_RAMON CASTILLA,24 DE JUNIO,RAMON CASTILLA,MARISCAL RAMON CASTILLA,,1,0,0,0,1,1,0,0,0,0,0,0,0,0,NO
27 DE NOVIEMBRE_RAMON CASTILLA,27 DE NOVIEMBRE_RAMON CASTILLA,27 DE NOVIEMBRE,RAMON CASTILLA,MARISCAL RAMON CASTILLA,,16,1,0,2,0,2,0,0,0,0,0,0,0,0,NO
27 DE OCTUBRE_RAMON CASTILLA,27 DE OCTUBRE_RAMON CASTILLA,27 DE OCTUBRE,RAMON CASTILLA,MARISCAL RAMON CASTILLA,,3,0,0,0,0,0,0,0,0,0,0,0,0,0,NO
7 DE AGOSTO_RAMON CASTILLA,7 DE AGOSTO_RAMON CASTILLA,7 DE AGOSTO,RAMON CASTILLA,MARISCAL RAMON CASTILLA,,0,1,0,0,0,0,0,0,0,0,0,0,0,0,NO
ACHUAL_RAMON CASTILLA,ACHUAL_RAMON CASTILLA,ACHUAL,RAMON CASTILLA,MARISCAL RAMON CASTILLA,,0,1,0,0,0,0,0,0,0,0,0,0,0,0,NO
ALBERTO FUJIMORI_RAMON CASTILLA,ALBERTO FUJIMORI_RAMON CASTILLA,ALBERTO FUJIMORI,RAMON CASTILLA,MARISCAL RAMON CASTILLA,,0,2,8,0,4,0,0,0,0,0,0,0,0,0,NO
ALFARO_RAMON CASTILLA,ALFARO_RAMON CASTILLA,ALFARO,RAMON CASTILLA,MARISCAL RAMON CASTILLA,,4,13,0,0,0,0,0,0,0,0,0,0,0,0,NO
ALTO MONTE ISRAEL_SAN PABLO,ALTO MONTE ISRAEL_SAN PABLO,ALTO MONTE ISRAEL,SAN PABLO,MARISCAL RAMON CASTILLA,,0,1,0,0,0,0,0,0,0,0,0,0,0,0,NO
AMPIYACU_RAMON CASTILLA,AMPIYACU_RAMON CASTILLA,AMPIYACU,RAMON CASTILLA,MARISCAL RAMON CASTILLA,114,4,4,4,2,2,0,1,35.09,35.09,35.09,17.54,17.54,0,8.77,NO
ARARA_RAMON CASTILLA,ARARA_RAMON CASTILLA,ARARA,RAMON CASTILLA,MARISCAL RAMON CASTILLA,,0,8,0,0,0,0,0,0,0,0,0,0,0,0,NO
ATACUARI_RAMON CASTILLA,ATACUARI_RAMON CASTILLA,ATACUARI,RAMON CASTILLA,MARISCAL RAMON CASTILLA,,8,0,7,4,5,2,3,0,0,0,0,0,0,0,NO
BARRANQUILLA_RAMON CASTILLA,BARRANQUILLA_RAMON CASTILLA,BARRANQUILLA,RAMON CASTILLA,MARISCAL RAMON CASTILLA,78,1,0,0,0,0,0,0,12.82,0,0,0,0,0,0,NO
BELLAVISTA CALLARU_RAMON CASTILLA,BELLAVISTA CALLARU_RAMON CASTILLA,BELLAVISTA CALLARU,RAMON CASTILLA,MARISCAL RAMON CASTILLA,1804,241,14,76,105,13,21,3,133.59,7.76,42.13,58.2,7.21,11.64,1.66,NO
BERSEVA_RAMON CASTILLA,BERSEVA_RAMON CASTILLA,BERSEVA,RAMON CASTILLA,MARISCAL RAMON CASTILLA,,8,1,0,0,0,0,0,0,0,0,0,0,0,0,NO
BIS 49_RAMON CASTILLA,BIS 49_RAMON CASTILLA,BIS 49,RAMON CASTILLA,MARISCAL RAMON CASTILLA,,0,0,0,0,0,6,0,0,0,0,0,0,0,0,NO
BUEN JARDIN DEL CALLARU_RAMON CASTILLA,BUEN JARDIN DEL CALLARU_RAMON CASTILLA,BUEN JARDIN DEL CALLARU,RAMON CASTILLA,MARISCAL RAMON CASTILLA,,0,0,1,2,0,0,1,0,0,0,0,0,0,0,NO
BUFEO COCHA_RAMON CASTILLA,BUFEO COCHA_RAMON CASTILLA,BUFEO COCHA,RAMON CASTILLA,MARISCAL RAMON CASTILLA,307,59,27,1,5,33,12,5,192.18,87.95,3.26,16.29,107.49,39.09,16.29,NO
BUFEOCOCHA_RAMON CASTILLA,BUFEOCOCHA_RAMON CASTILLA,BUFEOCOCHA,RAMON CASTILLA,MARISCAL RAMON CASTILLA,,0,0,67,0,0,0,0,0,0,0,0,0,0,0,NO
CABALLO COCHA_RAMON CASTILLA,CABALLO COCHA_RAMON CASTILLA,CABALLO COCHA,RAMON CASTILLA,MARISCAL RAMON CASTILLA,,857,430,1069,365,259,110,31,0,0,0,0,0,0,0,NO
CAHUIDE YANAYACU_RAMON CASTILLA,CAHUIDE YANAYACU_RAMON CASTILLA,CAHUIDE YANAYACU,RAMON CASTILLA,MARISCAL RAMON CASTILLA,290,83,32,32,10,18,1,2,286.21,110.34,110.34,34.48,62.07,3.45,6.9,NO
CAMPIÑA SERRA_RAMON CASTILLA,CAMPIÑA SERRA_RAMON CASTILLA,CAMPIÑA SERRA,RAMON CASTILLA,MARISCAL RAMON CASTILLA,,0,0,2,0,0,0,0,0,0,0,0,0,0,0,NO
CAPIRONAL_SAN PABLO,CAPIRONAL_SAN PABLO,CAPIRONAL,SAN PABLO,MARISCAL RAMON CASTILLA,,1,0,0,0,0,0,0,0,0,0,0,0,0,0,NO
CARRETERA EDEN_RAMON CASTILLA,CARRETERA EDEN_RAMON CASTILLA,CARRETERA EDEN,RAMON CASTILLA,MARISCAL RAMON CASTILLA,,1,0,0,0,0,0,0,0,0,0,0,0,0,0,NO
CENTRO UNIDO_RAMON CASTILLA,CENTRO UNIDO_RAMON CASTILLA,CENTRO UNIDO,RAMON CASTILLA,MARISCAL RAMON CASTILLA,,10,5,0,0,0,0,0,0,0,0,0,0,0,0,NO
CHIMBOTE_RAMON CASTILLA,CHIMBOTE_RAMON CASTILLA,CHIMBOTE,RAMON CASTILLA,MARISCAL RAMON CASTILLA,442,101,31,55,15,9,4,2,228.51,70.14,124.43,33.94,20.36,9.05,4.52,NO
CHINERIAS_RAMON CASTILLA,CHINERIAS_RAMON CASTILLA,CHINERIAS,RAMON CASTILLA,MARISCAL RAMON CASTILLA,,1,0,4,0,0,0,0,0,0,0,0,0,0,0,NO
COCHIQUINAS_PEBAS,COCHIQUINAS_PEBAS,COCHIQUINAS,PEBAS,MARISCAL RAMON CASTILLA,,0,1,0,0,0,0,0,0,0,0,0,0,0,0,NO
CUSHILLO COCHA_RAMON CASTILLA,CUSHILLO COCHA_RAMON CASTILLA,CUSHILLO COCHA,RAMON CASTILLA,MARISCAL RAMON CASTILLA,1737,545,199,534,87,88,43,27,313.76,114.57,307.43,50.09,50.66,24.76,15.54,NO
EDEN DE LA FRONTERA_RAMON CASTILLA,EDEN DE LA FRONTERA_RAMON CASTILLA,EDEN DE LA FRONTERA,RAMON CASTILLA,MARISCAL RAMON CASTILLA,33,36,24,38,4,8,1,0,1090.91,727.27,1151.52,121.21,242.42,30.3,0,NO
EJERCITO_RAMON CASTILLA,EJERCITO_RAMON CASTILLA,EJERCITO,RAMON CASTILLA,MARISCAL RAMON CASTILLA,,0,2,0,0,0,0,0,0,0,0,0,0,0,0,NO
EL SOL_RAMON CASTILLA,EL SOL_RAMON CASTILLA,EL SOL,RAMON CASTILLA,MARISCAL RAMON CASTILLA,121,68,41,106,46,105,38,20,561.98,338.84,876.03,380.17,867.77,314.05,165.29,NO
ES UN DISTRITO NO LOCALIDAD_RAMON CASTILLA,#N/A,ES UN DISTRITO NO LOCALIDAD,RAMON CASTILLA,MARISCAL RAMON CASTILLA,,5,0,7,2,8,0,0,0,0,0,0,0,0,0,NO
GAMBOA_RAMON CASTILLA,GAMBOA_RAMON CASTILLA,GAMBOA,RAMON CASTILLA,MARISCAL RAMON CASTILLA,,15,4,8,3,1,2,0,0,0,0,0,0,0,0,NO
GRAU_RAMON CASTILLA,#N/A,GRAU,RAMON CASTILLA,MARISCAL RAMON CASTILLA,,0,2,6,2,2,0,4,0,0,0,0,0,0,0,NO
INTI PACARI_RAMON CASTILLA,INTI PACARI_RAMON CASTILLA,INTI PACARI,RAMON CASTILLA,MARISCAL RAMON CASTILLA,,10,1,10,0,0,1,1,0,0,0,0,0,0,0,NO
IQUITOS - PERTENECE AL DISTRITO IQUITOS_RAMON CASTILLA,#N/A,IQUITOS - PERTENECE AL DISTRITO IQUITOS,RAMON CASTILLA,MARISCAL RAMON CASTILLA,,2,0,0,0,0,0,0,0,0,0,0,0,0,0,NO
ISLA DEL TIGRE_RAMON CASTILLA,ISLA DEL TIGRE_RAMON CASTILLA,ISLA DEL TIGRE,RAMON CASTILLA,MARISCAL RAMON CASTILLA,122,38,27,67,26,30,13,4,311.48,221.31,549.18,213.11,245.9,106.56,32.79,NO
"ISLA SANTA ROSA ""AMAZONAS_RAMON CASTILLA","ISLA SANTA ROSA ""AMAZONAS_RAMON CASTILLA","ISLA SANTA ROSA ""AMAZONAS",RAMON CASTILLA,MARISCAL RAMON CASTILLA,,0,0,1,0,3,0,0,0,0,0,0,0,0,0,NO
ISLANDIA_YAVARI,ISLANDIA_YAVARI,ISLANDIA,YAVARI,MARISCAL RAMON CASTILLA,1637,0,0,1,0,0,0,0,0,0,0.61,0,0,0,0,NO
JAPON_YAVARI,JAPON_YAVARI,JAPON,YAVARI,MARISCAL RAMON CASTILLA,69,0,1,0,0,0,0,0,0,14.49,0,0,0,0,0,NO
JOSE CARLOS MARIATEGUI_RAMON CASTILLA,JOSE CARLOS MARIATEGUI_RAMON CASTILLA,JOSE CARLOS MARIATEGUI,RAMON CASTILLA,MARISCAL RAMON CASTILLA,111,13,3,5,0,0,1,2,117.12,27.03,45.05,0,0,9.01,18.02,NO
JUAN V. ALVARADO_RAMON CASTILLA,JUAN V. ALVARADO_RAMON CASTILLA,JUAN V. ALVARADO,RAMON CASTILLA,MARISCAL RAMON CASTILLA,,1,0,0,0,0,0,0,0,0,0,0,0,0,0,NO
JUAN VELASCO ALVARADO_RAMON CASTILLA,JUAN VELASCO ALVARADO_RAMON CASTILLA,JUAN VELASCO ALVARADO,RAMON CASTILLA,MARISCAL RAMON CASTILLA,,0,1,0,0,0,0,0,0,0,0,0,0,0,0,NO
MANICHI_RAMON CASTILLA,MANICHI_RAMON CASTILLA,MANICHI,RAMON CASTILLA,MARISCAL RAMON CASTILLA,,0,15,0,0,0,0,0,0,0,0,0,0,0,0,NO
MARIO RIVERA_RAMON CASTILLA,MARIO RIVERA_RAMON CASTILLA,MARIO RIVERA,RAMON CASTILLA,MARISCAL RAMON CASTILLA,,0,0,3,2,0,0,0,0,0,0,0,0,0,0,NO
MAYORUNA_SAN PABLO,MAYORUNA_SAN PABLO,MAYORUNA,SAN PABLO,MARISCAL RAMON CASTILLA,,1,0,0,0,0,0,0,0,0,0,0,0,0,0,NO
MONTE DE SIËN_RAMON CASTILLA,MONTE DE SIËN_RAMON CASTILLA,MONTE DE SIËN,RAMON CASTILLA,MARISCAL RAMON CASTILLA,,0,1,0,0,0,0,0,0,0,0,0,0,0,0,NO
MONTE SION_RAMON CASTILLA,MONTE SION_RAMON CASTILLA,MONTE SION,RAMON CASTILLA,MARISCAL RAMON CASTILLA,,10,0,0,0,0,0,0,0,0,0,0,0,0,0,NO
NAZARETH_RAMON CASTILLA,NAZARETH_RAMON CASTILLA,NAZARETH,RAMON CASTILLA,MARISCAL RAMON CASTILLA,100,13,3,0,0,0,0,0,130,30,0,0,0,0,0,NO
NUEVA ALIANZA_RAMON CASTILLA,NUEVA ALIANZA_RAMON CASTILLA,NUEVA ALIANZA,RAMON CASTILLA,MARISCAL RAMON CASTILLA,,5,14,23,0,1,1,0,0,0,0,0,0,0,0,NO
NUEVA CREACION_RAMON CASTILLA,NUEVA CREACION_RAMON CASTILLA,NUEVA CREACION,RAMON CASTILLA,MARISCAL RAMON CASTILLA,55,2,3,0,0,0,0,0,36.36,54.55,0,0,0,0,0,NO
NUEVA ESPERANZA DEL YAVAR_RAMON CASTILLA,NUEVA ESPERANZA DEL YAVAR_RAMON CASTILLA,NUEVA ESPERANZA DEL YAVAR,RAMON CASTILLA,MARISCAL RAMON CASTILLA,,3,0,0,0,0,0,0,0,0,0,0,0,0,0,NO
NUEVA GALILEA_RAMON CASTILLA,NUEVA GALILEA_RAMON CASTILLA,NUEVA GALILEA,RAMON CASTILLA,MARISCAL RAMON CASTILLA,104,8,0,10,1,0,3,5,76.92,0,96.15,9.62,0,28.85,48.08,NO
NUEVA PALESTINA_RAMON CASTILLA,NUEVA PALESTINA_RAMON CASTILLA,NUEVA PALESTINA,RAMON CASTILLA,MARISCAL RAMON CASTILLA,146,0,8,0,0,0,0,0,0,54.79,0,0,0,0,0,NO
NUEVA VIDA_RAMON CASTILLA,NUEVA VIDA_RAMON CASTILLA,NUEVA VIDA,RAMON CASTILLA,MARISCAL RAMON CASTILLA,56,15,23,0,4,0,5,0,267.86,410.71,0,71.43,0,89.29,0,NO
NUEVO AMBIENTE_RAMON CASTILLA,NUEVO AMBIENTE_RAMON CASTILLA,NUEVO AMBIENTE,RAMON CASTILLA,MARISCAL RAMON CASTILLA,0,0,1,0,0,0,0,0,0,0,0,0,0,0,0,NO
ERENE_RAMON CASTILLA,ERENE_RAMON CASTILLA,ERENE,RAMON CASTILLA,MARISCAL RAMON CASTILLA,,212,46,218,11,5,2,0,0,0,0,0,0,0,0,NO
NUEVO ORIENTE_RAMON CASTILLA,NUEVO ORIENTE_RAMON CASTILLA,NUEVO ORIENTE,RAMON CASTILLA,MARISCAL RAMON CASTILLA,83,0,4,7,1,0,0,0,0,48.19,84.34,12.05,0,0,0,NO
NUEVO PARAISO_RAMON CASTILLA,NUEVO PARAISO_RAMON CASTILLA,NUEVO PARAISO,RAMON CASTILLA,MARISCAL RAMON CASTILLA,115,2,3,10,0,1,1,0,17.39,26.09,86.96,0,8.7,8.7,0,NO
PACHETEA_RAMON CASTILLA,PACHETEA_RAMON CASTILLA,PACHETEA,RAMON CASTILLA,MARISCAL RAMON CASTILLA,,0,1,0,0,0,0,0,0,0,0,0,0,0,0,NO
PACUYACU_RAMON CASTILLA,PACUYACU_RAMON CASTILLA,PACUYACU,RAMON CASTILLA,MARISCAL RAMON CASTILLA,,0,0,0,0,1,0,0,0,0,0,0,0,0,0,NO
PALESTINO_RAMON CASTILLA,PALESTINO_RAMON CASTILLA,PALESTINO,RAMON CASTILLA,MARISCAL RAMON CASTILLA,,69,30,106,33,26,25,0,0,0,0,0,0,0,0,NO
PALO SECO_RAMON CASTILLA,PALO SECO_RAMON CASTILLA,PALO SECO,RAMON CASTILLA,MARISCAL RAMON CASTILLA,,221,127,348,134,74,30,4,0,0,0,0,0,0,0,NO
PANCHO COCHA_RAMON CASTILLA,PANCHO COCHA_RAMON CASTILLA,PANCHO COCHA,RAMON CASTILLA,MARISCAL RAMON CASTILLA,91,66,28,16,8,15,1,2,725.27,307.69,175.82,87.91,164.84,10.99,21.98,NO
PARANAQUIRO_RAMON CASTILLA,PARANAQUIRO_RAMON CASTILLA,PARANAQUIRO,RAMON CASTILLA,MARISCAL RAMON CASTILLA,190,3,5,3,4,1,0,0,15.79,26.32,15.79,21.05,5.26,0,0,NO
PASHIA_RAMON CASTILLA,PASHIA_RAMON CASTILLA,PASHIA,RAMON CASTILLA,MARISCAL RAMON CASTILLA,,0,3,0,0,0,0,0,0,0,0,0,0,0,0,NO
PLATANAL_RAMON CASTILLA,PLATANAL_RAMON CASTILLA,PLATANAL,RAMON CASTILLA,MARISCAL RAMON CASTILLA,111,36,10,0,4,53,25,14,324.32,90.09,0,36.04,477.48,225.23,126.13,NO
PORVENIR_RAMON CASTILLA,PORVENIR_RAMON CASTILLA,PORVENIR,RAMON CASTILLA,MARISCAL RAMON CASTILLA,,0,0,1,0,1,0,0,0,0,0,0,0,0,0,NO
PRIMAVERA_RAMON CASTILLA,PRIMAVERA_RAMON CASTILLA,PRIMAVERA,RAMON CASTILLA,MARISCAL RAMON CASTILLA,87,203,90,114,38,38,12,1,2333.33,1034.48,1310.34,436.78,436.78,137.93,11.49,NO
PUCACUNGA_RAMON CASTILLA,PUCACUNGA_RAMON CASTILLA,PUCACUNGA,RAMON CASTILLA,MARISCAL RAMON CASTILLA,,20,1,0,0,0,0,0,0,0,0,0,0,0,0,NO
PUERTO ALEGRE_RAMON CASTILLA,PUERTO ALEGRE_RAMON CASTILLA,PUERTO ALEGRE,RAMON CASTILLA,MARISCAL RAMON CASTILLA,0,12,4,12,0,0,0,1,0,0,0,0,0,0,0,NO
PUERTO ALEGRIA I ZONA_RAMON CASTILLA,PUERTO ALEGRIA I ZONA_RAMON CASTILLA,PUERTO ALEGRIA I ZONA,RAMON CASTILLA,MARISCAL RAMON CASTILLA,204,0,1,2,0,1,1,1,0,4.9,9.8,0,4.9,4.9,4.9,NO
PUERTO ALEGRIA II ZONA_RAMON CASTILLA,PUERTO ALEGRIA II ZONA_RAMON CASTILLA,PUERTO ALEGRIA II ZONA,RAMON CASTILLA,MARISCAL RAMON CASTILLA,,0,0,2,0,0,0,0,0,0,0,0,0,0,0,NO
PUERTO BRASIL_RAMON CASTILLA,PUERTO BRASIL_RAMON CASTILLA,PUERTO BRASIL,RAMON CASTILLA,MARISCAL RAMON CASTILLA,271,16,7,16,1,1,0,1,59.04,25.83,59.04,3.69,3.69,0,3.69,NO
PUERTO ELVIRA_RAMON CASTILLA,PUERTO ELVIRA_RAMON CASTILLA,PUERTO ELVIRA,RAMON CASTILLA,MARISCAL RAMON CASTILLA,,0,1,0,0,0,0,0,0,0,0,0,0,0,0,NO
PUERTO INCA_RAMON CASTILLA,PUERTO INCA_RAMON CASTILLA,PUERTO INCA,RAMON CASTILLA,MARISCAL RAMON CASTILLA,56,1,3,5,2,0,0,0,17.86,53.57,89.29,35.71,0,0,0,NO
PUERTO NARIÑO_RAMON CASTILLA,PUERTO NARIÑO_RAMON CASTILLA,PUERTO NARIÑO,RAMON CASTILLA,MARISCAL RAMON CASTILLA,,2,1,0,0,0,0,0,0,0,0,0,0,0,0,NO
PUERTO SINAI_RAMON CASTILLA,PUERTO SINAI_RAMON CASTILLA,PUERTO SINAI,RAMON CASTILLA,MARISCAL RAMON CASTILLA,193,3,1,3,2,1,0,0,15.54,5.18,15.54,10.36,5.18,0,0,NO
REQUENA_REQUENA,REQUENA_REQUENA,REQUENA,REQUENA,MARISCAL RAMON CASTILLA,19650,1,0,0,0,0,0,0,0.05,0,0,0,0,0,0,NO
RONDIÑA I ZONA_RAMON CASTILLA,RONDIÑA I ZONA_RAMON CASTILLA,RONDIÑA I ZONA,RAMON CASTILLA,MARISCAL RAMON CASTILLA,,3,1,11,3,0,0,0,0,0,0,0,0,0,0,NO
RONDIÑA II ZONA_RAMON CASTILLA,RONDIÑA II ZONA_RAMON CASTILLA,RONDIÑA II ZONA,RAMON CASTILLA,MARISCAL RAMON CASTILLA,,1,5,7,0,1,0,0,0,0,0,0,0,0,0,NO
SAN ANTONIO_RAMON CASTILLA,SAN ANTONIO_RAMON CASTILLA,SAN ANTONIO,RAMON CASTILLA,MARISCAL RAMON CASTILLA,,0,2,13,6,1,0,0,0,0,0,0,0,0,0,NO
SAN ANTONIO DE CACAO_RAMON CASTILLA,SAN ANTONIO DE CACAO_RAMON CASTILLA,SAN ANTONIO DE CACAO,RAMON CASTILLA,MARISCAL RAMON CASTILLA,169,3,10,0,0,6,9,2,17.75,59.17,0,0,35.5,53.25,11.83,NO
SAN ESTEBAN_RAMON CASTILLA,SAN ESTEBAN_RAMON CASTILLA,SAN ESTEBAN,RAMON CASTILLA,MARISCAL RAMON CASTILLA,,181,114,123,57,74,10,1,0,0,0,0,0,0,0,NO
SAN FRANCISCO DE MARICHIN_RAMON CASTILLA,SAN FRANCISCO DE MARICHIN_RAMON CASTILLA,SAN FRANCISCO DE MARICHIN,RAMON CASTILLA,MARISCAL RAMON CASTILLA,181,247,105,277,79,47,23,5,1364.64,580.11,1530.39,436.46,259.67,127.07,27.62,NO
SAN FRANCISCO DE SUNI_RAMON CASTILLA,SAN FRANCISCO DE SUNI_RAMON CASTILLA,SAN FRANCISCO DE SUNI,RAMON CASTILLA,MARISCAL RAMON CASTILLA,,0,0,0,1,0,0,0,0,0,0,0,0,0,0,NO
SAN FRANCISCO DE YAHUMA_RAMON CASTILLA,SAN FRANCISCO DE YAHUMA_RAMON CASTILLA,SAN FRANCISCO DE YAHUMA,RAMON CASTILLA,MARISCAL RAMON CASTILLA,,0,0,0,1,0,0,0,0,0,0,0,0,0,0,NO
SAN ISIDRO_RAMON CASTILLA,SAN ISIDRO_RAMON CASTILLA,SAN ISIDRO,RAMON CASTILLA,MARISCAL RAMON CASTILLA,,0,2,0,0,0,0,0,0,0,0,0,0,0,0,NO
SAN JOSE DE LORETOYACU_RAMON CASTILLA,SAN JOSE DE LORETOYACU_RAMON CASTILLA,SAN JOSE DE LORETOYACU,RAMON CASTILLA,MARISCAL RAMON CASTILLA,114,55,66,236,80,105,92,25,482.46,578.95,2070.18,701.75,921.05,807.02,219.3,NO
SAN JOSE DE YANAYACU_RAMON CASTILLA,SAN JOSE DE YANAYACU_RAMON CASTILLA,SAN JOSE DE YANAYACU,RAMON CASTILLA,MARISCAL RAMON CASTILLA,263,63,18,21,18,18,4,9,239.54,68.44,79.85,68.44,68.44,15.21,34.22,NO
SAN JUAN DE CACAO_RAMON CASTILLA,SAN JUAN DE CACAO_RAMON CASTILLA,SAN JUAN DE CACAO,RAMON CASTILLA,MARISCAL RAMON CASTILLA,69,6,1,7,1,2,0,0,86.96,14.49,101.45,14.49,28.99,0,0,NO
SAN JUAN DE RAMON CASTILL_RAMON CASTILLA,SAN JUAN DE RAMON CASTILL_RAMON CASTILLA,SAN JUAN DE RAMON CASTILL,RAMON CASTILLA,MARISCAL RAMON CASTILLA,,1,1,3,2,0,0,0,0,0,0,0,0,0,0,NO
SAN MARTIN DE ARAHUANA_RAMON CASTILLA,SAN MARTIN DE ARAHUANA_RAMON CASTILLA,SAN MARTIN DE ARAHUANA,RAMON CASTILLA,MARISCAL RAMON CASTILLA,90,21,13,59,5,7,8,1,233.33,144.44,655.56,55.56,77.78,88.89,11.11,NO
SAN MARTIN DE PORRES_RAMON CASTILLA,SAN MARTIN DE PORRES_RAMON CASTILLA,SAN MARTIN DE PORRES,RAMON CASTILLA,MARISCAL RAMON CASTILLA,,4,5,9,4,4,1,1,0,0,0,0,0,0,0,NO
SAN MIGUEL_RAMON CASTILLA,SAN MIGUEL_RAMON CASTILLA,SAN MIGUEL,RAMON CASTILLA,MARISCAL RAMON CASTILLA,,0,4,0,0,0,0,0,0,0,0,0,0,0,0,NO
SAN MIGUEL DE CACAO_RAMON CASTILLA,SAN MIGUEL DE CACAO_RAMON CASTILLA,SAN MIGUEL DE CACAO,RAMON CASTILLA,MARISCAL RAMON CASTILLA,249,25,2,4,5,1,0,2,100.4,8.03,16.06,20.08,4.02,0,8.03,NO
SAN PEDRO DE CACAO_RAMON CASTILLA,SAN PEDRO DE CACAO_RAMON CASTILLA,SAN PEDRO DE CACAO,RAMON CASTILLA,MARISCAL RAMON CASTILLA,222,3,0,3,1,1,4,1,13.51,0,13.51,4.5,4.5,18.02,4.5,NO
SAN PUA DE SUNI_RAMON CASTILLA,SAN PUA DE SUNI_RAMON CASTILLA,SAN PUA DE SUNI,RAMON CASTILLA,MARISCAL RAMON CASTILLA,,1,0,0,0,1,0,0,0,0,0,0,0,0,0,NO
SAN SALVADOR_RAMON CASTILLA,SAN SALVADOR_RAMON CASTILLA,SAN SALVADOR,RAMON CASTILLA,MARISCAL RAMON CASTILLA,101,6,6,0,0,0,0,0,59.41,59.41,0,0,0,0,0,NO
SAN SALVADOR I ZONA_RAMON CASTILLA,SAN SALVADOR I ZONA_RAMON CASTILLA,SAN SALVADOR I ZONA,RAMON CASTILLA,MARISCAL RAMON CASTILLA,80,3,1,18,0,0,0,0,37.5,12.5,225,0,0,0,0,NO
SAN SALVADOR II ZONA_RAMON CASTILLA,SAN SALVADOR II ZONA_RAMON CASTILLA,SAN SALVADOR II ZONA,RAMON CASTILLA,MARISCAL RAMON CASTILLA,52,0,0,0,1,2,0,0,0,0,0,19.23,38.46,0,0,NO
SANCHEZ CERRO_RAMON CASTILLA,SANCHEZ CERRO_RAMON CASTILLA,SANCHEZ CERRO,RAMON CASTILLA,MARISCAL RAMON CASTILLA,,3,1,0,0,0,1,0,0,0,0,0,0,0,0,NO
SANTA CECILIA_RAMON CASTILLA,SANTA CECILIA_RAMON CASTILLA,SANTA CECILIA,RAMON CASTILLA,MARISCAL RAMON CASTILLA,195,9,4,16,3,2,0,2,46.15,20.51,82.05,15.38,10.26,0,10.26,NO
SANTA CLOTILDE_RAMON CASTILLA,SANTA CLOTILDE_RAMON CASTILLA,SANTA CLOTILDE,RAMON CASTILLA,MARISCAL RAMON CASTILLA,,1,0,0,0,0,0,0,0,0,0,0,0,0,0,NO
SANTA ELENA_RAMON CASTILLA,SANTA ELENA_RAMON CASTILLA,SANTA ELENA,RAMON CASTILLA,MARISCAL RAMON CASTILLA,91,0,1,3,1,0,0,0,0,10.99,32.97,10.99,0,0,0,NO
SANTA MARTHA_RAMON CASTILLA,SANTA MARTHA_RAMON CASTILLA,SANTA MARTHA,RAMON CASTILLA,MARISCAL RAMON CASTILLA,82,0,2,1,0,0,1,0,0,24.39,12.2,0,0,12.2,0,NO
SANTA RITA DE MOCHILA_RAMON CASTILLA,SANTA RITA DE MOCHILA_RAMON CASTILLA,SANTA RITA DE MOCHILA,RAMON CASTILLA,MARISCAL RAMON CASTILLA,135,6,15,23,1,2,6,0,44.44,111.11,170.37,7.41,14.81,44.44,0,NO
SANTA ROSA_RAMON CASTILLA,SANTA ROSA_RAMON CASTILLA,SANTA ROSA,RAMON CASTILLA,MARISCAL RAMON CASTILLA,,20,34,45,4,11,6,0,0,0,0,0,0,0,0,NO
SANTA ROSA DE LIMA_RAMON CASTILLA,SANTA ROSA DE LIMA_RAMON CASTILLA,SANTA ROSA DE LIMA,RAMON CASTILLA,MARISCAL RAMON CASTILLA,59,19,0,49,14,17,28,2,322.03,0,830.51,237.29,288.14,474.58,33.9,NO
SANTA ROSA DE PICHANA_PEBAS,SANTA ROSA DE PICHANA_PEBAS,SANTA ROSA DE PICHANA,PEBAS,MARISCAL RAMON CASTILLA,,0,1,0,0,0,0,0,0,0,0,0,0,0,0,NO
SANTA ROSA DEL CAÑO_RAMON CASTILLA,SANTA ROSA DEL CAÑO_RAMON CASTILLA,SANTA ROSA DEL CAÑO,RAMON CASTILLA,MARISCAL RAMON CASTILLA,,79,55,44,4,10,10,3,0,0,0,0,0,0,0,NO
SANTA ROSA LORETO YACU_RAMON CASTILLA,SANTA ROSA LORETO YACU_RAMON CASTILLA,SANTA ROSA LORETO YACU,RAMON CASTILLA,MARISCAL RAMON CASTILLA,,0,1,0,0,0,0,0,0,0,0,0,0,0,0,NO
SANTO TOMAS_SAN PABLO,SANTO TOMAS_SAN PABLO,SANTO TOMAS,SAN PABLO,MARISCAL RAMON CASTILLA,,0,1,0,0,0,0,0,0,0,0,0,0,0,0,NO
SANTOA DE SUNI_RAMON CASTILLA,SANTOA DE SUNI_RAMON CASTILLA,SANTOA DE SUNI,RAMON CASTILLA,MARISCAL RAMON CASTILLA,80,0,3,3,0,0,0,0,0,37.5,37.5,0,0,0,0,NO
SARGENTO LORES_SAN PABLO,SARGENTO LORES_SAN PABLO,SARGENTO LORES,SAN PABLO,MARISCAL RAMON CASTILLA,,0,1,0,0,0,0,0,0,0,0,0,0,0,0,NO
TANGARANA_RAMON CASTILLA,TANGARANA_RAMON CASTILLA,TANGARANA,RAMON CASTILLA,MARISCAL RAMON CASTILLA,,1,14,120,28,17,1,0,0,0,0,0,0,0,0,NO
TIERRA AMARILLA_RAMON CASTILLA,TIERRA AMARILLA_RAMON CASTILLA,TIERRA AMARILLA,RAMON CASTILLA,MARISCAL RAMON CASTILLA,,8,6,0,1,0,0,0,0,0,0,0,0,0,0,NO
TIPISHCA_RAMON CASTILLA,TIPISHCA_RAMON CASTILLA,TIPISHCA,RAMON CASTILLA,MARISCAL RAMON CASTILLA,,0,1,0,0,0,0,0,0,0,0,0,0,0,0,NO
TRIUNFO_RAMON CASTILLA,TRIUNFO_RAMON CASTILLA,TRIUNFO,RAMON CASTILLA,MARISCAL RAMON CASTILLA,,1,0,0,0,0,0,0,0,0,0,0,0,0,0,NO
TUPAC AMARU_RAMON CASTILLA,TUPAC AMARU_RAMON CASTILLA,TUPAC AMARU,RAMON CASTILLA,MARISCAL RAMON CASTILLA,112,1,5,17,3,6,3,3,8.93,44.64,151.79,26.79,53.57,26.79,26.79,NO
UNION PROGRESISTA_RAMON CASTILLA,UNION PROGRESISTA_RAMON CASTILLA,UNION PROGRESISTA,RAMON CASTILLA,MARISCAL RAMON CASTILLA,,5,2,0,0,0,0,0,0,0,0,0,0,0,0,NO
URANIAS_RAMON CASTILLA,URANIAS_RAMON CASTILLA,URANIAS,RAMON CASTILLA,MARISCAL RAMON CASTILLA,78,38,5,39,17,22,14,32,487.18,64.1,500,217.95,282.05,179.49,410.26,NO
VILLA LUZ_RAMON CASTILLA,VILLA LUZ_RAMON CASTILLA,VILLA LUZ,RAMON CASTILLA,MARISCAL RAMON CASTILLA,37,9,11,33,9,0,6,1,243.24,297.3,891.89,243.24,0,162.16,27.03,NO
VILLA NUEVA ESPERANZA_RAMON CASTILLA,VILLA NUEVA ESPERANZA_RAMON CASTILLA,VILLA NUEVA ESPERANZA,RAMON CASTILLA,MARISCAL RAMON CASTILLA,29,0,2,0,1,2,1,0,0,68.97,0,34.48,68.97,34.48,0,NO
VILLA NUEVA VIDA_RAMON CASTILLA,VILLA NUEVA VIDA_RAMON CASTILLA,VILLA NUEVA VIDA,RAMON CASTILLA,MARISCAL RAMON CASTILLA,,0,0,9,0,0,0,0,0,0,0,0,0,0,0,NO
VILLA SAN ESTEBAN_RAMON CASTILLA,VILLA SAN ESTEBAN_RAMON CASTILLA,VILLA SAN ESTEBAN,RAMON CASTILLA,MARISCAL RAMON CASTILLA,47,3,15,0,3,0,0,0,63.83,319.15,0,63.83,0,0,0,NO
VILLA SANTA ROSA_RAMON CASTILLA,VILLA SANTA ROSA_RAMON CASTILLA,VILLA SANTA ROSA,RAMON CASTILLA,MARISCAL RAMON CASTILLA,100,18,2,18,1,4,0,0,180,20,180,10,40,0,0,NO
VISTA ALEGRE_RAMON CASTILLA,VISTA ALEGRE_RAMON CASTILLA,VISTA ALEGRE,RAMON CASTILLA,MARISCAL RAMON CASTILLA,305,6,2,7,2,8,7,0,19.67,6.56,22.95,6.56,26.23,22.95,0,NO
YAHUMA CALLARU / 2 DE MAYO_RAMON CASTILLA,YAHUMA CALLARU / 2 DE MAYO_RAMON CASTILLA,YAHUMA CALLARU / 2 DE MAYO,RAMON CASTILLA,MARISCAL RAMON CASTILLA,,5,0,17,4,3,0,1,0,0,0,0,0,0,0,NO
YAHUMA I ZONA_RAMON CASTILLA,YAHUMA I ZONA_RAMON CASTILLA,YAHUMA I ZONA,RAMON CASTILLA,MARISCAL RAMON CASTILLA,122,1,0,5,0,0,0,0,8.2,0,40.98,0,0,0,0,NO
YAHUMA II ZONA_RAMON CASTILLA,YAHUMA II ZONA_RAMON CASTILLA,YAHUMA II ZONA,RAMON CASTILLA,MARISCAL RAMON CASTILLA,138,0,0,6,0,1,0,1,0,0,43.48,0,7.25,0,7.25,NO
9 DE OCTUBRE_SAN PABLO,9 DE OCTUBRE_SAN PABLO,9 DE OCTUBRE,SAN PABLO,MARISCAL RAMON CASTILLA,262,65,25,46,8,1,0,5,248.09,95.42,175.57,30.53,3.82,0,19.08,NO
ACHUAL_SAN PABLO,ACHUAL_SAN PABLO,ACHUAL,SAN PABLO,MARISCAL RAMON CASTILLA,122,1,0,0,0,2,0,1,8.2,0,0,0,16.39,0,8.2,NO
ALFARO_SAN PABLO,ALFARO_SAN PABLO,ALFARO,SAN PABLO,MARISCAL RAMON CASTILLA,357,77,14,16,2,4,0,1,215.69,39.22,44.82,5.6,11.2,0,2.8,NO
ALTO MONTE ISRAEL_SAN PABLO,ALTO MONTE ISRAEL_SAN PABLO,ALTO MONTE ISRAEL,SAN PABLO,MARISCAL RAMON CASTILLA,2078,24,10,42,23,1,2,1,11.55,4.81,20.21,11.07,0.48,0.96,0.48,NO
BEIRUTH_SAN PABLO,BEIRUTH_SAN PABLO,BEIRUTH,SAN PABLO,MARISCAL RAMON CASTILLA,404,0,2,1,0,0,1,0,0,4.95,2.48,0,0,2.48,0,NO
BUEN JARDIN_SAN PABLO,BUEN JARDIN_SAN PABLO,BUEN JARDIN,SAN PABLO,MARISCAL RAMON CASTILLA,,0,2,0,0,0,0,0,0,0,0,0,0,0,0,NO
CAJOCUMA_SAN PABLO,CAJOCUMA_SAN PABLO,CAJOCUMA,SAN PABLO,MARISCAL RAMON CASTILLA,222,8,3,5,1,1,0,0,36.04,13.51,22.52,4.5,4.5,0,0,NO
CAPIRONAL_SAN PABLO,CAPIRONAL_SAN PABLO,CAPIRONAL,SAN PABLO,MARISCAL RAMON CASTILLA,209,2,2,1,2,1,0,0,9.57,9.57,4.78,9.57,4.78,0,0,NO
COCHIQUINA_SAN PABLO,COCHIQUINA_SAN PABLO,COCHIQUINA,SAN PABLO,MARISCAL RAMON CASTILLA,,1,0,0,0,0,0,0,0,0,0,0,0,0,0,NO
COLONIA SAN PABLO_SAN PABLO,COLONIA SAN PABLO_SAN PABLO,COLONIA SAN PABLO,SAN PABLO,MARISCAL RAMON CASTILLA,134,3,7,1,2,10,0,0,22.39,52.24,7.46,14.93,74.63,0,0,NO
EMILIO BARCIA_SAN PABLO,EMILIO BARCIA_SAN PABLO,EMILIO BARCIA,SAN PABLO,MARISCAL RAMON CASTILLA,,4,3,2,0,0,1,0,0,0,0,0,0,0,0,NO
ES UN DISTRITO NO LOCALIDAD_SAN PABLO,#N/A,ES UN DISTRITO NO LOCALIDAD,SAN PABLO,MARISCAL RAMON CASTILLA,,0,2,0,0,0,0,0,0,0,0,0,0,0,0,NO
GONZALO BRISEÑO_SAN PABLO,GONZALO BRISEÑO_SAN PABLO,GONZALO BRISEÑO,SAN PABLO,MARISCAL RAMON CASTILLA,,1,0,0,0,0,0,0,0,0,0,0,0,0,0,NO
HORACIO ZEVALLOS_SAN PABLO,HORACIO ZEVALLOS_SAN PABLO,HORACIO ZEVALLOS,SAN PABLO,MARISCAL RAMON CASTILLA,142,5,2,1,2,2,0,0,35.21,14.08,7.04,14.08,14.08,0,0,NO
JESUS DE PRAGA_SAN PABLO,JESUS DE PRAGA_SAN PABLO,JESUS DE PRAGA,SAN PABLO,MARISCAL RAMON CASTILLA,372,15,5,13,5,0,0,0,40.32,13.44,34.95,13.44,0,0,0,NO
JUAN PABLO II_SAN PABLO,JUAN PABLO II_SAN PABLO,JUAN PABLO II,SAN PABLO,MARISCAL RAMON CASTILLA,113,10,0,0,0,0,0,0,88.5,0,0,0,0,0,0,NO
LAS PALMERAS_SAN PABLO,LAS PALMERAS_SAN PABLO,LAS PALMERAS,SAN PABLO,MARISCAL RAMON CASTILLA,137,2,2,6,0,0,0,0,14.6,14.6,43.8,0,0,0,0,NO
MAYORUNA_SAN PABLO,MAYORUNA_SAN PABLO,MAYORUNA,SAN PABLO,MARISCAL RAMON CASTILLA,221,16,35,34,10,23,4,1,72.4,158.37,153.85,45.25,104.07,18.1,4.52,NO
NUEVA ESPERANZA_SAN PABLO,NUEVA ESPERANZA_SAN PABLO,NUEVA ESPERANZA,SAN PABLO,MARISCAL RAMON CASTILLA,,0,0,1,0,0,0,1,0,0,0,0,0,0,0,NO
NUEVA ESPERANZA_SAN PABLO,NUEVA ESPERANZA_SAN PABLO,NUEVA ESPERANZA,SAN PABLO,MARISCAL RAMON CASTILLA,104,5,8,7,1,5,0,0,48.08,76.92,67.31,9.62,48.08,0,0,NO
NUEVO PROGRESO_SAN PABLO,NUEVO PROGRESO_SAN PABLO,NUEVO PROGRESO,SAN PABLO,MARISCAL RAMON CASTILLA,86,2,1,1,0,0,0,0,23.26,11.63,11.63,0,0,0,0,NO
PERTENECE AL DISTRITO RAMON CASTILLA_SAN PABLO,#N/A,PERTENECE AL DISTRITO RAMON CASTILLA,SAN PABLO,MARISCAL RAMON CASTILLA,,0,3,0,0,0,0,0,0,0,0,0,0,0,0,NO
PERUATE I ZONA_SAN PABLO,PERUATE I ZONA_SAN PABLO,PERUATE I ZONA,SAN PABLO,MARISCAL RAMON CASTILLA,110,3,0,2,0,0,0,0,27.27,0,18.18,0,0,0,0,NO
PERUATE II ZONA_SAN PABLO,PERUATE II ZONA_SAN PABLO,PERUATE II ZONA,SAN PABLO,MARISCAL RAMON CASTILLA,146,3,0,0,4,1,0,0,20.55,0,0,27.4,6.85,0,0,NO
PROSPERIDAD_SAN PABLO,PROSPERIDAD_SAN PABLO,PROSPERIDAD,SAN PABLO,MARISCAL RAMON CASTILLA,225,2,4,3,0,0,0,0,8.89,17.78,13.33,0,0,0,0,NO
PUCA PLAYA_SAN PABLO,PUCA PLAYA_SAN PABLO,PUCA PLAYA,SAN PABLO,MARISCAL RAMON CASTILLA,,0,0,0,0,1,0,0,0,0,0,0,0,0,0,NO
RESACA PERUATE_SAN PABLO,RESACA PERUATE_SAN PABLO,RESACA PERUATE,SAN PABLO,MARISCAL RAMON CASTILLA,175,3,0,2,0,0,1,0,17.14,0,11.43,0,0,5.71,0,NO
SAN ALBERTO DE MOROYA_SAN PABLO,SAN ALBERTO DE MOROYA_SAN PABLO,SAN ALBERTO DE MOROYA,SAN PABLO,MARISCAL RAMON CASTILLA,,5,5,4,3,1,0,2,0,0,0,0,0,0,0,NO
SAN ANTONIO_SAN PABLO,SAN ANTONIO_SAN PABLO,SAN ANTONIO,SAN PABLO,MARISCAL RAMON CASTILLA,899,24,15,58,8,7,10,1,26.7,16.69,64.52,8.9,7.79,11.12,1.11,NO
SAN FELIPE_SAN PABLO,SAN FELIPE_SAN PABLO,SAN FELIPE,SAN PABLO,MARISCAL RAMON CASTILLA,498,30,7,13,7,2,2,0,60.24,14.06,26.1,14.06,4.02,4.02,0,NO
SAN ISIDRO_SAN PABLO,SAN ISIDRO_SAN PABLO,SAN ISIDRO,SAN PABLO,MARISCAL RAMON CASTILLA,770,7,2,8,1,1,0,0,9.09,2.6,10.39,1.3,1.3,0,0,NO
SAN JOSE DE BERCEVAS - PERTENECE AL DISTRITO RAMON CASTILLA_SAN PABLO,#N/A,SAN JOSE DE BERCEVAS - PERTENECE AL DISTRITO RAMON CASTILLA,SAN PABLO,MARISCAL RAMON CASTILLA,,0,0,3,6,0,0,1,0,0,0,0,0,0,0,NO
SAN JOSE DE PROSPERIDAD_SAN PABLO,SAN JOSE DE PROSPERIDAD_SAN PABLO,SAN JOSE DE PROSPERIDAD,SAN PABLO,MARISCAL RAMON CASTILLA,119,0,3,1,0,1,0,0,0,25.21,8.4,0,8.4,0,0,NO
SAN JUAN DE CAMUCHERO_SAN PABLO,SAN JUAN DE CAMUCHERO_SAN PABLO,SAN JUAN DE CAMUCHERO,SAN PABLO,MARISCAL RAMON CASTILLA,338,7,8,12,5,5,0,1,20.71,23.67,35.5,14.79,14.79,0,2.96,NO
SAN MIGUEL DE COCHIQUINAS_SAN PABLO,SAN MIGUEL DE COCHIQUINAS_SAN PABLO,SAN MIGUEL DE COCHIQUINAS,SAN PABLO,MARISCAL RAMON CASTILLA,105,8,8,12,3,0,0,0,76.19,76.19,114.29,28.57,0,0,0,NO
SAN PABLO_SAN PABLO,SAN PABLO_SAN PABLO,SAN PABLO,SAN PABLO,MARISCAL RAMON CASTILLA,,82,29,21,5,7,2,1,0,0,0,0,0,0,0,NO
SAN PABLO DE LORETO_SAN PABLO,SAN PABLO DE LORETO_SAN PABLO,SAN PABLO DE LORETO,SAN PABLO,MARISCAL RAMON CASTILLA,2518,9,6,24,2,10,1,1,3.57,2.38,9.53,0.79,3.97,0.4,0.4,NO
SAN PEDRO DE PALO SECO - PERTENECE A RAMON CASTILLA_SAN PABLO,#N/A,SAN PEDRO DE PALO SECO - PERTENECE A RAMON CASTILLA,SAN PABLO,MARISCAL RAMON CASTILLA,,0,3,0,0,0,0,0,0,0,0,0,0,0,0,NO
SANTA CLARA_SAN PABLO,SANTA CLARA_SAN PABLO,SANTA CLARA,SAN PABLO,MARISCAL RAMON CASTILLA,100,1,1,2,1,0,0,0,10,10,20,10,0,0,0,NO
SANTA ELENA DE IMAZA_PEBAS,SANTA ELENA DE IMAZA_PEBAS,SANTA ELENA DE IMAZA,PEBAS,MARISCAL RAMON CASTILLA,,12,5,4,4,0,0,1,0,0,0,0,0,0,0,NO
SANTA RITA_SAN PABLO,SANTA RITA_SAN PABLO,SANTA RITA,SAN PABLO,MARISCAL RAMON CASTILLA,345,1,6,5,1,0,0,1,2.9,17.39,14.49,2.9,0,0,2.9,NO
SANTA ROSA_SAN PABLO,SANTA ROSA_SAN PABLO,SANTA ROSA,SAN PABLO,MARISCAL RAMON CASTILLA,,1,1,0,1,0,0,0,0,0,0,0,0,0,0,NO
SANTA ROSA DE PUCA PLAYA_SAN PABLO,SANTA ROSA DE PUCA PLAYA_SAN PABLO,SANTA ROSA DE PUCA PLAYA,SAN PABLO,MARISCAL RAMON CASTILLA,55,0,1,0,0,0,0,0,0,18.18,0,0,0,0,0,NO
SANTO TOMAS_SAN PABLO,SANTO TOMAS_SAN PABLO,SANTO TOMAS,SAN PABLO,MARISCAL RAMON CASTILLA,412,2,1,5,2,1,0,0,4.85,2.43,12.14,4.85,2.43,0,0,NO
SANTO TORIBIO DE MOGROVEJO - PERTENECE AL DISTRITO PEBAS_SAN PABLO,#N/A,SANTO TORIBIO DE MOGROVEJO - PERTENECE AL DISTRITO PEBAS,SAN PABLO,MARISCAL RAMON CASTILLA,,0,0,1,0,0,0,0,0,0,0,0,0,0,0,NO
SARGENTO LORES CAMOTE_SAN PABLO,SARGENTO LORES CAMOTE_SAN PABLO,SARGENTO LORES CAMOTE,SAN PABLO,MARISCAL RAMON CASTILLA,147,3,2,3,0,0,0,0,20.41,13.61,20.41,0,0,0,0,NO
SEÑOR DE LOS MILAGROS_SAN PABLO,SEÑOR DE LOS MILAGROS_SAN PABLO,SEÑOR DE LOS MILAGROS,SAN PABLO,MARISCAL RAMON CASTILLA,,0,2,0,2,0,0,0,0,0,0,0,0,0,0,NO
TARZO_SAN PABLO,TARZO_SAN PABLO,TARZO,SAN PABLO,MARISCAL RAMON CASTILLA,,0,1,0,0,0,0,0,0,0,0,0,0,0,0,NO
UNION PROGRESISTA_SAN PABLO,UNION PROGRESISTA_SAN PABLO,UNION PROGRESISTA,SAN PABLO,MARISCAL RAMON CASTILLA,306,3,2,5,4,2,0,0,9.8,6.54,16.34,13.07,6.54,0,0,NO
VERBENA_SAN PABLO,VERBENA_SAN PABLO,VERBENA,SAN PABLO,MARISCAL RAMON CASTILLA,117,1,0,0,0,0,1,0,8.55,0,0,0,0,8.55,0,NO
YARINA_SAN PABLO,YARINA_SAN PABLO,YARINA,SAN PABLO,MARISCAL RAMON CASTILLA,194,0,1,3,0,0,0,0,0,5.15,15.46,0,0,0,0,NO
2 DE JULIO_YAVARI,2 DE JULIO_YAVARI,2 DE JULIO,YAVARI,MARISCAL RAMON CASTILLA,,7,0,0,0,0,0,0,0,0,0,0,0,0,0,NO
2 DE MAYO_YAVARI,2 DE MAYO_YAVARI,2 DE MAYO,YAVARI,MARISCAL RAMON CASTILLA,55,67,31,66,4,12,4,1,1218.18,563.64,1200,72.73,218.18,72.73,18.18,NO
28 DE JULIO_YAVARI,28 DE JULIO_YAVARI,28 DE JULIO,YAVARI,MARISCAL RAMON CASTILLA,59,35,1,16,0,0,0,0,593.22,16.95,271.19,0,0,0,0,NO
3 DE NOVIEMBRE_YAVARI,3 DE NOVIEMBRE_YAVARI,3 DE NOVIEMBRE,YAVARI,MARISCAL RAMON CASTILLA,14,16,1,1,0,0,2,0,1142.86,71.43,71.43,0,0,142.86,0,NO
ABANCAY_YAVARI,ABANCAY_YAVARI,ABANCAY,YAVARI,MARISCAL RAMON CASTILLA,,0,9,0,0,0,0,0,0,0,0,0,0,0,0,NO
ALIANZA_YAVARI,ALIANZA_YAVARI,ALIANZA,YAVARI,MARISCAL RAMON CASTILLA,,1,0,0,0,0,0,0,0,0,0,0,0,0,0,NO
AMELIA_YAVARI,AMELIA_YAVARI,AMELIA,YAVARI,MARISCAL RAMON CASTILLA,0,0,1,2,0,0,0,0,0,0,0,0,0,0,0,NO
ANTIQUERA_YAVARI,ANTIQUERA_YAVARI,ANTIQUERA,YAVARI,MARISCAL RAMON CASTILLA,0,9,3,3,0,11,2,0,0,0,0,0,0,0,0,NO
ARICA_YAVARI,ARICA_YAVARI,ARICA,YAVARI,MARISCAL RAMON CASTILLA,,1,0,0,0,0,0,0,0,0,0,0,0,0,0,NO
ATALAYA_YAVARI,ATALAYA_YAVARI,ATALAYA,YAVARI,MARISCAL RAMON CASTILLA,,1,0,0,0,0,0,0,0,0,0,0,0,0,0,NO
BELLAVISTA CALLARU_YAVARI,BELLAVISTA CALLARU_YAVARI,BELLAVISTA CALLARU,YAVARI,MARISCAL RAMON CASTILLA,,161,6,2,177,257,365,79,0,0,0,0,0,0,0,NO
BENLLAMIN_YAVARI,BENLLAMIN_YAVARI,BENLLAMIN,YAVARI,MARISCAL RAMON CASTILLA,,7,3,2,1,2,0,0,0,0,0,0,0,0,0,NO
BRASIL_YAVARI,BRASIL_YAVARI,BRASIL,YAVARI,MARISCAL RAMON CASTILLA,,11,0,0,0,0,0,0,0,0,0,0,0,0,0,NO
BUEN CAMINO_YAVARI,BUEN CAMINO_YAVARI,BUEN CAMINO,YAVARI,MARISCAL RAMON CASTILLA,,6,0,0,0,0,0,0,0,0,0,0,0,0,0,NO
BUEN INTENTO_YAVARI,BUEN INTENTO_YAVARI,BUEN INTENTO,YAVARI,MARISCAL RAMON CASTILLA,,3,0,0,0,0,0,0,0,0,0,0,0,0,0,NO
BUEN SUCESO_YAVARI,BUEN SUCESO_YAVARI,BUEN SUCESO,YAVARI,MARISCAL RAMON CASTILLA,191,271,329,357,169,142,44,17,1418.85,1722.51,1869.11,884.82,743.46,230.37,89.01,NO
BUFEO COCHA_YAVARI,BUFEO COCHA_YAVARI,BUFEO COCHA,YAVARI,MARISCAL RAMON CASTILLA,,1,3,67,0,0,0,0,0,0,0,0,0,0,0,NO
CANAAN DE LA ESPERANZA_YAVARI,CANAAN DE LA ESPERANZA_YAVARI,CANAAN DE LA ESPERANZA,YAVARI,MARISCAL RAMON CASTILLA,72,69,22,50,15,19,5,8,958.33,305.56,694.44,208.33,263.89,69.44,111.11,NO
CAROLINA_YAVARI,CAROLINA_YAVARI,CAROLINA,YAVARI,MARISCAL RAMON CASTILLA,10,8,6,2,1,3,3,1,800,600,200,100,300,300,100,NO
CASAMBU_YAVARI,CASAMBU_YAVARI,CASAMBU,YAVARI,MARISCAL RAMON CASTILLA,,0,0,1,0,1,0,0,0,0,0,0,0,0,0,NO
CHINERIA_YAVARI,CHINERIA_YAVARI,CHINERIA,YAVARI,MARISCAL RAMON CASTILLA,171,1,0,0,0,0,0,0,5.85,0,0,0,0,0,0,NO
ERENE_YAVARI,ERENE_YAVARI,ERENE,YAVARI,MARISCAL RAMON CASTILLA,,199,1,1,15,4,12,5,0,0,0,0,0,0,0,NO
ES UN DISTRITO_YAVARI,#N/A,ES UN DISTRITO,YAVARI,MARISCAL RAMON CASTILLA,,25,9,16,3,16,20,1,0,0,0,0,0,0,0,NO
ESPERANZA_YAVARI,ESPERANZA_YAVARI,ESPERANZA,YAVARI,MARISCAL RAMON CASTILLA,,67,0,0,0,0,0,0,0,0,0,0,0,0,0,NO
FOLY_YAVARI,FOLY_YAVARI,FOLY,YAVARI,MARISCAL RAMON CASTILLA,,16,0,0,0,0,0,0,0,0,0,0,0,0,0,NO
GAMBOA_YAVARI,GAMBOA_YAVARI,GAMBOA,YAVARI,MARISCAL RAMON CASTILLA,139,3,0,0,0,0,0,0,21.58,0,0,0,0,0,0,NO
HORACIO ZEVALLOS_SAN PABLO,HORACIO ZEVALLOS_SAN PABLO,HORACIO ZEVALLOS,SAN PABLO,MARISCAL RAMON CASTILLA,,0,0,0,1,0,0,0,0,0,0,0,0,0,0,NO
INTERNADO_YAVARI,INTERNADO_YAVARI,INTERNADO,YAVARI,MARISCAL RAMON CASTILLA,,1,0,0,0,0,0,0,0,0,0,0,0,0,0,NO
ISLANDIA_YAVARI,ISLANDIA_YAVARI,ISLANDIA,YAVARI,MARISCAL RAMON CASTILLA,1637,340,245,441,148,99,63,13,207.7,149.66,269.4,90.41,60.48,38.49,7.94,NO
JAPON_YAVARI,JAPON_YAVARI,JAPON,YAVARI,MARISCAL RAMON CASTILLA,69,104,41,76,21,35,56,16,1507.25,594.2,1101.45,304.35,507.25,811.59,231.88,NO
JERUSALEN_YAVARI,JERUSALEN_YAVARI,JERUSALEN,YAVARI,MARISCAL RAMON CASTILLA,,56,0,0,0,0,0,0,0,0,0,0,0,0,0,NO
LAS FLORES_YAVARI,LAS FLORES_YAVARI,LAS FLORES,YAVARI,MARISCAL RAMON CASTILLA,,2,0,0,0,0,0,0,0,0,0,0,0,0,0,NO
LEONCIO RAMIREZ_YAVARI,LEONCIO RAMIREZ_YAVARI,LEONCIO RAMIREZ,YAVARI,MARISCAL RAMON CASTILLA,106,15,5,24,1,1,1,1,141.51,47.17,226.42,9.43,9.43,9.43,9.43,NO
LIBANO_YAVARI,LIBANO_YAVARI,LIBANO,YAVARI,MARISCAL RAMON CASTILLA,,1,0,0,0,0,0,0,0,0,0,0,0,0,0,NO
LIMONERO_YAVARI,LIMONERO_YAVARI,LIMONERO,YAVARI,MARISCAL RAMON CASTILLA,115,73,38,80,1,33,45,8,634.78,330.43,695.65,8.7,286.96,391.3,69.57,NO
MACAO_YAVARI,MACAO_YAVARI,MACAO,YAVARI,MARISCAL RAMON CASTILLA,,2,0,0,0,0,0,0,0,0,0,0,0,0,0,NO
MARIO RIVERA_YAVARI,MARIO RIVERA_YAVARI,MARIO RIVERA,YAVARI,MARISCAL RAMON CASTILLA,17,0,0,1,0,0,0,0,0,0,58.82,0,0,0,0,NO
MIRI_YAVARI,MIRI_YAVARI,MIRI,YAVARI,MARISCAL RAMON CASTILLA,,3,0,4,0,7,2,5,0,0,0,0,0,0,0,NO
NUEVA ESPERANZA_YAVARI,NUEVA ESPERANZA_YAVARI,NUEVA ESPERANZA,YAVARI,MARISCAL RAMON CASTILLA,259,615,403,153,88,470,196,72,2374.52,1555.98,590.73,339.77,1814.67,756.76,277.99,NO
NUEVA NAZARET_YAVARI,NUEVA NAZARET_YAVARI,NUEVA NAZARET,YAVARI,MARISCAL RAMON CASTILLA,,48,1,14,1,4,4,1,0,0,0,0,0,0,0,NO
NUEVO HORIZONTE_YAVARI,NUEVO HORIZONTE_YAVARI,NUEVO HORIZONTE,YAVARI,MARISCAL RAMON CASTILLA,,1,0,0,0,0,0,0,0,0,0,0,0,0,0,NO
NUEVO JERUSALEN_YAVARI,NUEVO JERUSALEN_YAVARI,NUEVO JERUSALEN,YAVARI,MARISCAL RAMON CASTILLA,203,264,126,43,3,38,103,15,1300.49,620.69,211.82,14.78,187.19,507.39,73.89,NO
NUEVO MONTE DE LOS OLIVOS_YAVARI,NUEVO MONTE DE LOS OLIVOS_YAVARI,NUEVO MONTE DE LOS OLIVOS,YAVARI,MARISCAL RAMON CASTILLA,19,6,0,16,0,81,30,0,315.79,0,842.11,0,4263.16,1578.95,0,NO
NUEVO ORIENTE_YAVARI,NUEVO ORIENTE_YAVARI,NUEVO ORIENTE,YAVARI,MARISCAL RAMON CASTILLA,63,0,0,0,0,1,0,0,0,0,0,0,15.87,0,0,NO
NUEVO PARAISO_YAVARI,NUEVO PARAISO_YAVARI,NUEVO PARAISO,YAVARI,MARISCAL RAMON CASTILLA,,1,0,0,0,0,0,0,0,0,0,0,0,0,0,NO
NUEVO RECREO_YAVARI,NUEVO RECREO_YAVARI,NUEVO RECREO,YAVARI,MARISCAL RAMON CASTILLA,,0,0,1,0,0,0,0,0,0,0,0,0,0,0,NO
NUEVO REMANSO_YAVARI,NUEVO REMANSO_YAVARI,NUEVO REMANSO,YAVARI,MARISCAL RAMON CASTILLA,,3,2,1,0,1,0,0,0,0,0,0,0,0,0,NO
NUEVO SAN FELIPE_YAVARI,NUEVO SAN FELIPE_YAVARI,NUEVO SAN FELIPE,YAVARI,MARISCAL RAMON CASTILLA,32,0,0,0,0,2,2,0,0,0,0,0,62.5,62.5,0,NO
NUEVO SAN JUAN_YAVARI,NUEVO SAN JUAN_YAVARI,NUEVO SAN JUAN,YAVARI,MARISCAL RAMON CASTILLA,28,1,0,0,0,0,0,0,35.71,0,0,0,0,0,0,NO
PANGUANA_YAVARI,PANGUANA_YAVARI,PANGUANA,YAVARI,MARISCAL RAMON CASTILLA,,1,0,0,0,0,0,0,0,0,0,0,0,0,0,NO
PARAISO_YAVARI,PARAISO_YAVARI,PARAISO,YAVARI,MARISCAL RAMON CASTILLA,25,20,2,2,1,0,2,2,800,80,80,40,0,80,80,NO
PARANA_YAVARI,PARANA_YAVARI,PARANA,YAVARI,MARISCAL RAMON CASTILLA,,1,0,0,0,0,0,0,0,0,0,0,0,0,0,NO
PARINARI_YAVARI,PARINARI_YAVARI,PARINARI,YAVARI,MARISCAL RAMON CASTILLA,,31,0,0,0,0,0,0,0,0,0,0,0,0,0,NO
PETROPOLIS_YAVARI,PETROPOLIS_YAVARI,PETROPOLIS,YAVARI,MARISCAL RAMON CASTILLA,149,11,7,9,4,2,1,1,73.83,46.98,60.4,26.85,13.42,6.71,6.71,NO
POBRE ALEGRE_YAVARI,POBRE ALEGRE_YAVARI,POBRE ALEGRE,YAVARI,MARISCAL RAMON CASTILLA,29,32,34,67,11,21,6,1,1103.45,1172.41,2310.34,379.31,724.14,206.9,34.48,NO
PROGRESO_YAVARI,PROGRESO_YAVARI,PROGRESO,YAVARI,MARISCAL RAMON CASTILLA,,4,0,0,0,0,0,0,0,0,0,0,0,0,0,NO
PUCALLPA_YAVARI,PUCALLPA_YAVARI,PUCALLPA,YAVARI,MARISCAL RAMON CASTILLA,,2,0,0,0,0,0,0,0,0,0,0,0,0,0,NO
PUERTO ALEGRE_YAVARI,PUERTO ALEGRE_YAVARI,PUERTO ALEGRE,YAVARI,MARISCAL RAMON CASTILLA,,1,0,0,0,0,0,0,0,0,0,0,0,0,0,NO
PUERTO ALEGRIA_YAVARI,PUERTO ALEGRIA_YAVARI,PUERTO ALEGRIA,YAVARI,MARISCAL RAMON CASTILLA,478,7,1,18,8,5,5,0,14.64,2.09,37.66,16.74,10.46,10.46,0,NO
PUERTO AMELIA_YAVARI,PUERTO AMELIA_YAVARI,PUERTO AMELIA,YAVARI,MARISCAL RAMON CASTILLA,,0,1,0,0,0,0,0,0,0,0,0,0,0,0,NO
PUERTO LIBANO_YAVARI,PUERTO LIBANO_YAVARI,PUERTO LIBANO,YAVARI,MARISCAL RAMON CASTILLA,23,1,4,7,0,0,0,0,43.48,173.91,304.35,0,0,0,0,NO
REMANSO_YAVARI,REMANSO_YAVARI,REMANSO,YAVARI,MARISCAL RAMON CASTILLA,40,13,3,3,0,4,0,0,325,75,75,0,100,0,0,NO
RONDIÑA_YAVARI,RONDIÑA_YAVARI,RONDIÑA,YAVARI,MARISCAL RAMON CASTILLA,,0,0,0,0,0,0,1,0,0,0,0,0,0,0,NO
SACAMBU_YAVARI,SACAMBU_YAVARI,SACAMBU,YAVARI,MARISCAL RAMON CASTILLA,22,36,33,30,3,6,1,3,1636.36,1500,1363.64,136.36,272.73,45.45,136.36,NO
SAN FELIPE_YAVARI,SAN FELIPE_YAVARI,SAN FELIPE,YAVARI,MARISCAL RAMON CASTILLA,,10,0,0,0,0,0,0,0,0,0,0,0,0,0,NO
SAN FRANCISCO_YAVARI,SAN FRANCISCO_YAVARI,SAN FRANCISCO,YAVARI,MARISCAL RAMON CASTILLA,,1,0,2,0,0,0,0,0,0,0,0,0,0,0,NO
SAN JOSE DE PARINARI_YAVARI,SAN JOSE DE PARINARI_YAVARI,SAN JOSE DE PARINARI,YAVARI,MARISCAL RAMON CASTILLA,117,14,1,20,2,5,7,3,119.66,8.55,170.94,17.09,42.74,59.83,25.64,NO
SAN JUAN_YAVARI,SAN JUAN_YAVARI,SAN JUAN,YAVARI,MARISCAL RAMON CASTILLA,,11,1,10,0,29,29,0,0,0,0,0,0,0,0,NO
SAN LUIS_YAVARI,SAN LUIS_YAVARI,SAN LUIS,YAVARI,MARISCAL RAMON CASTILLA,,1,0,0,0,0,0,0,0,0,0,0,0,0,0,NO
SAN MATEO_YAVARI,SAN MATEO_YAVARI,SAN MATEO,YAVARI,MARISCAL RAMON CASTILLA,,10,1,2,0,0,1,0,0,0,0,0,0,0,0,NO
SAN PABLO_YAVARI,SAN PABLO_YAVARI,SAN PABLO,YAVARI,MARISCAL RAMON CASTILLA,,1,0,0,0,0,0,0,0,0,0,0,0,0,0,NO
SAN PEDRO_YAVARI,SAN PEDRO_YAVARI,SAN PEDRO,YAVARI,MARISCAL RAMON CASTILLA,478,298,330,219,7,87,33,13,623.43,690.38,458.16,14.64,182.01,69.04,27.2,NO
SAN RAIMUNDO_YAVARI,SAN RAIMUNDO_YAVARI,SAN RAIMUNDO,YAVARI,MARISCAL RAMON CASTILLA,,3,0,0,0,0,0,0,0,0,0,0,0,0,0,NO
SAN SALVADOR_YAVARI,SAN SALVADOR_YAVARI,SAN SALVADOR,YAVARI,MARISCAL RAMON CASTILLA,,0,1,0,0,0,0,0,0,0,0,0,0,0,0,NO
SAN SEBASTIAN_YAVARI,SAN SEBASTIAN_YAVARI,SAN SEBASTIAN,YAVARI,MARISCAL RAMON CASTILLA,125,52,22,162,2,82,7,8,416,176,1296,16,656,56,64,NO
SAN VICENTE_YAVARI,SAN VICENTE_YAVARI,SAN VICENTE,YAVARI,MARISCAL RAMON CASTILLA,,4,0,1,0,0,0,0,0,0,0,0,0,0,0,NO
SANTA LUCIA_YAVARI,SANTA LUCIA_YAVARI,SANTA LUCIA,YAVARI,MARISCAL RAMON CASTILLA,,1,0,0,0,0,0,0,0,0,0,0,0,0,0,NO
SANTA RITA_YAVARI,SANTA RITA_YAVARI,SANTA RITA,YAVARI,MARISCAL RAMON CASTILLA,52,38,10,12,0,4,7,0,730.77,192.31,230.77,0,76.92,134.62,0,NO
SANTA ROSA_YAVARI,SANTA ROSA_YAVARI,SANTA ROSA,YAVARI,MARISCAL RAMON CASTILLA,396,304,198,196,30,82,61,10,767.68,500,494.95,75.76,207.07,154.04,25.25,NO
SANTA TERESA_YAVARI,SANTA TERESA_YAVARI,SANTA TERESA,YAVARI,MARISCAL RAMON CASTILLA,,320,130,279,112,84,58,20,0,0,0,0,0,0,0,NO
SANTA TERESA I ZONA_YAVARI,SANTA TERESA I ZONA_YAVARI,SANTA TERESA I ZONA,YAVARI,MARISCAL RAMON CASTILLA,274,297,435,176,47,105,269,185,1083.94,1587.59,642.34,171.53,383.21,981.75,675.18,NO
SANTA TERESA II ZONA_YAVARI,SANTA TERESA II ZONA_YAVARI,SANTA TERESA II ZONA,YAVARI,MARISCAL RAMON CASTILLA,128,37,53,44,0,10,36,24,289.06,414.06,343.75,0,78.13,281.25,187.5,NO
SIMON RIVERA_YAVARI,SIMON RIVERA_YAVARI,SIMON RIVERA,YAVARI,MARISCAL RAMON CASTILLA,,15,6,8,0,2,1,0,0,0,0,0,0,0,0,NO
SOPLIN VARGAS_YAVARI,SOPLIN VARGAS_YAVARI,SOPLIN VARGAS,YAVARI,MARISCAL RAMON CASTILLA,178,57,40,99,20,19,11,6,320.22,224.72,556.18,112.36,106.74,61.8,33.71,NO
TABATINGA_YAVARI,TABATINGA_YAVARI,TABATINGA,YAVARI,MARISCAL RAMON CASTILLA,,2,0,0,0,0,0,0,0,0,0,0,0,0,0,NO
TRANSEUNTE_YAVARI,TRANSEUNTE_YAVARI,TRANSEUNTE,YAVARI,MARISCAL RAMON CASTILLA,,0,0,0,0,1,0,1,0,0,0,0,0,0,0,NO
TUCANO_YAVARI,TUCANO_YAVARI,TUCANO,YAVARI,MARISCAL RAMON CASTILLA,,12,0,0,0,0,0,0,0,0,0,0,0,0,0,NO
UNION FAMILIAR_YAVARI,UNION FAMILIAR_YAVARI,UNION FAMILIAR,YAVARI,MARISCAL RAMON CASTILLA,61,32,13,18,1,2,0,2,524.59,213.11,295.08,16.39,32.79,0,32.79,NO
VILLA NUEVA ESPERANZA_YAVARI,VILLA NUEVA ESPERANZA_YAVARI,VILLA NUEVA ESPERANZA,YAVARI,MARISCAL RAMON CASTILLA,,0,0,2,0,1,0,0,0,0,0,0,0,0,0,NO
YAHUMA I ZONA_YAVARI,YAHUMA I ZONA_YAVARI,YAHUMA I ZONA,YAVARI,MARISCAL RAMON CASTILLA,,2,0,0,0,0,0,0,0,0,0,0,0,0,0,NO
YAHUMA II ZONA_YAVARI,YAHUMA II ZONA_YAVARI,YAHUMA II ZONA,YAVARI,MARISCAL RAMON CASTILLA,,1,0,0,0,0,0,0,0,0,0,0,0,0,0,NO
YARINA_YAVARI,YARINA_YAVARI,YARINA,YAVARI,MARISCAL RAMON CASTILLA,44,10,16,13,5,12,2,0,227.27,363.64,295.45,113.64,272.73,45.45,0,NO
YAVARISIÑO_YAVARI,YAVARISIÑO_YAVARI,YAVARISIÑO,YAVARI,MARISCAL RAMON CASTILLA,,8,0,0,0,0,0,0,0,0,0,0,0,0,0,NO
ZOLI_YAVARI,ZOLI_YAVARI,ZOLI,YAVARI,MARISCAL RAMON CASTILLA,,2,0,0,0,0,0,0,0,0,0,0,0,0,0,NO
SANTA RITA_IQUITOS,SANTA RITA_IQUITOS,SANTA RITA,IQUITOS,MAYNAS,299,207,324,217,337,192,233,150,692.31,1083.61,725.75,1127.09,642.14,779.26,501.67,SI
LLANCHAMA_SAN JUAN BAUTISTA,LLANCHAMA_SAN JUAN BAUTISTA,LLANCHAMA,SAN JUAN BAUTISTA,MAYNAS,214,282,266,356,393,86,180,96,1317.76,1242.99,1663.55,1836.45,401.87,841.12,448.6,SI
SAN ANTONIO_ALTO NANAY,SAN ANTONIO_ALTO NANAY,SAN ANTONIO,ALTO NANAY,MAYNAS,246,162,234,162,125,110,126,88,658.54,951.22,658.54,508.13,447.15,512.2,357.72,SI
ISLA YARINA_NAPO,ISLA YARINA_NAPO,ISLA YARINA,NAPO,MAYNAS,4,1,2,4,14,5,0,1,250,500,1000,3500,1250,0,250,NO
VISTO BUENO_MAZAN,VISTO BUENO_MAZAN,VISTO BUENO,MAZAN,MAYNAS,69,30,29,27,22,33,43,16,434.78,420.29,391.3,318.84,478.26,623.19,231.88,SI
SAN PEDRO_IQUITOS,SAN PEDRO_IQUITOS,SAN PEDRO,IQUITOS,MAYNAS,191,236,273,160,286,70,64,44,1235.6,1429.32,837.7,1497.38,366.49,335.08,230.37,SI
SAN JOSE DE LUPUNA_IQUITOS,SAN JOSE DE LUPUNA_IQUITOS,SAN JOSE DE LUPUNA,IQUITOS,MAYNAS,361,244,280,243,281,186,225,81,675.9,775.62,673.13,778.39,515.24,623.27,224.38,SI
NUEVA YORK_PUNCHANA,NUEVA YORK_PUNCHANA,NUEVA YORK,PUNCHANA,MAYNAS,145,116,114,40,95,51,123,28,800,786.21,275.86,655.17,351.72,848.28,193.1,NO
PUNTO ALEGRE_PUNCHANA,PUNTO ALEGRE_PUNCHANA,PUNTO ALEGRE,PUNCHANA,MAYNAS,241,172,151,112,109,146,128,46,713.69,626.56,464.73,452.28,605.81,531.12,190.87,NO
FLOR DE COCO_NAPO,FLOR DE COCO_NAPO,FLOR DE COCO,NAPO,MAYNAS,109,12,17,94,74,48,43,20,110.09,155.96,862.39,678.9,440.37,394.5,183.49,NO
SANTA ISABEL DE ZUNGARO COCHA_SAN JUAN BAUTISTA,SANTA ISABEL DE ZUNGARO COCHA_SAN JUAN BAUTISTA,SANTA ISABEL DE ZUNGARO COCHA,SAN JUAN BAUTISTA,MAYNAS,645,679,986,485,418,472,340,114,1052.71,1528.68,751.94,648.06,731.78,527.13,176.74,SI
GAMITANA COCHA_MAZAN,GAMITANA COCHA_MAZAN,GAMITANA COCHA,MAZAN,MAYNAS,92,52,38,38,41,100,93,15,565.22,413.04,413.04,445.65,1086.96,1010.87,163.04,SI
SAN RAFAEL_NAPO,SAN RAFAEL_NAPO,SAN RAFAEL,NAPO,MAYNAS,249,151,329,280,204,212,160,40,606.43,1321.29,1124.5,819.28,851.41,642.57,160.64,NO
SAMITO_ALTO NANAY,SAMITO_ALTO NANAY,SAMITO,ALTO NANAY,MAYNAS,438,180,305,340,327,329,396,70,410.96,696.35,776.26,746.58,751.14,904.11,159.82,NO
DIAMANTE AZUL_ALTO NANAY,DIAMANTE AZUL_ALTO NANAY,DIAMANTE AZUL,ALTO NANAY,MAYNAS,425,337,215,364,296,551,456,65,792.94,505.88,856.47,696.47,1296.47,1072.94,152.94,SI
MOMONCILLO_PUNCHANA,MOMONCILLO_PUNCHANA,MOMONCILLO,PUNCHANA,MAYNAS,137,206,230,126,74,105,129,19,1503.65,1678.83,919.71,540.15,766.42,941.61,138.69,NO
AYACUCHO_IQUITOS,AYACUCHO_IQUITOS,AYACUCHO,IQUITOS,MAYNAS,22,8,8,3,1,7,3,3,363.64,363.64,136.36,45.45,318.18,136.36,136.36,NO
SAN MARTIN DE PORRES_IQUITOS,SAN MARTIN DE PORRES_IQUITOS,SAN MARTIN DE PORRES,IQUITOS,MAYNAS,77,30,66,33,47,26,77,10,389.61,857.14,428.57,610.39,337.66,1000,129.87,SI
MIRAFLORES_ALTO NANAY,MIRAFLORES_ALTO NANAY,MIRAFLORES,ALTO NANAY,MAYNAS,48,5,13,14,2,10,22,6,104.17,270.83,291.67,41.67,208.33,458.33,125,NO
SABOYA_ALTO NANAY,SABOYA_ALTO NANAY,SABOYA,ALTO NANAY,MAYNAS,72,31,49,78,24,21,20,9,430.56,680.56,1083.33,333.33,291.67,277.78,125,NO
NUEVO LORETO_ALTO NANAY,NUEVO LORETO_ALTO NANAY,NUEVO LORETO,ALTO NANAY,MAYNAS,33,9,15,7,2,9,5,4,272.73,454.55,212.12,60.61,272.73,151.52,121.21,NO
SHAPAJAL_NAPO,SHAPAJAL_NAPO,SHAPAJAL,NAPO,MAYNAS,89,9,19,105,68,17,20,10,101.12,213.48,1179.78,764.04,191.01,224.72,112.36,NO
CENTRO FUERTE_PUNCHANA,CENTRO FUERTE_PUNCHANA,CENTRO FUERTE,PUNCHANA,MAYNAS,144,139,163,131,108,150,82,16,965.28,1131.94,909.72,750,1041.67,569.44,111.11,NO
NINA RUMI_SAN JUAN BAUTISTA,NINA RUMI_SAN JUAN BAUTISTA,NINA RUMI,SAN JUAN BAUTISTA,MAYNAS,649,514,632,554,385,125,349,70,791.99,973.81,853.62,593.22,192.6,537.75,107.86,SI
ALMIRANTE MIGUEL GRAU_PUNCHANA,ALMIRANTE MIGUEL GRAU_PUNCHANA,ALMIRANTE MIGUEL GRAU,PUNCHANA,MAYNAS,28,24,26,17,6,3,6,3,857.14,928.57,607.14,214.29,107.14,214.29,107.14,NO
FLOR DE AGOSTO_PUNCHANA,FLOR DE AGOSTO_PUNCHANA,FLOR DE AGOSTO,PUNCHANA,MAYNAS,47,73,53,25,18,24,37,5,1553.19,1127.66,531.91,382.98,510.64,787.23,106.38,NO
SALVATIERRA_ALTO NANAY,SALVATIERRA_ALTO NANAY,SALVATIERRA,ALTO NANAY,MAYNAS,29,1,9,5,0,1,6,3,34.48,310.34,172.41,0,34.48,206.9,103.45,NO
LIBERTAD_IQUITOS,LIBERTAD_IQUITOS,LIBERTAD,IQUITOS,MAYNAS,264,181,282,252,177,229,171,27,685.61,1068.18,954.55,670.45,867.42,647.73,102.27,SI
LAGUNAS_IQUITOS,LAGUNAS_IQUITOS,LAGUNAS,IQUITOS,MAYNAS,50,38,39,32,34,27,35,5,760,780,640,680,540,700,100,NO
SANTA MARIA_NAPO,SANTA MARIA_NAPO,SANTA MARIA,NAPO,MAYNAS,233,150,234,511,312,201,80,23,643.78,1004.29,2193.13,1339.06,862.66,343.35,98.71,NO
FILADELFIA_INDIANA,FILADELFIA_INDIANA,FILADELFIA,INDIANA,MAYNAS,32,13,0,0,26,0,7,3,406.25,0,0,812.5,0,218.75,93.75,NO
NUEVO TARAPACA_FERNANDO LORES,NUEVO TARAPACA_FERNANDO LORES,NUEVO TARAPACA,FERNANDO LORES,MAYNAS,76,4,0,0,0,0,0,7,52.63,0,0,0,0,0,92.11,NO
MONTE CALVARIO_ALTO NANAY,MONTE CALVARIO_ALTO NANAY,MONTE CALVARIO,ALTO NANAY,MAYNAS,55,20,28,23,5,16,13,5,363.64,509.09,418.18,90.91,290.91,236.36,90.91,NO
MANACAMIRI_IQUITOS,MANACAMIRI_IQUITOS,MANACAMIRI,IQUITOS,MAYNAS,529,197,332,71,107,49,122,48,372.4,627.6,134.22,202.27,92.63,230.62,90.74,SI
PUCA URCO_ALTO NANAY,PUCA URCO_ALTO NANAY,PUCA URCO,ALTO NANAY,MAYNAS,172,73,91,118,19,18,57,15,424.42,529.07,686.05,110.47,104.65,331.4,87.21,NO
LIBERTAD_MAZAN,LIBERTAD_MAZAN,LIBERTAD,MAZAN,MAYNAS,282,184,134,203,107,134,124,24,652.48,475.18,719.86,379.43,475.18,439.72,85.11,SI
SANTA MARIA DEL ALTO NANAY_ALTO NANAY,SANTA MARIA DEL ALTO NANAY_ALTO NANAY,SANTA MARIA DEL ALTO NANAY,ALTO NANAY,MAYNAS,762,470,667,795,603,813,571,62,616.8,875.33,1043.31,791.34,1066.93,749.34,81.36,NO
PISCO_ALTO NANAY,PISCO_ALTO NANAY,PISCO,ALTO NANAY,MAYNAS,75,42,68,99,19,34,35,6,560,906.67,1320,253.33,453.33,466.67,80,NO
CAMPO SERIO_TORRES CAUSANA,CAMPO SERIO_TORRES CAUSANA,CAMPO SERIO,TORRES CAUSANA,MAYNAS,432,36,104,85,240,176,334,34,83.33,240.74,196.76,555.56,407.41,773.15,78.7,NO
VARILLAL_SAN JUAN BAUTISTA,VARILLAL_SAN JUAN BAUTISTA,VARILLAL,SAN JUAN BAUTISTA,MAYNAS,646,177,247,346,577,253,123,47,273.99,382.35,535.6,893.19,391.64,190.4,72.76,SI
AGRARIO SHIMBILLO_PUNCHANA,AGRARIO SHIMBILLO_PUNCHANA,AGRARIO SHIMBILLO,PUNCHANA,MAYNAS,15,2,7,2,2,4,2,1,133.33,466.67,133.33,133.33,266.67,133.33,66.67,NO
BUENA VISTA_NAPO,BUENA VISTA_NAPO,BUENA VISTA,NAPO,MAYNAS,405,45,202,415,263,351,250,26,111.11,498.77,1024.69,649.38,866.67,617.28,64.2,NO
BOLIVAR_NAPO,BOLIVAR_NAPO,BOLIVAR,NAPO,MAYNAS,79,1,15,50,65,17,12,5,12.66,189.87,632.91,822.78,215.19,151.9,63.29,NO
PADRE COCHA_PUNCHANA,PADRE COCHA_PUNCHANA,PADRE COCHA,PUNCHANA,MAYNAS,1695,548,861,227,169,213,516,106,323.3,507.96,133.92,99.71,125.66,304.42,62.54,SI
NUEVA CHAMBIRA_NAPO,NUEVA CHAMBIRA_NAPO,NUEVA CHAMBIRA,NAPO,MAYNAS,32,9,4,4,6,4,6,2,281.25,125,125,187.5,125,187.5,62.5,NO
SAN JUAN DE MUNICH_BELEN,SAN JUAN DE MUNICH_BELEN,SAN JUAN DE MUNICH,BELEN,MAYNAS,237,50,71,86,39,71,55,14,210.97,299.58,362.87,164.56,299.58,232.07,59.07,NO
SAN ANTONIO_PUNCHANA,SAN ANTONIO_PUNCHANA,SAN ANTONIO,PUNCHANA,MAYNAS,70,14,6,4,16,19,60,4,200,85.71,57.14,228.57,271.43,857.14,57.14,NO
URBINA_NAPO,URBINA_NAPO,URBINA,NAPO,MAYNAS,125,32,0,69,118,34,16,7,256,0,552,944,272,128,56,NO
SANTA VICTORIA_NAPO,SANTA VICTORIA_NAPO,SANTA VICTORIA,NAPO,MAYNAS,72,37,1,6,61,33,13,4,513.89,13.89,83.33,847.22,458.33,180.56,55.56,NO
SAN JUAN DE UNGURAHUAL_ALTO NANAY,SAN JUAN DE UNGURAHUAL_ALTO NANAY,SAN JUAN DE UNGURAHUAL,ALTO NANAY,MAYNAS,199,97,90,68,17,38,99,11,487.44,452.26,341.71,85.43,190.95,497.49,55.28,NO
SAN CARLOS_SAN JUAN BAUTISTA,SAN CARLOS_SAN JUAN BAUTISTA,SAN CARLOS,SAN JUAN BAUTISTA,MAYNAS,74,56,55,84,42,4,4,4,756.76,743.24,1135.14,567.57,54.05,54.05,54.05,NO
NUEVA LIBERTAD_NAPO,NUEVA LIBERTAD_NAPO,NUEVA LIBERTAD,NAPO,MAYNAS,114,25,46,65,96,57,24,6,219.3,403.51,570.18,842.11,500,210.53,52.63,NO
SAN JOSE_NAPO,SAN JOSE_NAPO,SAN JOSE,NAPO,MAYNAS,20,0,0,0,9,10,8,1,0,0,0,450,500,400,50,NO
MISHANA_SAN JUAN BAUTISTA,MISHANA_SAN JUAN BAUTISTA,MISHANA,SAN JUAN BAUTISTA,MAYNAS,62,28,57,39,3,2,7,3,451.61,919.35,629.03,48.39,32.26,112.9,48.39,NO
PROGRESO ZONA 1_PUNCHANA,PROGRESO ZONA 1_PUNCHANA,PROGRESO ZONA 1,PUNCHANA,MAYNAS,42,77,69,33,20,9,18,2,1833.33,1642.86,785.71,476.19,214.29,428.57,47.62,NO
PUERTO ALICIA_PUNCHANA,PUERTO ALICIA_PUNCHANA,PUERTO ALICIA,PUNCHANA,MAYNAS,86,35,61,31,29,17,17,4,406.98,709.3,360.47,337.21,197.67,197.67,46.51,NO
SARGENTO LORES_PUNCHANA,SARGENTO LORES_PUNCHANA,SARGENTO LORES,PUNCHANA,MAYNAS,238,86,57,40,23,48,50,11,361.34,239.5,168.07,96.64,201.68,210.08,46.22,NO
ATALAYA_ALTO NANAY,ATALAYA_ALTO NANAY,ATALAYA,ALTO NANAY,MAYNAS,152,45,124,76,16,13,19,7,296.05,815.79,500,105.26,85.53,125,46.05,NO
SANTA ROSA_PUNCHANA,SANTA ROSA_PUNCHANA,SANTA ROSA,PUNCHANA,MAYNAS,45,20,60,53,147,73,30,2,444.44,1333.33,1177.78,3266.67,1622.22,666.67,44.44,NO
PAUJIL I ZONA_SAN JUAN BAUTISTA,PAUJIL I ZONA_SAN JUAN BAUTISTA,PAUJIL I ZONA,SAN JUAN BAUTISTA,MAYNAS,135,41,57,101,98,59,21,6,303.7,422.22,748.15,725.93,437.04,155.56,44.44,NO
SANTO TOMAS_SAN JUAN BAUTISTA,SANTO TOMAS_SAN JUAN BAUTISTA,SANTO TOMAS,SAN JUAN BAUTISTA,MAYNAS,684,262,1035,382,411,214,367,30,383.04,1513.16,558.48,600.88,312.87,536.55,43.86,NO
PARAISO_SAN JUAN BAUTISTA,PARAISO_SAN JUAN BAUTISTA,PARAISO,SAN JUAN BAUTISTA,MAYNAS,70,12,11,6,5,0,10,3,171.43,157.14,85.71,71.43,0,142.86,42.86,NO
SANTA CLARA_SAN JUAN BAUTISTA,SANTA CLARA_SAN JUAN BAUTISTA,SANTA CLARA,SAN JUAN BAUTISTA,MAYNAS,2381,291,1311,402,564,277,814,102,122.22,550.61,168.84,236.88,116.34,341.87,42.84,NO
ALBARENGA_ALTO NANAY,ALBARENGA_ALTO NANAY,ALBARENGA,ALTO NANAY,MAYNAS,24,9,4,2,7,6,5,1,375,166.67,83.33,291.67,250,208.33,41.67,NO
9 DE DICIEMBRE_FERNANDO LORES,9 DE DICIEMBRE_FERNANDO LORES,9 DE DICIEMBRE,FERNANDO LORES,MAYNAS,24,0,0,0,0,0,0,1,0,0,0,0,0,0,41.67,NO
SANTA CRUZ_MAZAN,SANTA CRUZ_MAZAN,SANTA CRUZ,MAZAN,MAYNAS,365,114,145,58,22,37,51,15,312.33,397.26,158.9,60.27,101.37,139.73,41.1,NO
SUNU LLACTA_NAPO,SUNU LLACTA_NAPO,SUNU LLACTA,NAPO,MAYNAS,73,8,8,3,22,15,11,3,109.59,109.59,41.1,301.37,205.48,150.68,41.1,NO
AUSHIRI_TORRES CAUSANA,AUSHIRI_TORRES CAUSANA,AUSHIRI,TORRES CAUSANA,MAYNAS,269,19,73,53,65,82,87,11,70.63,271.38,197.03,241.64,304.83,323.42,40.89,NO
MAZAN_MAZAN,MAZAN_MAZAN,MAZAN,MAZAN,MAYNAS,4800,613,702,229,291,568,617,194,127.71,146.25,47.71,60.63,118.33,128.54,40.42,NO
NEGRO URCO_NAPO,NEGRO URCO_NAPO,NEGRO URCO,NAPO,MAYNAS,278,59,55,46,73,175,42,11,212.23,197.84,165.47,262.59,629.5,151.08,39.57,NO
NUEVO YARINA_NAPO,NUEVO YARINA_NAPO,NUEVO YARINA,NAPO,MAYNAS,154,46,113,149,22,62,28,6,298.7,733.77,967.53,142.86,402.6,181.82,38.96,NO
HIPOLITO UNANUE_PUNCHANA,HIPOLITO UNANUE_PUNCHANA,HIPOLITO UNANUE,PUNCHANA,MAYNAS,26,61,29,16,7,6,19,1,2346.15,1115.38,615.38,269.23,230.77,730.77,38.46,NO
BELLAVISTA_NAPO,BELLAVISTA_NAPO,BELLAVISTA,NAPO,MAYNAS,210,29,52,62,64,79,28,8,138.1,247.62,295.24,304.76,376.19,133.33,38.1,NO
HUIRIRIMA_NAPO,HUIRIRIMA_NAPO,HUIRIRIMA,NAPO,MAYNAS,134,21,26,50,34,23,14,5,156.72,194.03,373.13,253.73,171.64,104.48,37.31,NO
NUEVO DEFENSOR/BOCA DEL CURARAY_NAPO,NUEVO DEFENSOR/BOCA DEL CURARAY_NAPO,NUEVO DEFENSOR/BOCA DEL CURARAY,NAPO,MAYNAS,114,8,16,21,32,24,11,4,70.18,140.35,184.21,280.7,210.53,96.49,35.09,NO
FRAY MARTIN_PUNCHANA,FRAY MARTIN_PUNCHANA,FRAY MARTIN,PUNCHANA,MAYNAS,57,4,6,6,3,6,16,2,70.18,105.26,105.26,52.63,105.26,280.7,35.09,NO
TIPISHCA_NAPO,TIPISHCA_NAPO,TIPISHCA,NAPO,MAYNAS,143,0,2,0,126,50,20,5,0,13.99,0,881.12,349.65,139.86,34.97,NO
MARAVILLA_IQUITOS,MARAVILLA_IQUITOS,MARAVILLA,IQUITOS,MAYNAS,86,47,55,56,42,19,46,3,546.51,639.53,651.16,488.37,220.93,534.88,34.88,NO
ANGUILLA_SAN JUAN BAUTISTA,ANGUILLA_SAN JUAN BAUTISTA,ANGUILLA,SAN JUAN BAUTISTA,MAYNAS,29,2,10,3,3,3,9,1,68.97,344.83,103.45,103.45,103.45,310.34,34.48,NO
SAN JUAN DE RAYA_ALTO NANAY,SAN JUAN DE RAYA_ALTO NANAY,SAN JUAN DE RAYA,ALTO NANAY,MAYNAS,58,16,59,44,7,32,11,2,275.86,1017.24,758.62,120.69,551.72,189.66,34.48,NO
PUERTO HUAMAN_TORRES CAUSANA,#N/A,PUERTO HUAMAN,TORRES CAUSANA,MAYNAS,146,22,25,13,0,3,31,5,150.68,171.23,89.04,0,20.55,212.33,34.25,NO
SANTA CECILIA_INDIANA,SANTA CECILIA_INDIANA,SANTA CECILIA,INDIANA,MAYNAS,347,150,57,62,21,77,6,11,432.28,164.27,178.67,60.52,221.9,17.29,31.7,NO
PORVENIR_SAN JUAN BAUTISTA,PORVENIR_SAN JUAN BAUTISTA,PORVENIR,SAN JUAN BAUTISTA,MAYNAS,66,13,32,22,7,7,14,2,196.97,484.85,333.33,106.06,106.06,212.12,30.3,NO
TORRES CAUSANA_TORRES CAUSANA,TORRES CAUSANA_TORRES CAUSANA,TORRES CAUSANA,TORRES CAUSANA,MAYNAS,201,4,1,51,113,134,161,6,19.9,4.98,253.73,562.19,666.67,801,29.85,NO
ROCA FUERTE_PUNCHANA,ROCA FUERTE_PUNCHANA,ROCA FUERTE,PUNCHANA,MAYNAS,34,26,39,37,26,21,13,1,764.71,1147.06,1088.24,764.71,617.65,382.35,29.41,NO
NUEVA ESPERANZA_NAPO,NUEVA ESPERANZA_NAPO,NUEVA ESPERANZA,NAPO,MAYNAS,174,50,23,17,20,23,16,5,287.36,132.18,97.7,114.94,132.18,91.95,28.74,NO
LIMON_BELEN,LIMON_BELEN,LIMON,BELEN,MAYNAS,70,19,12,5,11,19,11,2,271.43,171.43,71.43,157.14,271.43,157.14,28.57,NO
YARINA_ALTO NANAY,YARINA_ALTO NANAY,YARINA,ALTO NANAY,MAYNAS,36,5,5,9,1,4,2,1,138.89,138.89,250,27.78,111.11,55.56,27.78,NO
MONTE VERDE_NAPO,MONTE VERDE_NAPO,MONTE VERDE,NAPO,MAYNAS,145,7,10,25,16,31,15,4,48.28,68.97,172.41,110.34,213.79,103.45,27.59,NO
NUEVA VIDA_PUNCHANA,NUEVA VIDA_PUNCHANA,NUEVA VIDA,PUNCHANA,MAYNAS,73,42,85,35,21,42,36,2,575.34,1164.38,479.45,287.67,575.34,493.15,27.4,NO
NUEVO LIBERTAD_NAPO,NUEVO LIBERTAD_NAPO,NUEVO LIBERTAD,NAPO,MAYNAS,74,6,9,47,11,16,9,2,81.08,121.62,635.14,148.65,216.22,121.62,27.03,NO
SANTA MARIA DE LORETO_NAPO,SANTA MARIA DE LORETO_NAPO,SANTA MARIA DE LORETO,NAPO,MAYNAS,155,3,11,6,0,4,4,4,19.35,70.97,38.71,0,25.81,25.81,25.81,NO
RUMOCOCHA_SAN JUAN BAUTISTA,RUMOCOCHA_SAN JUAN BAUTISTA,RUMOCOCHA,SAN JUAN BAUTISTA,MAYNAS,1979,147,391,141,247,21,266,51,74.28,197.57,71.25,124.81,10.61,134.41,25.77,NO
RECREO_INDIANA,RECREO_INDIANA,RECREO,INDIANA,MAYNAS,248,56,44,5,1,6,0,6,225.81,177.42,20.16,4.03,24.19,0,24.19,NO
RUMITUMI_NAPO,RUMITUMI_NAPO,RUMITUMI,NAPO,MAYNAS,249,16,25,24,106,131,118,6,64.26,100.4,96.39,425.7,526.1,473.9,24.1,NO
NUEVO IQUITOS_MAZAN,NUEVO IQUITOS_MAZAN,NUEVO IQUITOS,MAZAN,MAYNAS,42,0,4,0,0,0,1,1,0,95.24,0,0,0,23.81,23.81,NO
MUCHA VISTA_NAPO,MUCHA VISTA_NAPO,MUCHA VISTA,NAPO,MAYNAS,84,45,23,75,40,28,2,2,535.71,273.81,892.86,476.19,333.33,23.81,23.81,NO
CAHUIDE_SAN JUAN BAUTISTA,CAHUIDE_SAN JUAN BAUTISTA,CAHUIDE,SAN JUAN BAUTISTA,MAYNAS,639,835,135,337,324,50,24,15,1306.73,211.27,527.39,507.04,78.25,37.56,23.47,NO
JUAN PABLO II_NAPO,JUAN PABLO II_NAPO,JUAN PABLO II,NAPO,MAYNAS,43,0,0,3,8,14,5,1,0,0,69.77,186.05,325.58,116.28,23.26,NO
PORVENIR_PUNCHANA,PORVENIR_PUNCHANA,PORVENIR,PUNCHANA,MAYNAS,86,64,96,42,27,50,32,2,744.19,1116.28,488.37,313.95,581.4,372.09,23.26,NO
SANTA CLOTILDE_NAPO,SANTA CLOTILDE_NAPO,SANTA CLOTILDE,NAPO,MAYNAS,1689,80,285,495,1082,869,274,39,47.37,168.74,293.07,640.62,514.51,162.23,23.09,NO
TIPISHCA_NAPO,TIPISHCA_NAPO,TIPISHCA,NAPO,MAYNAS,130,62,57,50,8,1,0,3,476.92,438.46,384.62,61.54,7.69,0,23.08,NO
SAN LUIS DE TACSHA CURARAY_NAPO,SAN LUIS DE TACSHA CURARAY_NAPO,SAN LUIS DE TACSHA CURARAY,NAPO,MAYNAS,617,97,121,89,44,36,35,14,157.21,196.11,144.25,71.31,58.35,56.73,22.69,NO
LORO YACU_TORRES CAUSANA,LORO YACU_TORRES CAUSANA,LORO YACU,TORRES CAUSANA,MAYNAS,46,2,0,2,4,8,15,1,43.48,0,43.48,86.96,173.91,326.09,21.74,NO
CUZCO_LAS AMAZONAS,CUZCO_LAS AMAZONAS,CUZCO,LAS AMAZONAS,MAYNAS,94,22,4,2,0,0,0,2,234.04,42.55,21.28,0,0,0,21.28,NO
LUZ DE ORIENTE_SAN JUAN BAUTISTA,LUZ DE ORIENTE_SAN JUAN BAUTISTA,LUZ DE ORIENTE,SAN JUAN BAUTISTA,MAYNAS,94,19,11,19,19,15,1,2,202.13,117.02,202.13,202.13,159.57,10.64,21.28,NO
SANTA CRUZ_FERNANDO LORES,SANTA CRUZ_FERNANDO LORES,SANTA CRUZ,FERNANDO LORES,MAYNAS,95,0,0,1,0,2,0,2,0,0,10.53,0,21.05,0,21.05,NO
NUEVA ALMENDRA_NAPO,NUEVA ALMENDRA_NAPO,NUEVA ALMENDRA,NAPO,MAYNAS,48,0,0,0,2,2,1,1,0,0,0,41.67,41.67,20.83,20.83,NO
SAN LORENZO DE INAYUGA_NAPO,SAN LORENZO DE INAYUGA_NAPO,SAN LORENZO DE INAYUGA,NAPO,MAYNAS,192,3,8,10,1,13,5,4,15.63,41.67,52.08,5.21,67.71,26.04,20.83,NO
INGANO LLACTA_TORRES CAUSANA,INGANO LLACTA_TORRES CAUSANA,INGANO LLACTA,TORRES CAUSANA,MAYNAS,194,4,46,8,10,22,66,4,20.62,237.11,41.24,51.55,113.4,340.21,20.62,NO
SAN FERNANDO_NAPO,SAN FERNANDO_NAPO,SAN FERNANDO,NAPO,MAYNAS,147,0,0,0,11,30,10,3,0,0,0,74.83,204.08,68.03,20.41,NO
ESPERANZA_FERNANDO LORES,ESPERANZA_FERNANDO LORES,ESPERANZA,FERNANDO LORES,MAYNAS,249,7,22,10,5,5,10,5,28.11,88.35,40.16,20.08,20.08,40.16,20.08,NO
PUNGA_FERNANDO LORES,PUNGA_FERNANDO LORES,PUNGA,FERNANDO LORES,MAYNAS,50,0,1,0,0,0,1,1,0,20,0,0,0,20,20,NO
NUEVO CANTON_MAZAN,NUEVO CANTON_MAZAN,NUEVO CANTON,MAZAN,MAYNAS,100,3,11,12,4,2,6,2,30,110,120,40,20,60,20,NO
NUEVO SAN FERNANDO_PUNCHANA,NUEVO SAN FERNANDO_PUNCHANA,NUEVO SAN FERNANDO,PUNCHANA,MAYNAS,102,10,13,5,4,2,6,2,98.04,127.45,49.02,39.22,19.61,58.82,19.61,NO
QUISTOCOCHA_SAN JUAN BAUTISTA,QUISTOCOCHA_SAN JUAN BAUTISTA,QUISTOCOCHA,SAN JUAN BAUTISTA,MAYNAS,1675,461,1016,302,273,204,156,32,275.22,606.57,180.3,162.99,121.79,93.13,19.1,NO
NUEVO PARAISO_PUNCHANA,NUEVO PARAISO_PUNCHANA,NUEVO PARAISO,PUNCHANA,MAYNAS,54,8,2,7,10,4,3,1,148.15,37.04,129.63,185.19,74.07,55.56,18.52,NO
15 DE ABRIL_SAN JUAN BAUTISTA,15 DE ABRIL_SAN JUAN BAUTISTA,15 DE ABRIL,SAN JUAN BAUTISTA,MAYNAS,58,4,10,8,8,1,5,1,68.97,172.41,137.93,137.93,17.24,86.21,17.24,NO
SUMAC ALLPA_NAPO,SUMAC ALLPA_NAPO,SUMAC ALLPA,NAPO,MAYNAS,237,15,37,18,58,224,193,4,63.29,156.12,75.95,244.73,945.15,814.35,16.88,NO
MOHENA CAÑO_BELEN,MOHENA CAÑO_BELEN,MOHENA CAÑO,BELEN,MAYNAS,122,0,0,0,6,9,4,2,0,0,0,49.18,73.77,32.79,16.39,NO
UNION_SAN JUAN BAUTISTA,UNION_SAN JUAN BAUTISTA,UNION,SAN JUAN BAUTISTA,MAYNAS,61,55,120,57,34,6,1,1,901.64,1967.21,934.43,557.38,98.36,16.39,16.39,NO
SANTO TOMAS_PUNCHANA,SANTO TOMAS_PUNCHANA,SANTO TOMAS,PUNCHANA,MAYNAS,312,111,176,58,31,30,79,5,355.77,564.1,185.9,99.36,96.15,253.21,16.03,NO
NUEVO PERU_PUNCHANA,NUEVO PERU_PUNCHANA,NUEVO PERU,PUNCHANA,MAYNAS,64,76,24,15,2,3,1,1,1187.5,375,234.38,31.25,46.88,15.63,15.63,NO
SANTA MARIA DE ANGOTEROS_TORRES CAUSANA,SANTA MARIA DE ANGOTEROS_TORRES CAUSANA,SANTA MARIA DE ANGOTEROS,TORRES CAUSANA,MAYNAS,839,0,2,2,390,1471,783,13,0,2.38,2.38,464.84,1753.28,933.25,15.49,NO
TAPIRA CHICO_FERNANDO LORES,TAPIRA CHICO_FERNANDO LORES,TAPIRA CHICO,FERNANDO LORES,MAYNAS,66,3,0,0,0,1,2,1,45.45,0,0,0,15.15,30.3,15.15,NO
HUAMAN URCO_MAZAN,HUAMAN URCO_MAZAN,HUAMAN URCO,MAZAN,MAYNAS,400,48,46,103,45,30,20,6,120,115,257.5,112.5,75,50,15,NO
NUEVA FLORESTA_NAPO,NUEVA FLORESTA_NAPO,NUEVA FLORESTA,NAPO,MAYNAS,67,10,2,4,4,0,4,1,149.25,29.85,59.7,59.7,0,59.7,14.93,NO
CORAZON DE JESUS_MAZAN,CORAZON DE JESUS_MAZAN,CORAZON DE JESUS,MAZAN,MAYNAS,71,5,5,3,1,6,3,1,70.42,70.42,42.25,14.08,84.51,42.25,14.08,NO
VENCEDORES DE ZAPOTE_NAPO,VENCEDORES DE ZAPOTE_NAPO,VENCEDORES DE ZAPOTE,NAPO,MAYNAS,71,24,29,33,9,0,11,1,338.03,408.45,464.79,126.76,0,154.93,14.08,NO
TRES UNIDOS_IQUITOS,TRES UNIDOS_IQUITOS,TRES UNIDOS,IQUITOS,MAYNAS,73,19,21,16,20,25,7,1,260.27,287.67,219.18,273.97,342.47,95.89,13.7,NO
INDEPENDENCIA_PUNCHANA,INDEPENDENCIA_PUNCHANA,INDEPENDENCIA,PUNCHANA,MAYNAS,146,3,8,6,5,2,3,2,20.55,54.79,41.1,34.25,13.7,20.55,13.7,NO
LIBERTAD_FERNANDO LORES,LIBERTAD_FERNANDO LORES,LIBERTAD,FERNANDO LORES,MAYNAS,75,47,25,12,2,1,1,1,626.67,333.33,160,26.67,13.33,13.33,13.33,NO
SHIRIARA_IQUITOS,SHIRIARA_IQUITOS,SHIRIARA,IQUITOS,MAYNAS,302,339,370,204,141,223,75,4,1122.52,1225.17,675.5,466.89,738.41,248.34,13.25,NO
MIRAFLORES_MAZAN,MIRAFLORES_MAZAN,MIRAFLORES,MAZAN,MAYNAS,153,5,5,3,1,5,11,2,32.68,32.68,19.61,6.54,32.68,71.9,13.07,NO
SARGENTO LORES_NAPO,SARGENTO LORES_NAPO,SARGENTO LORES,NAPO,MAYNAS,154,1,6,16,55,19,16,2,6.49,38.96,103.9,357.14,123.38,103.9,12.99,NO
NUEVO SAN PEDRO_NAPO,NUEVO SAN PEDRO_NAPO,NUEVO SAN PEDRO,NAPO,MAYNAS,80,10,7,16,23,34,7,1,125,87.5,200,287.5,425,87.5,12.5,NO
PUERTO OBRERO_MAZAN,PUERTO OBRERO_MAZAN,PUERTO OBRERO,MAZAN,MAYNAS,81,35,11,4,40,8,2,1,432.1,135.8,49.38,493.83,98.77,24.69,12.35,NO
BARRIO FLORIDO_PUNCHANA,BARRIO FLORIDO_PUNCHANA,BARRIO FLORIDO,PUNCHANA,MAYNAS,497,13,10,28,15,17,17,6,26.16,20.12,56.34,30.18,34.21,34.21,12.07,NO
NUEVA VIDA_NAPO,NUEVA VIDA_NAPO,NUEVA VIDA,NAPO,MAYNAS,83,81,82,27,11,21,16,1,975.9,987.95,325.3,132.53,253.01,192.77,12.05,NO
GUAJOYA_TORRES CAUSANA,GUAJOYA_TORRES CAUSANA,GUAJOYA,TORRES CAUSANA,MAYNAS,166,0,22,83,88,82,41,2,0,132.53,500,530.12,493.98,246.99,12.05,NO
PICURO YACU_PUNCHANA,PICURO YACU_PUNCHANA,PICURO YACU,PUNCHANA,MAYNAS,342,55,35,17,6,9,12,4,160.82,102.34,49.71,17.54,26.32,35.09,11.7,NO
URPI_TORRES CAUSANA,URPI_TORRES CAUSANA,URPI,TORRES CAUSANA,MAYNAS,87,0,0,30,12,8,22,1,0,0,344.83,137.93,91.95,252.87,11.49,NO
SAN ANDRES_PUNCHANA,SAN ANDRES_PUNCHANA,SAN ANDRES,PUNCHANA,MAYNAS,89,75,94,53,20,34,44,1,842.7,1056.18,595.51,224.72,382.02,494.38,11.24,NO
SAN JUAN DE POLIS_PUNCHANA,SAN JUAN DE POLIS_PUNCHANA,SAN JUAN DE POLIS,PUNCHANA,MAYNAS,183,175,78,145,76,43,20,2,956.28,426.23,792.35,415.3,234.97,109.29,10.93,NO
PALO SECO_SAN JUAN BAUTISTA,PALO SECO_SAN JUAN BAUTISTA,PALO SECO,SAN JUAN BAUTISTA,MAYNAS,94,25,16,11,9,5,2,1,265.96,170.21,117.02,95.74,53.19,21.28,10.64,NO
EL SALVADOR_ALTO NANAY,EL SALVADOR_ALTO NANAY,EL SALVADOR,ALTO NANAY,MAYNAS,95,0,2,1,1,3,2,1,0,21.05,10.53,10.53,31.58,21.05,10.53,NO
EL SALVADOR_ALTO NANAY,EL SALVADOR_ALTO NANAY,EL SALVADOR,ALTO NANAY,MAYNAS,95,11,30,17,5,3,4,1,115.79,315.79,178.95,52.63,31.58,42.11,10.53,NO
YURAC YACU ALTURA_MAZAN,YURAC YACU ALTURA_MAZAN,YURAC YACU ALTURA,MAZAN,MAYNAS,190,7,5,3,6,6,5,2,36.84,26.32,15.79,31.58,31.58,26.32,10.53,NO
COPAL YACU_NAPO,COPAL YACU_NAPO,COPAL YACU,NAPO,MAYNAS,95,0,30,30,19,16,4,1,0,315.79,315.79,200,168.42,42.11,10.53,NO
NUEVO PROGRESO_SAN JUAN BAUTISTA,NUEVO PROGRESO_SAN JUAN BAUTISTA,NUEVO PROGRESO,SAN JUAN BAUTISTA,MAYNAS,99,53,69,41,34,7,6,1,535.35,696.97,414.14,343.43,70.71,60.61,10.1,NO
CENTRO AMERICA_FERNANDO LORES,CENTRO AMERICA_FERNANDO LORES,CENTRO AMERICA,FERNANDO LORES,MAYNAS,103,0,0,0,1,0,1,1,0,0,0,9.71,0,9.71,9.71,NO
SAN JUAN DE YANAYACU_NAPO,SAN JUAN DE YANAYACU_NAPO,SAN JUAN DE YANAYACU,NAPO,MAYNAS,207,6,13,28,12,7,3,2,28.99,62.8,135.27,57.97,33.82,14.49,9.66,NO
28 DE JULIO_BELEN,28 DE JULIO_BELEN,28 DE JULIO,BELEN,MAYNAS,105,3,14,10,4,14,1,1,28.57,133.33,95.24,38.1,133.33,9.52,9.52,NO
EL TRIUNFO_SAN JUAN BAUTISTA,EL TRIUNFO_SAN JUAN BAUTISTA,EL TRIUNFO,SAN JUAN BAUTISTA,MAYNAS,325,64,21,39,11,4,1,3,196.92,64.62,120,33.85,12.31,3.08,9.23,NO
ORO BLANCO_MAZAN,ORO BLANCO_MAZAN,ORO BLANCO,MAZAN,MAYNAS,109,2,16,0,4,2,9,1,18.35,146.79,0,36.7,18.35,82.57,9.17,NO
NUEVO TRIUNFO_MAZAN,NUEVO TRIUNFO_MAZAN,NUEVO TRIUNFO,MAZAN,MAYNAS,110,1,1,0,0,0,1,1,9.09,9.09,0,0,0,9.09,9.09,NO
CANAAN_FERNANDO LORES,CANAAN_FERNANDO LORES,CANAAN,FERNANDO LORES,MAYNAS,112,0,0,1,1,0,1,1,0,0,8.93,8.93,0,8.93,8.93,NO
VILLA FLOR_ALTO NANAY,VILLA FLOR_ALTO NANAY,VILLA FLOR,ALTO NANAY,MAYNAS,113,9,28,11,4,8,13,1,79.65,247.79,97.35,35.4,70.8,115.04,8.85,NO
PUERTO ELVIRA_TORRES CAUSANA,PUERTO ELVIRA_TORRES CAUSANA,PUERTO ELVIRA,TORRES CAUSANA,MAYNAS,341,30,41,58,47,92,151,3,87.98,120.23,170.09,137.83,269.79,442.82,8.8,NO
RANGO ISLA_NAPO,RANGO ISLA_NAPO,RANGO ISLA,NAPO,MAYNAS,114,1,14,3,4,6,2,1,8.77,122.81,26.32,35.09,52.63,17.54,8.77,NO
MANATI ZONA 1_INDIANA,MANATI ZONA 1_INDIANA,MANATI ZONA 1,INDIANA,MAYNAS,353,43,32,27,7,5,2,3,121.81,90.65,76.49,19.83,14.16,5.67,8.5,NO
SAN LUIS_PUNCHANA,SAN LUIS_PUNCHANA,SAN LUIS,PUNCHANA,MAYNAS,119,23,58,70,49,73,43,1,193.28,487.39,588.24,411.76,613.45,361.34,8.4,NO
LIBERTAD_NAPO,LIBERTAD_NAPO,LIBERTAD,NAPO,MAYNAS,244,87,54,34,45,46,34,2,356.56,221.31,139.34,184.43,188.52,139.34,8.2,NO
VENCEDORES_TORRES CAUSANA,VENCEDORES_TORRES CAUSANA,VENCEDORES,TORRES CAUSANA,MAYNAS,122,0,0,4,5,10,18,1,0,0,32.79,40.98,81.97,147.54,8.2,NO
MAYNAS_PUNCHANA,MAYNAS_PUNCHANA,MAYNAS,PUNCHANA,MAYNAS,132,19,22,24,24,9,9,1,143.94,166.67,181.82,181.82,68.18,68.18,7.58,NO
TEMPESTAD_TORRES CAUSANA,TEMPESTAD_TORRES CAUSANA,TEMPESTAD,TORRES CAUSANA,MAYNAS,264,0,1,65,171,199,44,2,0,3.79,246.21,647.73,753.79,166.67,7.58,NO
PUERTO ALEGRE_MAZAN,PUERTO ALEGRE_MAZAN,PUERTO ALEGRE,MAZAN,MAYNAS,270,15,54,40,62,18,14,2,55.56,200,148.15,229.63,66.67,51.85,7.41,NO
PUCAYACU_NAPO,PUCAYACU_NAPO,PUCAYACU,NAPO,MAYNAS,137,1,1,5,17,13,19,1,7.3,7.3,36.5,124.09,94.89,138.69,7.3,NO
BELLO HORIZONTE_MAZAN,BELLO HORIZONTE_MAZAN,BELLO HORIZONTE,MAZAN,MAYNAS,275,25,33,8,1,9,6,2,90.91,120,29.09,3.64,32.73,21.82,7.27,NO
PUERTO ALEGRIA I ZONA_BELEN,PUERTO ALEGRIA I ZONA_BELEN,PUERTO ALEGRIA I ZONA,BELEN,MAYNAS,139,7,9,8,8,0,7,1,50.36,64.75,57.55,57.55,0,50.36,7.19,NO
SOLEDAD_NAPO,SOLEDAD_NAPO,SOLEDAD,NAPO,MAYNAS,152,3,76,107,92,20,10,1,19.74,500,703.95,605.26,131.58,65.79,6.58,NO
TUTA PISHCO_NAPO,TUTA PISHCO_NAPO,TUTA PISHCO,NAPO,MAYNAS,305,0,0,0,18,6,13,2,0,0,0,59.02,19.67,42.62,6.56,NO
PAULA COCHA_TORRES CAUSANA,PAULA COCHA_TORRES CAUSANA,PAULA COCHA,TORRES CAUSANA,MAYNAS,158,4,25,8,21,47,20,1,25.32,158.23,50.63,132.91,297.47,126.58,6.33,NO
LOS DELFINES_SAN JUAN BAUTISTA,LOS DELFINES_SAN JUAN BAUTISTA,LOS DELFINES,SAN JUAN BAUTISTA,MAYNAS,1452,70,235,114,115,51,44,9,48.21,161.85,78.51,79.2,35.12,30.3,6.2,NO
SAN ANTONIO_ALTO NANAY,SAN ANTONIO_ALTO NANAY,SAN ANTONIO,ALTO NANAY,MAYNAS,486,4,19,25,15,31,35,3,8.23,39.09,51.44,30.86,63.79,72.02,6.17,NO
NUEVO MILAGRO_SAN JUAN BAUTISTA,NUEVO MILAGRO_SAN JUAN BAUTISTA,NUEVO MILAGRO,SAN JUAN BAUTISTA,MAYNAS,165,27,21,139,105,5,9,1,163.64,127.27,842.42,636.36,30.3,54.55,6.06,NO
SAN FELIPE_NAPO,SAN FELIPE_NAPO,SAN FELIPE,NAPO,MAYNAS,166,12,19,13,21,16,15,1,72.29,114.46,78.31,126.51,96.39,90.36,6.02,NO
CABO LOPEZ_SAN JUAN BAUTISTA,CABO LOPEZ_SAN JUAN BAUTISTA,CABO LOPEZ,SAN JUAN BAUTISTA,MAYNAS,850,2,13,10,8,7,13,5,2.35,15.29,11.76,9.41,8.24,15.29,5.88,NO
SAN PEDRO DE HUASHALADO_BELEN,SAN PEDRO DE HUASHALADO_BELEN,SAN PEDRO DE HUASHALADO,BELEN,MAYNAS,170,3,3,2,7,6,7,1,17.65,17.65,11.76,41.18,35.29,41.18,5.88,NO
SAN PEDRO DE MANGUA_MAZAN,SAN PEDRO DE MANGUA_MAZAN,SAN PEDRO DE MANGUA,MAZAN,MAYNAS,182,87,8,1,1,0,3,1,478.02,43.96,5.49,5.49,0,16.48,5.49,NO
PUERTO ALEGRE_NAPO,PUERTO ALEGRE_NAPO,PUERTO ALEGRE,NAPO,MAYNAS,187,1,2,2,4,3,9,1,5.35,10.7,10.7,21.39,16.04,48.13,5.35,NO
MORALILLO_SAN JUAN BAUTISTA,MORALILLO_SAN JUAN BAUTISTA,MORALILLO,SAN JUAN BAUTISTA,MAYNAS,396,79,40,136,72,17,7,2,199.49,101.01,343.43,181.82,42.93,17.68,5.05,NO
SANTA TERESA_NAPO,SANTA TERESA_NAPO,SANTA TERESA,NAPO,MAYNAS,207,33,48,15,5,3,8,1,159.42,231.88,72.46,24.15,14.49,38.65,4.83,NO
SAMUNA BULA_TORRES CAUSANA,SAMUNA BULA_TORRES CAUSANA,SAMUNA BULA,TORRES CAUSANA,MAYNAS,427,8,24,106,89,100,90,2,18.74,56.21,248.24,208.43,234.19,210.77,4.68,NO
EX PETROLEROS I ZONA_SAN JUAN BAUTISTA,EX PETROLEROS I ZONA_SAN JUAN BAUTISTA,EX PETROLEROS I ZONA,SAN JUAN BAUTISTA,MAYNAS,489,130,59,183,103,61,11,2,265.85,120.65,374.23,210.63,124.74,22.49,4.09,NO
LIBERTAD VAINILLA_INDIANA,LIBERTAD VAINILLA_INDIANA,LIBERTAD VAINILLA,INDIANA,MAYNAS,260,0,0,1,0,1,0,1,0,0,3.85,0,3.85,0,3.85,NO
SANTA MARIA DE ANGOTEROS_TORRES CAUSANA,SANTA MARIA DE ANGOTEROS_TORRES CAUSANA,SANTA MARIA DE ANGOTEROS,TORRES CAUSANA,MAYNAS,278,5,60,134,47,55,9,1,17.99,215.83,482.01,169.06,197.84,32.37,3.6,NO
SAN LUIS DE TACSHA CURARAY_NAPO,SAN LUIS DE TACSHA CURARAY_NAPO,SAN LUIS DE TACSHA CURARAY,NAPO,MAYNAS,867,1,0,1,4,11,75,3,1.15,0,1.15,4.61,12.69,86.51,3.46,NO
LAGARTO COCHA_NAPO,LAGARTO COCHA_NAPO,LAGARTO COCHA,NAPO,MAYNAS,305,5,15,20,20,10,2,1,16.39,49.18,65.57,65.57,32.79,6.56,3.28,NO
COPAL URCO_NAPO,COPAL URCO_NAPO,COPAL URCO,NAPO,MAYNAS,319,1,43,107,87,96,13,1,3.13,134.8,335.42,272.73,300.94,40.75,3.13,NO
SANTA MARIA DE OJEAL_PUNCHANA,SANTA MARIA DE OJEAL_PUNCHANA,SANTA MARIA DE OJEAL,PUNCHANA,MAYNAS,324,83,69,30,4,9,2,1,256.17,212.96,92.59,12.35,27.78,6.17,3.09,NO
URCO MIRAÑO_MAZAN,URCO MIRAÑO_MAZAN,URCO MIRAÑO,MAZAN,MAYNAS,340,92,62,139,8,4,10,1,270.59,182.35,408.82,23.53,11.76,29.41,2.94,NO
MANATI ZONA 2_INDIANA,MANATI ZONA 2_INDIANA,MANATI ZONA 2,INDIANA,MAYNAS,360,2,1,5,1,2,1,1,5.56,2.78,13.89,2.78,5.56,2.78,2.78,NO
DIAMANTE AZUL_NAPO,DIAMANTE AZUL_NAPO,DIAMANTE AZUL,NAPO,MAYNAS,364,30,174,163,126,86,28,1,82.42,478.02,447.8,346.15,236.26,76.92,2.75,NO
SAN CARLOS_NAPO,SAN CARLOS_NAPO,SAN CARLOS,NAPO,MAYNAS,364,71,428,432,113,224,25,1,195.05,1175.82,1186.81,310.44,615.38,68.68,2.75,NO
PEÑA NEGRA_SAN JUAN BAUTISTA,PEÑA NEGRA_SAN JUAN BAUTISTA,PEÑA NEGRA,SAN JUAN BAUTISTA,MAYNAS,367,16,80,41,46,17,3,1,43.6,217.98,111.72,125.34,46.32,8.17,2.72,NO
SAN LUCAS_SAN JUAN BAUTISTA,SAN LUCAS_SAN JUAN BAUTISTA,SAN LUCAS,SAN JUAN BAUTISTA,MAYNAS,408,75,6,66,50,11,7,1,183.82,14.71,161.76,122.55,26.96,17.16,2.45,NO
PUERTO MIGUEL_FERNANDO LORES,PUERTO MIGUEL_FERNANDO LORES,PUERTO MIGUEL,FERNANDO LORES,MAYNAS,413,2,2,4,2,0,1,1,4.84,4.84,9.69,4.84,0,2.42,2.42,NO
MAZAN_MAZAN,MAZAN_MAZAN,MAZAN,MAZAN,MAYNAS,4800,140,176,350,133,138,137,10,29.17,36.67,72.92,27.71,28.75,28.54,2.08,NO
SAN ANDRES_BELEN,SAN ANDRES_BELEN,SAN ANDRES,BELEN,MAYNAS,604,2,3,6,11,1,3,1,3.31,4.97,9.93,18.21,1.66,4.97,1.66,NO
CABO LOPEZ_SAN JUAN BAUTISTA,CABO LOPEZ_SAN JUAN BAUTISTA,CABO LOPEZ,SAN JUAN BAUTISTA,MAYNAS,850,2,1,1,3,0,0,1,2.35,1.18,1.18,3.53,0,0,1.18,NO
PUNCHANA_PUNCHANA,PUNCHANA_PUNCHANA,PUNCHANA,PUNCHANA,MAYNAS,64762,160,346,167,215,343,263,62,2.47,5.34,2.58,3.32,5.3,4.06,0.96,NO
TAMSHIYACU_FERNANDO LORES,TAMSHIYACU_FERNANDO LORES,TAMSHIYACU,FERNANDO LORES,MAYNAS,4180,46,34,34,23,12,12,4,11,8.13,8.13,5.5,2.87,2.87,0.96,NO
SAN JUAN_SAN JUAN BAUTISTA,SAN JUAN_SAN JUAN BAUTISTA,SAN JUAN,SAN JUAN BAUTISTA,MAYNAS,70390,701,627,618,467,655,266,61,9.96,8.91,8.78,6.63,9.31,3.78,0.87,NO
INDIANA_INDIANA,INDIANA_INDIANA,INDIANA,INDIANA,MAYNAS,2941,42,29,19,14,9,15,2,14.28,9.86,6.46,4.76,3.06,5.1,0.68,NO
IQUITOS_IQUITOS,IQUITOS_IQUITOS,IQUITOS,IQUITOS,MAYNAS,118159,458,832,359,390,254,380,76,3.88,7.04,3.04,3.3,2.15,3.22,0.64,NO
BELEN_BELEN,BELEN_BELEN,BELEN,BELEN,MAYNAS,47848,617,312,135,169,91,86,19,12.9,6.52,2.82,3.53,1.9,1.8,0.4,NO
BOQUERON_ALTO NANAY,BOQUERON_ALTO NANAY,BOQUERON,ALTO NANAY,MAYNAS,,0,1,0,0,0,0,0,0,0,0,0,0,0,0,NO
BUENA VISTA_ALTO NANAY,BUENA VISTA_ALTO NANAY,BUENA VISTA,ALTO NANAY,MAYNAS,72,7,24,11,3,8,8,0,97.22,333.33,152.78,41.67,111.11,111.11,0,NO
CASCABEL_ALTO NANAY,CASCABEL_ALTO NANAY,CASCABEL,ALTO NANAY,MAYNAS,,0,0,0,0,1,0,0,0,0,0,0,0,0,0,NO
CATALAN_ALTO NANAY,CATALAN_ALTO NANAY,CATALAN,ALTO NANAY,MAYNAS,,0,0,0,0,0,1,0,0,0,0,0,0,0,0,NO
CHORRILLOS_ALTO NANAY,CHORRILLOS_ALTO NANAY,CHORRILLOS,ALTO NANAY,MAYNAS,,1,0,0,0,0,0,0,0,0,0,0,0,0,0,NO
DOS UNIDOS_ALTO NANAY,DOS UNIDOS_ALTO NANAY,DOS UNIDOS,ALTO NANAY,MAYNAS,,0,0,1,1,1,0,1,0,0,0,0,0,0,0,NO
EL SALVADOR_ALTO NANAY,EL SALVADOR_ALTO NANAY,EL SALVADOR,ALTO NANAY,MAYNAS,,12,1,0,0,10,5,1,0,0,0,0,0,0,0,NO
ES UN DISTRITO_ALTO NANAY,#N/A,ES UN DISTRITO,ALTO NANAY,MAYNAS,,3,238,21,18,10,10,8,0,0,0,0,0,0,0,NO
ESPERANZA / CHAPAJILLA_ALTO NANAY,ESPERANZA / CHAPAJILLA_ALTO NANAY,ESPERANZA / CHAPAJILLA,ALTO NANAY,MAYNAS,,4,0,0,0,1,0,0,0,0,0,0,0,0,0,NO
GRAU_ALTO NANAY,GRAU_ALTO NANAY,GRAU,ALTO NANAY,MAYNAS,,4,1,0,0,0,0,0,0,0,0,0,0,0,0,NO
HIRACOCHA_ALTO NANAY,HIRACOCHA_ALTO NANAY,HIRACOCHA,ALTO NANAY,MAYNAS,,0,0,1,0,1,0,0,0,0,0,0,0,0,0,NO
HUARAPAL_ALTO NANAY,HUARAPAL_ALTO NANAY,HUARAPAL,ALTO NANAY,MAYNAS,,3,0,4,1,3,2,0,0,0,0,0,0,0,0,NO
LIBERTAD_ALTO NANAY,LIBERTAD_ALTO NANAY,LIBERTAD,ALTO NANAY,MAYNAS,,24,2,8,0,6,3,0,0,0,0,0,0,0,0,NO
NAZARETH_ALTO NANAY,NAZARETH_ALTO NANAY,NAZARETH,ALTO NANAY,MAYNAS,,1,0,0,0,0,0,0,0,0,0,0,0,0,0,NO
NO PERTENECE A ALTO NANAY_ALTO NANAY,#N/A,NO PERTENECE A ALTO NANAY,ALTO NANAY,MAYNAS,,6,14,11,27,55,13,3,0,0,0,0,0,0,0,NO
NUEVA ESPERANZA_ALTO NANAY,NUEVA ESPERANZA_ALTO NANAY,NUEVA ESPERANZA,ALTO NANAY,MAYNAS,9,5,0,0,0,0,2,0,555.56,0,0,0,0,222.22,0,NO
NUEVA VIDA_ALTO NANAY,NUEVA VIDA_ALTO NANAY,NUEVA VIDA,ALTO NANAY,MAYNAS,,1,0,1,0,0,1,0,0,0,0,0,0,0,0,NO
NUEVO ATALAYA_ALTO NANAY,NUEVO ATALAYA_ALTO NANAY,NUEVO ATALAYA,ALTO NANAY,MAYNAS,193,0,0,1,1,3,1,0,0,0,5.18,5.18,15.54,5.18,0,NO
NUEVO PORVENIR_ALTO NANAY,NUEVO PORVENIR_ALTO NANAY,NUEVO PORVENIR,ALTO NANAY,MAYNAS,50,10,17,25,5,32,9,0,200,340,500,100,640,180,0,NO
PIJUAYAL_ALTO NANAY,PIJUAYAL_ALTO NANAY,PIJUAYAL,ALTO NANAY,MAYNAS,,0,1,1,0,0,0,0,0,0,0,0,0,0,0,NO
PINTO COCHA_ALTO NANAY,PINTO COCHA_ALTO NANAY,PINTO COCHA,ALTO NANAY,MAYNAS,,1,3,0,0,0,0,0,0,0,0,0,0,0,0,NO
PUCA URCO_ALTO NANAY,PUCA URCO_ALTO NANAY,PUCA URCO,ALTO NANAY,MAYNAS,172,0,0,0,0,0,1,0,0,0,0,0,0,5.81,0,NO
SAN JUAN DE YUTO_SAN JUAN BAUTISTA,SAN JUAN DE YUTO_SAN JUAN BAUTISTA,SAN JUAN DE YUTO,SAN JUAN BAUTISTA,MAYNAS,32,0,0,3,1,0,2,0,0,0,93.75,31.25,0,62.5,0,NO
SAN PABLO_ALTO NANAY,SAN PABLO_ALTO NANAY,SAN PABLO,ALTO NANAY,MAYNAS,,4,0,1,3,0,1,0,0,0,0,0,0,0,0,NO
BUENAVISTA / SAN PEDRO_ALTO NANAY,BUENAVISTA / SAN PEDRO_ALTO NANAY,BUENAVISTA / SAN PEDRO,ALTO NANAY,MAYNAS,,3,3,1,4,2,1,1,0,0,0,0,0,0,0,NO
SANTA ANA_ALTO NANAY,SANTA ANA_ALTO NANAY,SANTA ANA,ALTO NANAY,MAYNAS,,1,1,0,0,1,0,0,0,0,0,0,0,0,0,NO
SANTA ISABEL_ALTO NANAY,SANTA ISABEL_ALTO NANAY,SANTA ISABEL,ALTO NANAY,MAYNAS,,0,0,2,1,0,1,0,0,0,0,0,0,0,0,NO
SANTA ROSA_ALTO NANAY,SANTA ROSA_ALTO NANAY,SANTA ROSA,ALTO NANAY,MAYNAS,,4,6,2,7,1,2,0,0,0,0,0,0,0,0,NO
SOLEDAD_ALTO NANAY,SOLEDAD_ALTO NANAY,SOLEDAD,ALTO NANAY,MAYNAS,,0,0,0,1,0,0,0,0,0,0,0,0,0,0,NO
TARMA_ALTO NANAY,TARMA_ALTO NANAY,TARMA,ALTO NANAY,MAYNAS,,0,0,1,0,1,1,0,0,0,0,0,0,0,0,NO
TIERRA BLANCA_ALTO NANAY,TIERRA BLANCA_ALTO NANAY,TIERRA BLANCA,ALTO NANAY,MAYNAS,,5,0,0,0,0,0,0,0,0,0,0,0,0,0,NO
TRIUNFO_ALTO NANAY,TRIUNFO_ALTO NANAY,TRIUNFO,ALTO NANAY,MAYNAS,17,0,0,2,0,2,2,0,0,0,117.65,0,117.65,117.65,0,NO
11 DE NOVIEMBRE_BELEN,11 DE NOVIEMBRE_BELEN,11 DE NOVIEMBRE,BELEN,MAYNAS,,0,0,0,1,0,0,0,0,0,0,0,0,0,0,NO
15 DE NOVIEMBRE_BELEN,15 DE NOVIEMBRE_BELEN,15 DE NOVIEMBRE,BELEN,MAYNAS,,0,0,1,0,0,0,0,0,0,0,0,0,0,0,NO
28 DE ENERO_BELEN,28 DE ENERO_BELEN,28 DE ENERO,BELEN,MAYNAS,,3,4,5,0,0,0,0,0,0,0,0,0,0,0,NO
3 DE OCTUBRE_SAN JUAN BAUTISTA,3 DE OCTUBRE_SAN JUAN BAUTISTA,3 DE OCTUBRE,SAN JUAN BAUTISTA,MAYNAS,,0,2,7,0,0,1,0,0,0,0,0,0,0,0,NO
5 DE DICIEMBRE_BELEN,5 DE DICIEMBRE_BELEN,5 DE DICIEMBRE,BELEN,MAYNAS,78,0,5,3,0,1,0,0,0,64.1,38.46,0,12.82,0,0,NO
5 DE JUNIO_SAN JUAN BAUTISTA,5 DE JUNIO_SAN JUAN BAUTISTA,5 DE JUNIO,SAN JUAN BAUTISTA,MAYNAS,,1,0,11,1,5,4,0,0,0,0,0,0,0,0,NO
8 DE DICIEMBRE_BELEN,8 DE DICIEMBRE_BELEN,8 DE DICIEMBRE,BELEN,MAYNAS,,1,5,1,0,0,1,0,0,0,0,0,0,0,0,NO
9 DE OCTUBRE_BELEN,9 DE OCTUBRE_BELEN,9 DE OCTUBRE,BELEN,MAYNAS,,8,6,7,7,5,9,1,0,0,0,0,0,0,0,NO
BALMES FLORES_BELEN,BALMES FLORES_BELEN,BALMES FLORES,BELEN,MAYNAS,,0,0,0,1,1,1,1,0,0,0,0,0,0,0,NO
BELEN DE JUDA_SAN JUAN BAUTISTA,BELEN DE JUDA_SAN JUAN BAUTISTA,BELEN DE JUDA,SAN JUAN BAUTISTA,MAYNAS,31,0,5,2,2,3,1,0,0,161.29,64.52,64.52,96.77,32.26,0,NO
BENAVIDES_BELEN,BENAVIDES_BELEN,BENAVIDES,BELEN,MAYNAS,,0,0,0,0,1,0,1,0,0,0,0,0,0,0,NO
GABRIELA NUÑEZ_BELEN,GABRIELA NUÑEZ_BELEN,GABRIELA NUÑEZ,BELEN,MAYNAS,,0,2,0,0,0,0,0,0,0,0,0,0,0,0,NO
BUENA ESPERANZA_SAN JUAN BAUTISTA,BUENA ESPERANZA_SAN JUAN BAUTISTA,BUENA ESPERANZA,SAN JUAN BAUTISTA,MAYNAS,,0,12,34,7,3,9,1,0,0,0,0,0,0,0,NO
BUENOS AIRES_BELEN,BUENOS AIRES_BELEN,BUENOS AIRES,BELEN,MAYNAS,63,1,1,0,0,0,0,0,15.87,15.87,0,0,0,0,0,NO
CABO PANTOJA_BELEN,CABO PANTOJA_BELEN,CABO PANTOJA,BELEN,MAYNAS,154,0,0,0,1,1,0,0,0,0,0,6.49,6.49,0,0,NO
CAÑAVERAL_BELEN,CAÑAVERAL_BELEN,CAÑAVERAL,BELEN,MAYNAS,169,2,2,1,0,0,0,0,11.83,11.83,5.92,0,0,0,0,NO
CANTA GALLO_BELEN,CANTA GALLO_BELEN,CANTA GALLO,BELEN,MAYNAS,205,0,0,4,0,0,0,0,0,0,19.51,0,0,0,0,NO
CARDOZO_BELEN,CARDOZO_BELEN,CARDOZO,BELEN,MAYNAS,,9,14,4,4,6,2,0,0,0,0,0,0,0,0,NO
CAROCOCHA_BELEN,CAROCOCHA_BELEN,CAROCOCHA,BELEN,MAYNAS,326,0,0,1,0,2,0,0,0,0,3.07,0,6.13,0,0,NO
CASERIO 28 DE JULIO_BELEN,CASERIO 28 DE JULIO_BELEN,CASERIO 28 DE JULIO,BELEN,MAYNAS,,0,1,1,5,1,0,0,0,0,0,0,0,0,0,NO
RAFAEL BELAUNDE II ZONA_BELEN,RAFAEL BELAUNDE II ZONA_BELEN,RAFAEL BELAUNDE II ZONA,BELEN,MAYNAS,,0,0,3,0,0,0,0,0,0,0,0,0,0,0,NO
NUEVO CAMPEON_BELEN,NUEVO CAMPEON_BELEN,NUEVO CAMPEON,BELEN,MAYNAS,,0,1,2,2,2,1,1,0,0,0,0,0,0,0,NO
TARAPACA_BELEN,TARAPACA_BELEN,TARAPACA,BELEN,MAYNAS,,0,1,0,0,0,0,0,0,0,0,0,0,0,0,NO
CENTRO MAZANA ZONA 1_BELEN,CENTRO MAZANA ZONA 1_BELEN,CENTRO MAZANA ZONA 1,BELEN,MAYNAS,45,0,1,2,0,0,2,0,0,22.22,44.44,0,0,44.44,0,NO
CENTRO UNION LUPUNA_BELEN,CENTRO UNION LUPUNA_BELEN,CENTRO UNION LUPUNA,BELEN,MAYNAS,121,1,1,4,1,1,1,0,8.26,8.26,33.06,8.26,8.26,8.26,0,NO
CHAVEZ SIBINA_BELEN,CHAVEZ SIBINA_BELEN,CHAVEZ SIBINA,BELEN,MAYNAS,,0,0,0,0,0,1,0,0,0,0,0,0,0,0,NO
CIUDAD JARDIN_BELEN,CIUDAD JARDIN_BELEN,CIUDAD JARDIN,BELEN,MAYNAS,,0,0,0,1,0,1,0,0,0,0,0,0,0,0,NO
ISLA IQUITOS_BELEN,ISLA IQUITOS_BELEN,ISLA IQUITOS,BELEN,MAYNAS,403,0,3,0,0,0,3,0,0,7.44,0,0,0,7.44,0,NO
ITAYA_BELEN,ITAYA_BELEN,ITAYA,BELEN,MAYNAS,,18,9,24,7,8,6,2,0,0,0,0,0,0,0,NO
JUAN VELASCO ALVARADO_BELEN,JUAN VELASCO ALVARADO_BELEN,JUAN VELASCO ALVARADO,BELEN,MAYNAS,144,0,0,1,0,0,1,0,0,0,6.94,0,0,6.94,0,NO
LIBERTAD_BELEN,LIBERTAD_BELEN,LIBERTAD,BELEN,MAYNAS,,0,0,0,1,0,0,0,0,0,0,0,0,0,0,NO
LUPUNA ZONA 1_BELEN,LUPUNA ZONA 1_BELEN,LUPUNA ZONA 1,BELEN,MAYNAS,19,3,2,2,0,1,0,0,157.89,105.26,105.26,0,52.63,0,0,NO
LUPUNA ZONA 2_BELEN,LUPUNA ZONA 2_BELEN,LUPUNA ZONA 2,BELEN,MAYNAS,176,0,1,0,1,1,0,0,0,5.68,0,5.68,5.68,0,0,NO
LUZ ORIENTE_BELEN,LUZ ORIENTE_BELEN,LUZ ORIENTE,BELEN,MAYNAS,,3,3,1,1,0,0,0,0,0,0,0,0,0,0,NO
MANCO INCA_BELEN,MANCO INCA_BELEN,MANCO INCA,BELEN,MAYNAS,,0,3,0,0,0,0,0,0,0,0,0,0,0,0,NO
MAZANILLO_BELEN,MAZANILLO_BELEN,MAZANILLO,BELEN,MAYNAS,116,1,0,2,0,2,0,0,8.62,0,17.24,0,17.24,0,0,NO
MONTE VERDE_BELEN,MONTE VERDE_BELEN,MONTE VERDE,BELEN,MAYNAS,,0,0,0,1,0,0,0,0,0,0,0,0,0,0,NO
NUEVA ESPERANZA_BELEN,NUEVA ESPERANZA_BELEN,NUEVA ESPERANZA,BELEN,MAYNAS,,0,3,2,1,0,0,0,0,0,0,0,0,0,0,NO
NUEVO AMAZONAS_BELEN,NUEVO AMAZONAS_BELEN,NUEVO AMAZONAS,BELEN,MAYNAS,,0,0,1,0,0,2,0,0,0,0,0,0,0,0,NO
NUEVO CAMPEON_BELEN,NUEVO CAMPEON_BELEN,NUEVO CAMPEON,BELEN,MAYNAS,233,0,6,7,1,5,3,0,0,25.75,30.04,4.29,21.46,12.88,0,NO
NUEVO HUMARAL_BELEN,NUEVO HUMARAL_BELEN,NUEVO HUMARAL,BELEN,MAYNAS,63,0,1,0,0,0,0,0,0,15.87,0,0,0,0,0,NO
NUEVO LIBERAL_BELEN,NUEVO LIBERAL_BELEN,NUEVO LIBERAL,BELEN,MAYNAS,,0,1,0,0,0,1,0,0,0,0,0,0,0,0,NO
NUEVO SAN MARTIN_BELEN,NUEVO SAN MARTIN_BELEN,NUEVO SAN MARTIN,BELEN,MAYNAS,,1,0,0,0,0,0,0,0,0,0,0,0,0,0,NO
OSCAR IVAN_BELEN,OSCAR IVAN_BELEN,OSCAR IVAN,BELEN,MAYNAS,,0,1,0,0,0,0,2,0,0,0,0,0,0,0,NO
PADRE ISLA ZONA 1_BELEN,PADRE ISLA ZONA 1_BELEN,PADRE ISLA ZONA 1,BELEN,MAYNAS,178,2,1,0,0,0,1,0,11.24,5.62,0,0,0,5.62,0,NO
PALO SECO_BELEN,PALO SECO_BELEN,PALO SECO,BELEN,MAYNAS,,4,2,11,18,30,11,3,0,0,0,0,0,0,0,NO
PANGUANA_BELEN,PANGUANA_BELEN,PANGUANA,BELEN,MAYNAS,,2,0,0,0,0,0,0,0,0,0,0,0,0,0,NO
PARAISO_SAN JUAN BAUTISTA,PARAISO_SAN JUAN BAUTISTA,PARAISO,SAN JUAN BAUTISTA,MAYNAS,,1,2,3,10,14,3,0,0,0,0,0,0,0,0,NO
PEÑA BLANCA_BELEN,PEÑA BLANCA_BELEN,PEÑA BLANCA,BELEN,MAYNAS,57,9,0,0,0,6,1,0,157.89,0,0,0,105.26,17.54,0,NO
PROGRESO_BELEN,PROGRESO_BELEN,PROGRESO,BELEN,MAYNAS,273,2,3,2,0,0,1,0,7.33,10.99,7.33,0,0,3.66,0,NO
PUERTO ALEGRIA II ZONA_BELEN,PUERTO ALEGRIA II ZONA_BELEN,PUERTO ALEGRIA II ZONA,BELEN,MAYNAS,63,0,7,4,0,1,0,0,0,111.11,63.49,0,15.87,0,0,NO
PUERTO SAN LORENZO_BELEN,PUERTO SAN LORENZO_BELEN,PUERTO SAN LORENZO,BELEN,MAYNAS,,0,0,1,0,0,0,0,0,0,0,0,0,0,0,NO
QUEBRADA PAVAYACU_BELEN,QUEBRADA PAVAYACU_BELEN,QUEBRADA PAVAYACU,BELEN,MAYNAS,,1,0,0,0,0,0,0,0,0,0,0,0,0,0,NO
RAFAEL BELAUNDE_BELEN,RAFAEL BELAUNDE_BELEN,RAFAEL BELAUNDE,BELEN,MAYNAS,148,2,0,2,1,2,0,0,13.51,0,13.51,6.76,13.51,0,0,NO
ROSARIO AUCAYO_FERNANDO LORES,ROSARIO AUCAYO_FERNANDO LORES,ROSARIO AUCAYO,FERNANDO LORES,MAYNAS,,0,0,1,0,0,0,0,0,0,0,0,0,0,0,NO
SAN ANTONIO DE GALLITO_BELEN,#N/A,SAN ANTONIO DE GALLITO,BELEN,MAYNAS,,6,7,42,38,59,46,15,0,0,0,0,0,0,0,NO
SAN ANTONIO_BELEN,SAN ANTONIO_BELEN,SAN ANTONIO,BELEN,MAYNAS,93,0,1,0,0,3,2,0,0,10.75,0,0,32.26,21.51,0,NO
SAN CARLOS_SAN JUAN BAUTISTA,SAN CARLOS_SAN JUAN BAUTISTA,SAN CARLOS,SAN JUAN BAUTISTA,MAYNAS,,0,11,16,4,2,2,0,0,0,0,0,0,0,0,NO
SAN FRANCISCO_BELEN,SAN FRANCISCO_BELEN,SAN FRANCISCO,BELEN,MAYNAS,804,1,13,5,5,6,1,0,1.24,16.17,6.22,6.22,7.46,1.24,0,NO
SAN JOSE_BELEN,SAN JOSE_BELEN,SAN JOSE,BELEN,MAYNAS,1176,3,3,2,5,2,5,0,2.55,2.55,1.7,4.25,1.7,4.25,0,NO
SAN JUAN DE HUASHALADO_BELEN,SAN JUAN DE HUASHALADO_BELEN,SAN JUAN DE HUASHALADO,BELEN,MAYNAS,108,1,2,1,0,0,0,0,9.26,18.52,9.26,0,0,0,0,NO
SAN LORENZO_BELEN,SAN LORENZO_BELEN,SAN LORENZO,BELEN,MAYNAS,,0,0,0,0,1,0,0,0,0,0,0,0,0,0,NO
SAN MIGUEL_BELEN,SAN MIGUEL_BELEN,SAN MIGUEL,BELEN,MAYNAS,80,0,1,0,2,1,0,0,0,12.5,0,25,12.5,0,0,NO
SAN PABLO DE LUPUNILLO_BELEN,SAN PABLO DE LUPUNILLO_BELEN,SAN PABLO DE LUPUNILLO,BELEN,MAYNAS,77,2,3,0,0,0,0,0,25.97,38.96,0,0,0,0,0,NO
SANTA ANA DE MUYUY_FERNANDO LORES,SANTA ANA DE MUYUY_FERNANDO LORES,SANTA ANA DE MUYUY,FERNANDO LORES,MAYNAS,,0,0,0,1,0,0,0,0,0,0,0,0,0,0,NO
SANTA BARBARA_SAN JUAN BAUTISTA,SANTA BARBARA_SAN JUAN BAUTISTA,SANTA BARBARA,SAN JUAN BAUTISTA,MAYNAS,,0,16,25,9,6,14,1,0,0,0,0,0,0,0,NO
SANTA ELOISA_BELEN,SANTA ELOISA_BELEN,SANTA ELOISA,BELEN,MAYNAS,,0,7,19,12,4,9,0,0,0,0,0,0,0,0,NO
SANTA MARIA_BELEN,SANTA MARIA_BELEN,SANTA MARIA,BELEN,MAYNAS,,3,1,0,3,2,0,1,0,0,0,0,0,0,0,NO
SANTA MARIA DE FATIMA_INDIANA,SANTA MARIA DE FATIMA_INDIANA,SANTA MARIA DE FATIMA,INDIANA,MAYNAS,263,2,0,1,0,2,0,0,7.6,0,3.8,0,7.6,0,0,NO
SANTA MARTHA_BELEN,SANTA MARTHA_BELEN,SANTA MARTHA,BELEN,MAYNAS,211,10,1,12,8,7,1,0,47.39,4.74,56.87,37.91,33.18,4.74,0,NO
SANTA ROSA_BELEN,SANTA ROSA_BELEN,SANTA ROSA,BELEN,MAYNAS,66,0,1,0,2,2,0,0,0,15.15,0,30.3,30.3,0,0,NO
SANTO TOMAS_SAN JUAN BAUTISTA,SANTO TOMAS_SAN JUAN BAUTISTA,SANTO TOMAS,SAN JUAN BAUTISTA,MAYNAS,,0,0,1,0,0,0,0,0,0,0,0,0,0,0,NO
SARITA COLONIA_BELEN,SARITA COLONIA_BELEN,SARITA COLONIA,BELEN,MAYNAS,,0,1,1,0,0,2,0,0,0,0,0,0,0,0,NO
SOLEDAD_SAN JUAN BAUTISTA,SOLEDAD_SAN JUAN BAUTISTA,SOLEDAD,SAN JUAN BAUTISTA,MAYNAS,,3,9,45,28,24,12,1,0,0,0,0,0,0,0,NO
ULLPA CAÑO_BELEN,ULLPA CAÑO_BELEN,ULLPA CAÑO,BELEN,MAYNAS,,0,0,1,2,0,0,0,0,0,0,0,0,0,0,NO
VENECIA_BELEN,VENECIA_BELEN,VENECIA,BELEN,MAYNAS,,0,25,4,0,1,1,0,0,0,0,0,0,0,0,NO
VILLA BELEN_BELEN,VILLA BELEN_BELEN,VILLA BELEN,BELEN,MAYNAS,,6,3,21,21,4,5,0,0,0,0,0,0,0,0,NO
VILLA VICTORIA_BELEN,VILLA VICTORIA_BELEN,VILLA VICTORIA,BELEN,MAYNAS,,0,0,0,1,0,0,0,0,0,0,0,0,0,0,NO
YANAYACU BOMBONAJE_BELEN,YANAYACU BOMBONAJE_BELEN,YANAYACU BOMBONAJE,BELEN,MAYNAS,265,0,0,1,0,0,0,0,0,0,3.77,0,0,0,0,NO
_BELEN,#N/A,,BELEN,MAYNAS,,0,1,0,0,0,0,0,0,0,0,0,0,0,0,NO
18 DE FEBRERO_FERNANDO LORES,18 DE FEBRERO_FERNANDO LORES,18 DE FEBRERO,FERNANDO LORES,MAYNAS,36,0,1,0,0,0,0,0,0,27.78,0,0,0,0,0,NO
DOS DE MAYO_BELEN,DOS DE MAYO_BELEN,DOS DE MAYO,BELEN,MAYNAS,,1,0,1,2,0,0,0,0,0,0,0,0,0,0,NO
24 DE JUNIO_FERNANDO LORES,24 DE JUNIO_FERNANDO LORES,24 DE JUNIO,FERNANDO LORES,MAYNAS,46,1,0,0,1,0,0,0,21.74,0,0,21.74,0,0,0,NO
ALIANZA_FERNANDO LORES,ALIANZA_FERNANDO LORES,ALIANZA,FERNANDO LORES,MAYNAS,109,28,4,0,0,30,0,0,256.88,36.7,0,0,275.23,0,0,NO
ROSARIO AUCAYO_FERNANDO LORES,ROSARIO AUCAYO_FERNANDO LORES,ROSARIO AUCAYO,FERNANDO LORES,MAYNAS,560,132,78,20,20,7,1,0,235.71,139.29,35.71,35.71,12.5,1.79,0,NO
AUGUSTO FREYRE GARCIA_FERNANDO LORES,AUGUSTO FREYRE GARCIA_FERNANDO LORES,AUGUSTO FREYRE GARCIA,FERNANDO LORES,MAYNAS,,0,1,1,0,0,0,0,0,0,0,0,0,0,0,NO
AYACUCHO TIPISHCA_FERNANDO LORES,AYACUCHO TIPISHCA_FERNANDO LORES,AYACUCHO TIPISHCA,FERNANDO LORES,MAYNAS,98,0,3,0,0,0,0,0,0,30.61,0,0,0,0,0,NO
BUENA VISTA_FERNANDO LORES,BUENA VISTA_FERNANDO LORES,BUENA VISTA,FERNANDO LORES,MAYNAS,82,6,0,0,0,1,0,0,73.17,0,0,0,12.2,0,0,NO
BUENAS NUEVAS_FERNANDO LORES,BUENAS NUEVAS_FERNANDO LORES,BUENAS NUEVAS,FERNANDO LORES,MAYNAS,52,0,1,0,0,0,0,0,0,19.23,0,0,0,0,0,NO
BUENOS AIRES_FERNANDO LORES,BUENOS AIRES_FERNANDO LORES,BUENOS AIRES,FERNANDO LORES,MAYNAS,270,19,0,0,0,1,0,0,70.37,0,0,0,3.7,0,0,NO
CENTRO INDUSTRIAL_FERNANDO LORES,CENTRO INDUSTRIAL_FERNANDO LORES,CENTRO INDUSTRIAL,FERNANDO LORES,MAYNAS,293,110,8,1,1,1,0,0,375.43,27.3,3.41,3.41,3.41,0,0,NO
CENTRO YACAPANA_FERNANDO LORES,CENTRO YACAPANA_FERNANDO LORES,CENTRO YACAPANA,FERNANDO LORES,MAYNAS,,1,0,0,0,0,1,0,0,0,0,0,0,0,0,NO
CHAVIN_FERNANDO LORES,CHAVIN_FERNANDO LORES,CHAVIN,FERNANDO LORES,MAYNAS,52,3,0,0,1,0,0,0,57.69,0,0,19.23,0,0,0,NO
COLLPA_FERNANDO LORES,COLLPA_FERNANDO LORES,COLLPA,FERNANDO LORES,MAYNAS,49,1,1,0,0,0,0,0,20.41,20.41,0,0,0,0,0,NO
CONSTANCIA_FERNANDO LORES,CONSTANCIA_FERNANDO LORES,CONSTANCIA,FERNANDO LORES,MAYNAS,185,19,2,10,3,0,0,0,102.7,10.81,54.05,16.22,0,0,0,NO
CUNSHICO COCHA_FERNANDO LORES,CUNSHICO COCHA_FERNANDO LORES,CUNSHICO COCHA,FERNANDO LORES,MAYNAS,,3,0,0,0,0,0,0,0,0,0,0,0,0,0,NO
DIAMANTE AZUL_FERNANDO LORES,DIAMANTE AZUL_FERNANDO LORES,DIAMANTE AZUL,FERNANDO LORES,MAYNAS,,7,1,1,1,0,0,0,0,0,0,0,0,0,0,NO
EL CHARO_FERNANDO LORES,EL CHARO_FERNANDO LORES,EL CHARO,FERNANDO LORES,MAYNAS,21,0,1,1,0,0,0,0,0,47.62,47.62,0,0,0,0,NO
EL CHINO_FERNANDO LORES,EL CHINO_FERNANDO LORES,EL CHINO,FERNANDO LORES,MAYNAS,198,9,1,3,4,1,0,0,45.45,5.05,15.15,20.2,5.05,0,0,NO
PORVENIR_FERNANDO LORES,PORVENIR_FERNANDO LORES,PORVENIR,FERNANDO LORES,MAYNAS,204,0,1,0,0,0,0,0,0,4.9,0,0,0,0,0,NO
FLOR DE ORIENTE_FERNANDO LORES,FLOR DE ORIENTE_FERNANDO LORES,FLOR DE ORIENTE,FERNANDO LORES,MAYNAS,39,0,0,0,1,0,0,0,0,0,0,25.64,0,0,0,NO
FOMENTO_FERNANDO LORES,FOMENTO_FERNANDO LORES,FOMENTO,FERNANDO LORES,MAYNAS,73,0,0,0,1,0,0,0,0,0,0,13.7,0,0,0,NO
GALLITO_FERNANDO LORES,GALLITO_FERNANDO LORES,GALLITO,FERNANDO LORES,MAYNAS,592,12,2,5,0,0,0,0,20.27,3.38,8.45,0,0,0,0,NO
GRAN PERU_FERNANDO LORES,GRAN PERU_FERNANDO LORES,GRAN PERU,FERNANDO LORES,MAYNAS,214,1,2,2,0,1,0,0,4.67,9.35,9.35,0,4.67,0,0,NO
HUAYSI_FERNANDO LORES,HUAYSI_FERNANDO LORES,HUAYSI,FERNANDO LORES,MAYNAS,32,1,0,0,0,0,0,0,31.25,0,0,0,0,0,0,NO
INDEPENDIENTE_FERNANDO LORES,INDEPENDIENTE_FERNANDO LORES,INDEPENDIENTE,FERNANDO LORES,MAYNAS,108,3,1,2,0,0,0,0,27.78,9.26,18.52,0,0,0,0,NO
ISLA DE FATIMA_FERNANDO LORES,ISLA DE FATIMA_FERNANDO LORES,ISLA DE FATIMA,FERNANDO LORES,MAYNAS,108,1,1,2,0,0,0,0,9.26,9.26,18.52,0,0,0,0,NO
JALDAR_FERNANDO LORES,JALDAR_FERNANDO LORES,JALDAR,FERNANDO LORES,MAYNAS,88,3,3,7,4,0,0,0,34.09,34.09,79.55,45.45,0,0,0,NO
JERUSALEN_FERNANDO LORES,JERUSALEN_FERNANDO LORES,JERUSALEN,FERNANDO LORES,MAYNAS,59,5,0,2,0,0,2,0,84.75,0,33.9,0,0,33.9,0,NO
LORETO_FERNANDO LORES,LORETO_FERNANDO LORES,LORETO,FERNANDO LORES,MAYNAS,,0,0,0,1,1,0,0,0,0,0,0,0,0,0,NO
MAGDALENA_FERNANDO LORES,MAGDALENA_FERNANDO LORES,MAGDALENA,FERNANDO LORES,MAYNAS,64,8,4,3,1,1,0,0,125,62.5,46.88,15.63,15.63,0,0,NO
MANGUA_FERNANDO LORES,MANGUA_FERNANDO LORES,MANGUA,FERNANDO LORES,MAYNAS,56,2,0,0,0,1,0,0,35.71,0,0,0,17.86,0,0,NO
MIRAFLORES_FERNANDO LORES,MIRAFLORES_FERNANDO LORES,MIRAFLORES,FERNANDO LORES,MAYNAS,148,5,0,2,1,0,0,0,33.78,0,13.51,6.76,0,0,0,NO
NUEVA ESPERANZA_FERNANDO LORES,NUEVA ESPERANZA_FERNANDO LORES,NUEVA ESPERANZA,FERNANDO LORES,MAYNAS,37,3,3,0,2,0,0,0,81.08,81.08,0,54.05,0,0,0,NO
NUEVA PRIMAVERA_FERNANDO LORES,NUEVA PRIMAVERA_FERNANDO LORES,NUEVA PRIMAVERA,FERNANDO LORES,MAYNAS,115,2,0,0,0,2,0,0,17.39,0,0,0,17.39,0,0,NO
NUEVO AMAZONAS_FERNANDO LORES,NUEVO AMAZONAS_FERNANDO LORES,NUEVO AMAZONAS,FERNANDO LORES,MAYNAS,69,3,0,0,0,0,0,0,43.48,0,0,0,0,0,0,NO
NUEVO HORIZONTE_FERNANDO LORES,NUEVO HORIZONTE_FERNANDO LORES,NUEVO HORIZONTE,FERNANDO LORES,MAYNAS,132,0,0,0,0,2,0,0,0,0,0,0,15.15,0,0,NO
NUEVO JERUSALEN_FERNANDO LORES,NUEVO JERUSALEN_FERNANDO LORES,NUEVO JERUSALEN,FERNANDO LORES,MAYNAS,74,8,1,4,1,0,0,0,108.11,13.51,54.05,13.51,0,0,0,NO
NUEVO JUNIN_FERNANDO LORES,NUEVO JUNIN_FERNANDO LORES,NUEVO JUNIN,FERNANDO LORES,MAYNAS,107,0,0,1,0,0,0,0,0,0,9.35,0,0,0,0,NO
NUEVO PROGRESO_FERNANDO LORES,NUEVO PROGRESO_FERNANDO LORES,NUEVO PROGRESO,FERNANDO LORES,MAYNAS,89,2,0,1,0,0,0,0,22.47,0,11.24,0,0,0,0,NO
NUEVO SAN JUAN_FERNANDO LORES,NUEVO SAN JUAN_FERNANDO LORES,NUEVO SAN JUAN,FERNANDO LORES,MAYNAS,82,6,2,12,0,0,0,0,73.17,24.39,146.34,0,0,0,0,NO
NUEVO SAN MARTIN_FERNANDO LORES,NUEVO SAN MARTIN_FERNANDO LORES,NUEVO SAN MARTIN,FERNANDO LORES,MAYNAS,133,0,0,2,1,0,0,0,0,0,15.04,7.52,0,0,0,NO
NUEVO TRIUNFO_FERNANDO LORES,NUEVO TRIUNFO_FERNANDO LORES,NUEVO TRIUNFO,FERNANDO LORES,MAYNAS,105,1,0,0,0,1,0,0,9.52,0,0,0,9.52,0,0,NO
NUEVO VALENTIN_FERNANDO LORES,NUEVO VALENTIN_FERNANDO LORES,NUEVO VALENTIN,FERNANDO LORES,MAYNAS,171,7,2,1,0,2,0,0,40.94,11.7,5.85,0,11.7,0,0,NO
PACHACUTEC_FERNANDO LORES,PACHACUTEC_FERNANDO LORES,PACHACUTEC,FERNANDO LORES,MAYNAS,29,1,0,0,0,0,0,0,34.48,0,0,0,0,0,0,NO
PANGUANA ZONA I_FERNANDO LORES,PANGUANA ZONA I_FERNANDO LORES,PANGUANA ZONA I,FERNANDO LORES,MAYNAS,167,6,2,1,1,0,1,0,35.93,11.98,5.99,5.99,0,5.99,0,NO
PANGUANA ZONA II_FERNANDO LORES,PANGUANA ZONA II_FERNANDO LORES,PANGUANA ZONA II,FERNANDO LORES,MAYNAS,253,14,0,2,2,0,0,0,55.34,0,7.91,7.91,0,0,0,NO
PANGUANA YANAYACU_FERNANDO LORES,#N/A,PANGUANA YANAYACU,FERNANDO LORES,MAYNAS,,10,0,0,0,0,0,0,0,0,0,0,0,0,0,NO
PIHUICHO ISLA_FERNANDO LORES,PIHUICHO ISLA_FERNANDO LORES,PIHUICHO ISLA,FERNANDO LORES,MAYNAS,99,4,0,0,0,0,0,0,40.4,0,0,0,0,0,0,NO
PUEBLO LIBRE_FERNANDO LORES,PUEBLO LIBRE_FERNANDO LORES,PUEBLO LIBRE,FERNANDO LORES,MAYNAS,44,1,1,0,0,0,0,0,22.73,22.73,0,0,0,0,0,NO
PUERTO INCA_FERNANDO LORES,PUERTO INCA_FERNANDO LORES,PUERTO INCA,FERNANDO LORES,MAYNAS,41,2,1,0,0,0,0,0,48.78,24.39,0,0,0,0,0,NO
PUERTO ROSARIO_FERNANDO LORES,PUERTO ROSARIO_FERNANDO LORES,PUERTO ROSARIO,FERNANDO LORES,MAYNAS,99,2,0,0,0,0,0,0,20.2,0,0,0,0,0,0,NO
QUEBRADA DE CHATU_FERNANDO LORES,QUEBRADA DE CHATU_FERNANDO LORES,QUEBRADA DE CHATU,FERNANDO LORES,MAYNAS,,2,0,1,0,0,0,0,0,0,0,0,0,0,0,NO
RIVERA ALTA_FERNANDO LORES,RIVERA ALTA_FERNANDO LORES,RIVERA ALTA,FERNANDO LORES,MAYNAS,76,4,0,0,1,0,0,0,52.63,0,0,13.16,0,0,0,NO
SAN CARLOS_FERNANDO LORES,SAN CARLOS_FERNANDO LORES,SAN CARLOS,FERNANDO LORES,MAYNAS,41,0,2,4,12,17,7,0,0,48.78,97.56,292.68,414.63,170.73,0,NO
SAN FELIPE_FERNANDO LORES,SAN FELIPE_FERNANDO LORES,SAN FELIPE,FERNANDO LORES,MAYNAS,129,1,1,4,1,0,0,0,7.75,7.75,31.01,7.75,0,0,0,NO
SAN FERNANDO_FERNANDO LORES,#N/A,SAN FERNANDO,FERNANDO LORES,MAYNAS,37,2,0,0,1,2,0,0,54.05,0,0,27.03,54.05,0,0,NO
SAN JORGE_FERNANDO LORES,SAN JORGE_FERNANDO LORES,SAN JORGE,FERNANDO LORES,MAYNAS,35,1,0,0,0,0,1,0,28.57,0,0,0,0,28.57,0,NO
SAN JOSE DE OMAGUAS_FERNANDO LORES,SAN JOSE DE OMAGUAS_FERNANDO LORES,SAN JOSE DE OMAGUAS,FERNANDO LORES,MAYNAS,138,0,0,0,1,0,0,0,0,0,0,7.25,0,0,0,NO
SAN JUAN DE CUNSHICO_FERNANDO LORES,SAN JUAN DE CUNSHICO_FERNANDO LORES,SAN JUAN DE CUNSHICO,FERNANDO LORES,MAYNAS,29,0,0,0,0,1,0,0,0,0,0,0,34.48,0,0,NO
SAN JUAN DE YANAYACU_FERNANDO LORES,SAN JUAN DE YANAYACU_FERNANDO LORES,SAN JUAN DE YANAYACU,FERNANDO LORES,MAYNAS,98,0,1,0,1,0,1,0,0,10.2,0,10.2,0,10.2,0,NO
SAN LORENZO DE MUYUY_FERNANDO LORES,SAN LORENZO DE MUYUY_FERNANDO LORES,SAN LORENZO DE MUYUY,FERNANDO LORES,MAYNAS,80,0,0,4,0,0,1,0,0,0,50,0,0,12.5,0,NO
SAN MIGUEL_FERNANDO LORES,SAN MIGUEL_FERNANDO LORES,SAN MIGUEL,FERNANDO LORES,MAYNAS,46,2,0,0,0,0,0,0,43.48,0,0,0,0,0,0,NO
SAN PEDRO DE BLANCO_FERNANDO LORES,SAN PEDRO DE BLANCO_FERNANDO LORES,SAN PEDRO DE BLANCO,FERNANDO LORES,MAYNAS,,0,0,0,0,0,0,1,0,0,0,0,0,0,0,NO
SAN RAFAEL_FERNANDO LORES,SAN RAFAEL_FERNANDO LORES,SAN RAFAEL,FERNANDO LORES,MAYNAS,34,1,0,1,0,0,0,0,29.41,0,29.41,0,0,0,0,NO
SAN SALVADOR DE OMAGUA_FERNANDO LORES,SAN SALVADOR DE OMAGUA_FERNANDO LORES,SAN SALVADOR DE OMAGUA,FERNANDO LORES,MAYNAS,,1,0,1,0,0,0,0,0,0,0,0,0,0,0,NO
SANTA ANA DE MUYUY_FERNANDO LORES,SANTA ANA DE MUYUY_FERNANDO LORES,SANTA ANA DE MUYUY,FERNANDO LORES,MAYNAS,88,0,0,0,0,1,0,0,0,0,0,0,11.36,0,0,NO
SANTA ANA DE MUYUY II ZONA_FERNANDO LORES,SANTA ANA DE MUYUY II ZONA_FERNANDO LORES,SANTA ANA DE MUYUY II ZONA,FERNANDO LORES,MAYNAS,,0,1,0,0,0,0,0,0,0,0,0,0,0,0,NO
SANTA ANA ZONA I_FERNANDO LORES,SANTA ANA ZONA I_FERNANDO LORES,SANTA ANA ZONA I,FERNANDO LORES,MAYNAS,280,5,1,1,1,0,0,0,17.86,3.57,3.57,3.57,0,0,0,NO
SANTA ANA 2_FERNANDO LORES,SANTA ANA 2_FERNANDO LORES,SANTA ANA 2,FERNANDO LORES,MAYNAS,84,2,0,0,0,0,0,0,23.81,0,0,0,0,0,0,NO
SANTA ROSA DEL SHATO_FERNANDO LORES,SANTA ROSA DEL SHATO_FERNANDO LORES,SANTA ROSA DEL SHATO,FERNANDO LORES,MAYNAS,43,3,1,2,0,0,0,0,69.77,23.26,46.51,0,0,0,0,NO
SEÑOR DE LOS MILAGROS_FERNANDO LORES,SEÑOR DE LOS MILAGROS_FERNANDO LORES,SEÑOR DE LOS MILAGROS,FERNANDO LORES,MAYNAS,60,0,0,0,1,0,0,0,0,0,0,16.67,0,0,0,NO
SERAFIN FILOMENO_FERNANDO LORES,SERAFIN FILOMENO_FERNANDO LORES,SERAFIN FILOMENO,FERNANDO LORES,MAYNAS,104,10,0,1,0,3,0,0,96.15,0,9.62,0,28.85,0,0,NO
YAGUAS DEL RIO TAHUAYO_FERNANDO LORES,YAGUAS DEL RIO TAHUAYO_FERNANDO LORES,YAGUAS DEL RIO TAHUAYO,FERNANDO LORES,MAYNAS,,0,2,1,1,0,1,1,0,0,0,0,0,0,0,NO
TAPIRA NUEVA I ZONA_FERNANDO LORES,TAPIRA NUEVA I ZONA_FERNANDO LORES,TAPIRA NUEVA I ZONA,FERNANDO LORES,MAYNAS,74,0,1,1,0,1,0,0,0,13.51,13.51,0,13.51,0,0,NO
TIMAREO I ZONA_FERNANDO LORES,TIMAREO I ZONA_FERNANDO LORES,TIMAREO I ZONA,FERNANDO LORES,MAYNAS,62,1,1,0,1,0,0,0,16.13,16.13,0,16.13,0,0,0,NO
TIMAREO II ZONA_FERNANDO LORES,TIMAREO II ZONA_FERNANDO LORES,TIMAREO II ZONA,FERNANDO LORES,MAYNAS,45,1,0,0,0,0,0,0,22.22,0,0,0,0,0,0,NO
NUEVO TIMAREO III ZONA_FERNANDO LORES,NUEVO TIMAREO III ZONA_FERNANDO LORES,NUEVO TIMAREO III ZONA,FERNANDO LORES,MAYNAS,56,0,0,0,0,1,0,0,0,0,0,0,17.86,0,0,NO
UNION QUEBRADA AUCAYO_FERNANDO LORES,UNION QUEBRADA AUCAYO_FERNANDO LORES,UNION QUEBRADA AUCAYO,FERNANDO LORES,MAYNAS,,0,6,0,0,0,0,0,0,0,0,0,0,0,0,NO
VILLA ASIS_FERNANDO LORES,VILLA ASIS_FERNANDO LORES,VILLA ASIS,FERNANDO LORES,MAYNAS,146,1,0,0,0,0,1,0,6.85,0,0,0,0,6.85,0,NO
MONTE SINAI_FERNANDO LORES,MONTE SINAI_FERNANDO LORES,MONTE SINAI,FERNANDO LORES,MAYNAS,27,6,0,1,0,1,0,0,222.22,0,37.04,0,37.04,0,0,NO
YACAPANA 1RA ZONA_FERNANDO LORES,YACAPANA 1RA ZONA_FERNANDO LORES,YACAPANA 1RA ZONA,FERNANDO LORES,MAYNAS,67,0,0,2,0,0,0,0,0,0,29.85,0,0,0,0,NO
YACAPANA II ZONA_FERNANDO LORES,YACAPANA II ZONA_FERNANDO LORES,YACAPANA II ZONA,FERNANDO LORES,MAYNAS,68,0,1,0,0,0,0,0,0,14.71,0,0,0,0,0,NO
YANAYACU IV ZONA PANGUANA_FERNANDO LORES,YANAYACU IV ZONA PANGUANA_FERNANDO LORES,YANAYACU IV ZONA PANGUANA,FERNANDO LORES,MAYNAS,168,2,0,0,0,0,0,0,11.9,0,0,0,0,0,0,NO
YARINACOCHA_FERNANDO LORES,YARINACOCHA_FERNANDO LORES,YARINACOCHA,FERNANDO LORES,MAYNAS,,7,0,0,0,0,0,0,0,0,0,0,0,0,0,NO
_FERNANDO LORES,#N/A,,FERNANDO LORES,MAYNAS,,0,0,4,0,0,0,0,0,0,0,0,0,0,0,NO
_FERNANDO LORES,#N/A,,FERNANDO LORES,MAYNAS,,0,1,1,1,0,1,0,0,0,0,0,0,0,0,NO
11 DE DICIEMBRE_INDIANA,11 DE DICIEMBRE_INDIANA,11 DE DICIEMBRE,INDIANA,MAYNAS,16,1,1,0,0,1,0,0,62.5,62.5,0,0,62.5,0,0,NO
CATALAN URCO_INDIANA,CATALAN URCO_INDIANA,CATALAN URCO,INDIANA,MAYNAS,130,13,2,40,7,0,0,0,100,15.38,307.69,53.85,0,0,0,NO
CURUHUINSI_INDIANA,CURUHUINSI_INDIANA,CURUHUINSI,INDIANA,MAYNAS,,3,0,0,0,1,0,0,0,0,0,0,0,0,0,NO
GENERAL MERINO PERTENECE AL DISTRITO BELEN_INDIANA,#N/A,GENERAL MERINO PERTENECE AL DISTRITO BELEN,INDIANA,MAYNAS,,5,1,3,1,1,1,0,0,0,0,0,0,0,0,NO
JORGE CHAVEZ_INDIANA,JORGE CHAVEZ_INDIANA,JORGE CHAVEZ,INDIANA,MAYNAS,101,0,1,0,0,0,0,0,0,9.9,0,0,0,0,0,NO
LAS PALMAS_INDIANA,LAS PALMAS_INDIANA,LAS PALMAS,INDIANA,MAYNAS,110,4,0,0,2,0,1,0,36.36,0,0,18.18,0,9.09,0,NO
LAS PALMERAS ZONA 1_INDIANA,LAS PALMERAS ZONA 1_INDIANA,LAS PALMERAS ZONA 1,INDIANA,MAYNAS,,2,0,0,0,0,0,0,0,0,0,0,0,0,0,NO
PALMERA II ZONA_INDIANA,PALMERA II ZONA_INDIANA,PALMERA II ZONA,INDIANA,MAYNAS,,1,0,1,1,0,0,0,0,0,0,0,0,0,0,NO
MANCO CAPAC_INDIANA,MANCO CAPAC_INDIANA,MANCO CAPAC,INDIANA,MAYNAS,354,0,1,0,0,2,1,0,0,2.82,0,0,5.65,2.82,0,NO
MONTE CARMELO_BELEN,MONTE CARMELO_BELEN,MONTE CARMELO,BELEN,MAYNAS,49,0,1,1,1,0,0,0,0,20.41,20.41,20.41,0,0,0,NO
NUEVA ESPERANZA_INDIANA,NUEVA ESPERANZA_INDIANA,NUEVA ESPERANZA,INDIANA,MAYNAS,38,6,1,0,4,0,0,0,157.89,26.32,0,105.26,0,0,0,NO
NUEVA LIBERTAD_INDIANA,NUEVA LIBERTAD_INDIANA,NUEVA LIBERTAD,INDIANA,MAYNAS,33,3,3,0,0,2,0,0,90.91,90.91,0,0,60.61,0,0,NO
NUEVO BERLIN_INDIANA,NUEVO BERLIN_INDIANA,NUEVO BERLIN,INDIANA,MAYNAS,31,5,2,2,1,2,0,0,161.29,64.52,64.52,32.26,64.52,0,0,NO
NUEVO EDEN_INDIANA,NUEVO EDEN_INDIANA,NUEVO EDEN,INDIANA,MAYNAS,43,12,2,1,0,3,1,0,279.07,46.51,23.26,0,69.77,23.26,0,NO
NUEVO HUMARAL_BELEN,NUEVO HUMARAL_BELEN,NUEVO HUMARAL,BELEN,MAYNAS,,0,2,1,0,1,0,0,0,0,0,0,0,0,0,NO
MIRAFLORES_INDIANA,MIRAFLORES_INDIANA,MIRAFLORES,INDIANA,MAYNAS,82,0,1,0,0,0,0,0,0,12.2,0,0,0,0,0,NO
NUEVO PARAISO_INDIANA,NUEVO PARAISO_INDIANA,NUEVO PARAISO,INDIANA,MAYNAS,80,2,0,0,0,1,0,0,25,0,0,0,12.5,0,0,NO
NUEVO PORTAL_INDIANA,NUEVO PORTAL_INDIANA,NUEVO PORTAL,INDIANA,MAYNAS,46,2,0,0,0,0,0,0,43.48,0,0,0,0,0,0,NO
NUEVO SAN JUAN DEL AMAZONAS_INDIANA,NUEVO SAN JUAN DEL AMAZONAS_INDIANA,NUEVO SAN JUAN DEL AMAZONAS,INDIANA,MAYNAS,,1,1,0,0,0,0,0,0,0,0,0,0,0,0,NO
NUEVO SAN PEDRO_INDIANA,NUEVO SAN PEDRO_INDIANA,NUEVO SAN PEDRO,INDIANA,MAYNAS,,0,0,0,0,0,1,0,0,0,0,0,0,0,0,NO
NUEVO SAN PEDRO ALTO MANITI_INDIANA,NUEVO SAN PEDRO ALTO MANITI_INDIANA,NUEVO SAN PEDRO ALTO MANITI,INDIANA,MAYNAS,,0,1,0,0,0,0,0,0,0,0,0,0,0,0,NO
NUEVO TRIUNFO_INDIANA,NUEVO TRIUNFO_INDIANA,NUEVO TRIUNFO,INDIANA,MAYNAS,64,2,0,0,0,0,0,0,31.25,0,0,0,0,0,0,NO
NUEVO UCHIZA_INDIANA,NUEVO UCHIZA_INDIANA,NUEVO UCHIZA,INDIANA,MAYNAS,114,0,2,0,0,2,0,0,0,17.54,0,0,17.54,0,0,NO
PAPARO_INDIANA,PAPARO_INDIANA,PAPARO,INDIANA,MAYNAS,46,28,22,9,0,1,0,0,608.7,478.26,195.65,0,21.74,0,0,NO
PUCALLPA_INDIANA,PUCALLPA_INDIANA,PUCALLPA,INDIANA,MAYNAS,253,0,2,0,0,0,2,0,0,7.91,0,0,0,7.91,0,NO
QUEBRADA TACSHA MANGUA_INDIANA,QUEBRADA TACSHA MANGUA_INDIANA,QUEBRADA TACSHA MANGUA,INDIANA,MAYNAS,,0,1,0,0,1,0,0,0,0,0,0,0,0,0,NO
RAMON CASTILLA_INDIANA,RAMON CASTILLA_INDIANA,RAMON CASTILLA,INDIANA,MAYNAS,157,1,1,2,1,0,1,0,6.37,6.37,12.74,6.37,0,6.37,0,NO
SAN JOSE_INDIANA,#N/A,SAN JOSE,INDIANA,MAYNAS,,2,0,1,1,3,0,0,0,0,0,0,0,0,0,NO
SAN LUIS_INDIANA,SAN LUIS_INDIANA,SAN LUIS,INDIANA,MAYNAS,201,1,0,1,0,0,0,0,4.98,0,4.98,0,0,0,0,NO
SAN PEDRO_INDIANA,SAN PEDRO_INDIANA,SAN PEDRO,INDIANA,MAYNAS,,2,2,0,0,2,0,0,0,0,0,0,0,0,0,NO
SAN PEDRO DE FALCON_INDIANA,SAN PEDRO DE FALCON_INDIANA,SAN PEDRO DE FALCON,INDIANA,MAYNAS,,0,1,0,0,0,0,0,0,0,0,0,0,0,0,NO
SAN PEDRO DE MANATI_INDIANA,SAN PEDRO DE MANATI_INDIANA,SAN PEDRO DE MANATI,INDIANA,MAYNAS,140,1,3,0,0,0,0,0,7.14,21.43,0,0,0,0,0,NO
SAN RAFAEL_INDIANA,SAN RAFAEL_INDIANA,SAN RAFAEL,INDIANA,MAYNAS,277,8,11,3,0,0,0,0,28.88,39.71,10.83,0,0,0,0,NO
SANTA ISABEL_INDIANA,SANTA ISABEL_INDIANA,SANTA ISABEL,INDIANA,MAYNAS,133,0,2,0,0,1,1,0,0,15.04,0,0,7.52,7.52,0,NO
SANTA ROSA_INDIANA,SANTA ROSA_INDIANA,SANTA ROSA,INDIANA,MAYNAS,180,2,1,2,0,0,0,0,11.11,5.56,11.11,0,0,0,0,NO
SANTA SOFIA_INDIANA,SANTA SOFIA_INDIANA,SANTA SOFIA,INDIANA,MAYNAS,106,0,2,0,0,0,0,0,0,18.87,0,0,0,0,0,NO
SANTA TERESA_INDIANA,SANTA TERESA_INDIANA,SANTA TERESA,INDIANA,MAYNAS,308,2,1,6,0,0,0,0,6.49,3.25,19.48,0,0,0,0,NO
SANTA VICTORIA_INDIANA,SANTA VICTORIA_INDIANA,SANTA VICTORIA,INDIANA,MAYNAS,214,1,2,0,0,0,1,0,4.67,9.35,0,0,0,4.67,0,NO
SINCHICUY_INDIANA,SINCHICUY_INDIANA,SINCHICUY,INDIANA,MAYNAS,315,3,8,1,1,3,0,0,9.52,25.4,3.17,3.17,9.52,0,0,NO
TIMICURILLO_INDIANA,TIMICURILLO_INDIANA,TIMICURILLO,INDIANA,MAYNAS,,1,5,0,3,0,0,0,0,0,0,0,0,0,0,NO
TIMICURO GRANDE_INDIANA,TIMICURO GRANDE_INDIANA,TIMICURO GRANDE,INDIANA,MAYNAS,178,4,0,0,2,0,0,0,22.47,0,0,11.24,0,0,0,NO
VAINILLA_LAS AMAZONAS,VAINILLA_LAS AMAZONAS,VAINILLA,LAS AMAZONAS,MAYNAS,,0,1,8,3,1,0,1,0,0,0,0,0,0,0,NO
VILLA ESTHER_INDIANA,VILLA ESTHER_INDIANA,VILLA ESTHER,INDIANA,MAYNAS,97,7,2,0,0,2,1,0,72.16,20.62,0,0,20.62,10.31,0,NO
VILLA MARIA_INDIANA,VILLA MARIA_INDIANA,VILLA MARIA,INDIANA,MAYNAS,146,66,26,10,0,0,1,0,452.05,178.08,68.49,0,0,6.85,0,NO
YANAMONO I ZONA_INDIANA,YANAMONO I ZONA_INDIANA,YANAMONO I ZONA,INDIANA,MAYNAS,,3,4,0,1,2,1,0,0,0,0,0,0,0,0,NO
YANAYACU BOMBONAJE_BELEN,YANAYACU BOMBONAJE_BELEN,YANAYACU BOMBONAJE,BELEN,MAYNAS,265,5,5,4,4,1,1,0,18.87,18.87,15.09,15.09,3.77,3.77,0,NO
YANAYACU TIMICURO_INDIANA,YANAYACU TIMICURO_INDIANA,YANAYACU TIMICURO,INDIANA,MAYNAS,103,0,9,1,1,1,1,0,0,87.38,9.71,9.71,9.71,9.71,0,NO
11 DE DICIEMBRE_IQUITOS,11 DE DICIEMBRE_IQUITOS,11 DE DICIEMBRE,IQUITOS,MAYNAS,,0,0,0,0,1,0,0,0,0,0,0,0,0,0,NO
1ro DE ENERO_IQUITOS,1RO DE ENERO_IQUITOS,1ro DE ENERO,IQUITOS,MAYNAS,,0,0,0,1,0,0,0,0,0,0,0,0,0,0,NO
6 DE NOVIEMBRE_IQUITOS,6 DE NOVIEMBRE_IQUITOS,6 DE NOVIEMBRE,IQUITOS,MAYNAS,,0,0,2,0,0,0,0,0,0,0,0,0,0,0,NO
AGUAJE_IQUITOS,AGUAJE_IQUITOS,AGUAJE,IQUITOS,MAYNAS,,0,0,0,5,10,5,0,0,0,0,0,0,0,0,NO
ALMIRANTE_IQUITOS,ALMIRANTE_IQUITOS,ALMIRANTE,IQUITOS,MAYNAS,,0,0,0,0,1,0,0,0,0,0,0,0,0,0,NO
AMADOR BARTENS_IQUITOS,AMADOR BARTENS_IQUITOS,AMADOR BARTENS,IQUITOS,MAYNAS,,0,1,0,0,0,1,0,0,0,0,0,0,0,0,NO
AV. DEL EJERCITO S/N_IQUITOS,AV. DEL EJERCITO S/N_IQUITOS,AV. DEL EJERCITO S/N,IQUITOS,MAYNAS,,0,0,0,0,0,3,0,0,0,0,0,0,0,0,NO
B. PAMPACHICA_IQUITOS,B. PAMPACHICA_IQUITOS,B. PAMPACHICA,IQUITOS,MAYNAS,,1,0,3,5,2,7,0,0,0,0,0,0,0,0,NO
BOCA DEL TIGRE_IQUITOS,BOCA DEL TIGRE_IQUITOS,BOCA DEL TIGRE,IQUITOS,MAYNAS,,1,0,1,1,0,0,0,0,0,0,0,0,0,0,NO
BUENA VISTA_IQUITOS,BUENA VISTA_IQUITOS,BUENA VISTA,IQUITOS,MAYNAS,,1,0,1,0,0,0,0,0,0,0,0,0,0,0,NO
CASERIO ALIANZA_IQUITOS,CASERIO ALIANZA_IQUITOS,CASERIO ALIANZA,IQUITOS,MAYNAS,,0,0,1,0,0,0,0,0,0,0,0,0,0,0,NO
PUERTO ALEGRIA_IQUITOS,PUERTO ALEGRIA_IQUITOS,PUERTO ALEGRIA,IQUITOS,MAYNAS,,0,0,1,0,1,0,0,0,0,0,0,0,0,0,NO
SANTA ISABEL DE ZUNGARO COCHA_SAN JUAN BAUTISTA,SANTA ISABEL DE ZUNGARO COCHA_SAN JUAN BAUTISTA,SANTA ISABEL DE ZUNGARO COCHA,SAN JUAN BAUTISTA,MAYNAS,,0,0,0,0,0,0,1,0,0,0,0,0,0,0,NO
CASTAÑAL_IQUITOS,CASTAÑAL_IQUITOS,CASTAÑAL,IQUITOS,MAYNAS,,0,1,0,0,0,2,0,0,0,0,0,0,0,0,NO
CHAMBIRA_IQUITOS,CHAMBIRA_IQUITOS,CHAMBIRA,IQUITOS,MAYNAS,,1,3,1,0,0,1,0,0,0,0,0,0,0,0,NO
COCHIQUINO_IQUITOS,COCHIQUINO_IQUITOS,COCHIQUINO,IQUITOS,MAYNAS,,0,0,1,0,0,0,0,0,0,0,0,0,0,0,NO
CRISNEJAS_IQUITOS,CRISNEJAS_IQUITOS,CRISNEJAS,IQUITOS,MAYNAS,,0,0,0,0,0,1,0,0,0,0,0,0,0,0,NO
CUZCO_IQUITOS,CUZCO_IQUITOS,CUZCO,IQUITOS,MAYNAS,,0,0,0,1,0,0,0,0,0,0,0,0,0,0,NO
EL AGUAJE_IQUITOS,EL AGUAJE_IQUITOS,EL AGUAJE,IQUITOS,MAYNAS,,0,0,0,0,0,2,0,0,0,0,0,0,0,0,NO
HUACAMAYO_IQUITOS,HUACAMAYO_IQUITOS,HUACAMAYO,IQUITOS,MAYNAS,,0,1,0,0,0,0,0,0,0,0,0,0,0,0,NO
HUATURI_IQUITOS,HUATURI_IQUITOS,HUATURI,IQUITOS,MAYNAS,,114,232,66,55,26,15,0,0,0,0,0,0,0,0,NO
IQUIQUE_IQUITOS,IQUIQUE_IQUITOS,IQUIQUE,IQUITOS,MAYNAS,,0,0,0,0,1,1,0,0,0,0,0,0,0,0,NO
ISLA IQUITOS_IQUITOS,ISLA IQUITOS_IQUITOS,ISLA IQUITOS,IQUITOS,MAYNAS,,0,1,2,0,0,6,0,0,0,0,0,0,0,0,NO
LAS MERCEDES_IQUITOS,LAS MERCEDES_IQUITOS,LAS MERCEDES,IQUITOS,MAYNAS,,0,0,0,0,1,0,0,0,0,0,0,0,0,0,NO
LOBOYACU_IQUITOS,LOBOYACU_IQUITOS,LOBOYACU,IQUITOS,MAYNAS,83,0,1,6,15,13,5,0,0,12.05,72.29,180.72,156.63,60.24,0,NO
MAZAN_IQUITOS,MAZAN_IQUITOS,MAZAN,IQUITOS,MAYNAS,,5,1,6,0,2,2,0,0,0,0,0,0,0,0,NO
MICAELA_IQUITOS,MICAELA_IQUITOS,MICAELA,IQUITOS,MAYNAS,,1,2,0,1,0,1,0,0,0,0,0,0,0,0,NO
MIRAFLORES_IQUITOS,MIRAFLORES_IQUITOS,MIRAFLORES,IQUITOS,MAYNAS,,0,0,1,1,0,1,0,0,0,0,0,0,0,0,NO
MISHANA_IQUITOS,MISHANA_IQUITOS,MISHANA,IQUITOS,MAYNAS,,3,4,2,13,22,9,1,0,0,0,0,0,0,0,NO
NO PERTENECE A IQUITOS_IQUITOS,#N/A,NO PERTENECE A IQUITOS,IQUITOS,MAYNAS,,2,0,2,102,10,4,0,0,0,0,0,0,0,0,NO
NOGALES_IQUITOS,NOGALES_IQUITOS,NOGALES,IQUITOS,MAYNAS,,0,0,1,0,2,0,0,0,0,0,0,0,0,0,NO
NUEVA ESPERANZA_IQUITOS,NUEVA ESPERANZA_IQUITOS,NUEVA ESPERANZA,IQUITOS,MAYNAS,,0,1,0,0,0,0,0,0,0,0,0,0,0,0,NO
PERTENECE AL DISTRITO PUNCHANA_IQUITOS,#N/A,PERTENECE AL DISTRITO PUNCHANA,IQUITOS,MAYNAS,,0,0,4,2,4,1,0,0,0,0,0,0,0,0,NO
PORVENIR_IQUITOS,PORVENIR_IQUITOS,PORVENIR,IQUITOS,MAYNAS,,4,15,8,13,14,30,1,0,0,0,0,0,0,0,NO
PUCAYACU_IQUITOS,PUCAYACU_IQUITOS,PUCAYACU,IQUITOS,MAYNAS,,0,0,0,0,0,1,0,0,0,0,0,0,0,0,NO
PUERTO PRODUCTORES_IQUITOS,PUERTO PRODUCTORES_IQUITOS,PUERTO PRODUCTORES,IQUITOS,MAYNAS,,0,1,0,0,1,0,0,0,0,0,0,0,0,0,NO
PUTUMAYO_IQUITOS,PUTUMAYO_IQUITOS,PUTUMAYO,IQUITOS,MAYNAS,,1,1,0,1,0,1,0,0,0,0,0,0,0,0,NO
SAN LORENZO_IQUITOS,SAN LORENZO_IQUITOS,SAN LORENZO,IQUITOS,MAYNAS,,0,0,0,0,1,0,0,0,0,0,0,0,0,0,NO
SAN MARTIN DE PORRES_IQUITOS,SAN MARTIN DE PORRES_IQUITOS,SAN MARTIN DE PORRES,IQUITOS,MAYNAS,,77,6,2,18,7,7,2,0,0,0,0,0,0,0,NO
SAN PABLO DE CUYANA_IQUITOS,SAN PABLO DE CUYANA_IQUITOS,SAN PABLO DE CUYANA,IQUITOS,MAYNAS,175,3,6,3,75,45,35,0,17.14,34.29,17.14,428.57,257.14,200,0,NO
SANTA MARIA_IQUITOS,SANTA MARIA_IQUITOS,SANTA MARIA,IQUITOS,MAYNAS,,4,5,10,6,8,3,0,0,0,0,0,0,0,0,NO
TARAPOTO_IQUITOS,TARAPOTO_IQUITOS,TARAPOTO,IQUITOS,MAYNAS,165,244,279,80,96,89,29,0,1478.79,1690.91,484.85,581.82,539.39,175.76,0,NO
YARINA_IQUITOS,YARINA_IQUITOS,YARINA,IQUITOS,MAYNAS,58,22,12,19,3,4,7,0,379.31,206.9,327.59,51.72,68.97,120.69,0,NO
YURTON_IQUITOS,YURTON_IQUITOS,YURTON,IQUITOS,MAYNAS,,0,1,0,0,0,0,0,0,0,0,0,0,0,0,NO
_IQUITOS,#N/A,,IQUITOS,MAYNAS,,1,2,16,36,13,13,1,0,0,0,0,0,0,0,NO
_IQUITOS,#N/A,,IQUITOS,MAYNAS,,0,2,0,0,1,1,0,0,0,0,0,0,0,0,NO
7 DE JUNIO_LAS AMAZONAS,7 DE JUNIO_LAS AMAZONAS,7 DE JUNIO,LAS AMAZONAS,MAYNAS,81,1,3,1,0,0,0,0,12.35,37.04,12.35,0,0,0,0,NO
AGUAS NEGRAS_LAS AMAZONAS,AGUAS NEGRAS_LAS AMAZONAS,AGUAS NEGRAS,LAS AMAZONAS,MAYNAS,8,2,0,1,0,0,0,0,250,0,125,0,0,0,0,NO
APALLON_LAS AMAZONAS,APALLON_LAS AMAZONAS,APALLON,LAS AMAZONAS,MAYNAS,,1,0,0,0,0,0,0,0,0,0,0,0,0,0,NO
APAYACU_LAS AMAZONAS,APAYACU_LAS AMAZONAS,APAYACU,LAS AMAZONAS,MAYNAS,,22,7,4,0,0,1,0,0,0,0,0,0,0,0,NO
ATUN COCHA_LAS AMAZONAS,ATUN COCHA_LAS AMAZONAS,ATUN COCHA,LAS AMAZONAS,MAYNAS,87,17,4,2,0,0,1,0,195.4,45.98,22.99,0,0,11.49,0,NO
CAMALEON ISLA_LAS AMAZONAS,CAMALEON ISLA_LAS AMAZONAS,CAMALEON ISLA,LAS AMAZONAS,MAYNAS,,1,0,1,0,0,0,0,0,0,0,0,0,0,0,NO
CANADA_LAS AMAZONAS,CANADA_LAS AMAZONAS,CANADA,LAS AMAZONAS,MAYNAS,71,0,0,0,0,1,0,0,0,0,0,0,14.08,0,0,NO
CANAL PINTO_LAS AMAZONAS,CANAL PINTO_LAS AMAZONAS,CANAL PINTO,LAS AMAZONAS,MAYNAS,174,0,0,1,0,0,0,0,0,0,5.75,0,0,0,0,NO
CANTON_LAS AMAZONAS,CANTON_LAS AMAZONAS,CANTON,LAS AMAZONAS,MAYNAS,215,1,1,1,0,0,0,0,4.65,4.65,4.65,0,0,0,0,NO
CAPIRONAL_LAS AMAZONAS,CAPIRONAL_LAS AMAZONAS,CAPIRONAL,LAS AMAZONAS,MAYNAS,88,0,0,0,1,0,0,0,0,0,0,11.36,0,0,0,NO
CENTRO POBLADO MENOR DE Y_LAS AMAZONAS,CENTRO POBLADO MENOR DE Y_LAS AMAZONAS,CENTRO POBLADO MENOR DE Y,LAS AMAZONAS,MAYNAS,,1,0,3,0,0,0,0,0,0,0,0,0,0,0,NO
CHONTAYA_LAS AMAZONAS,CHONTAYA_LAS AMAZONAS,CHONTAYA,LAS AMAZONAS,MAYNAS,,13,0,2,2,2,0,0,0,0,0,0,0,0,0,NO
COCHIQUINAS_LAS AMAZONAS,COCHIQUINAS_LAS AMAZONAS,COCHIQUINAS,LAS AMAZONAS,MAYNAS,,1,0,2,0,0,1,0,0,0,0,0,0,0,0,NO
COLONIA_LAS AMAZONAS,COLONIA_LAS AMAZONAS,COLONIA,LAS AMAZONAS,MAYNAS,201,0,0,0,0,0,1,0,0,0,0,0,0,4.98,0,NO
COMANDANCIA_LAS AMAZONAS,COMANDANCIA_LAS AMAZONAS,COMANDANCIA,LAS AMAZONAS,MAYNAS,120,4,3,3,1,0,0,0,33.33,25,25,8.33,0,0,0,NO
NUEVA ESPERANZA_LAS AMAZONAS,NUEVA ESPERANZA_LAS AMAZONAS,NUEVA ESPERANZA,LAS AMAZONAS,MAYNAS,,0,0,4,0,0,0,0,0,0,0,0,0,0,0,NO
FRANCIA_LAS AMAZONAS,FRANCIA_LAS AMAZONAS,FRANCIA,LAS AMAZONAS,MAYNAS,5,0,1,0,0,0,0,0,0,200,0,0,0,0,0,NO
FRANCISCO DE ORELLANA_LAS AMAZONAS,FRANCISCO DE ORELLANA_LAS AMAZONAS,FRANCISCO DE ORELLANA,LAS AMAZONAS,MAYNAS,866,10,5,2,5,4,5,0,11.55,5.77,2.31,5.77,4.62,5.77,0,NO
IQUITOS_LAS AMAZONAS,IQUITOS_LAS AMAZONAS,IQUITOS,LAS AMAZONAS,MAYNAS,,0,0,1,0,0,0,1,0,0,0,0,0,0,0,NO
ISLANDIA_LAS AMAZONAS,ISLANDIA_LAS AMAZONAS,ISLANDIA,LAS AMAZONAS,MAYNAS,197,1,1,0,1,0,1,0,5.08,5.08,0,5.08,0,5.08,0,NO
ISRAEL_LAS AMAZONAS,ISRAEL_LAS AMAZONAS,ISRAEL,LAS AMAZONAS,MAYNAS,,0,0,1,0,0,0,0,0,0,0,0,0,0,0,NO
JOSE CARLOS MARIATEGUI_LAS AMAZONAS,JOSE CARLOS MARIATEGUI_LAS AMAZONAS,JOSE CARLOS MARIATEGUI,LAS AMAZONAS,MAYNAS,16,0,1,0,0,0,0,0,0,62.5,0,0,0,0,0,NO
LAS AMAZONAS_LAS AMAZONAS,LAS AMAZONAS_LAS AMAZONAS,LAS AMAZONAS,LAS AMAZONAS,MAYNAS,,2,1,1,2,2,3,0,0,0,0,0,0,0,0,NO
MANAOS DEL TIPISHCA_LAS AMAZONAS,MANAOS DEL TIPISHCA_LAS AMAZONAS,MANAOS DEL TIPISHCA,LAS AMAZONAS,MAYNAS,,2,1,0,0,1,0,0,0,0,0,0,0,0,0,NO
MANITI_LAS AMAZONAS,MANITI_LAS AMAZONAS,MANITI,LAS AMAZONAS,MAYNAS,,2,0,0,1,0,0,0,0,0,0,0,0,0,0,NO
MARUPA_LAS AMAZONAS,MARUPA_LAS AMAZONAS,MARUPA,LAS AMAZONAS,MAYNAS,42,1,0,0,0,0,0,0,23.81,0,0,0,0,0,0,NO
MIRAFLORES_LAS AMAZONAS,MIRAFLORES_LAS AMAZONAS,MIRAFLORES,LAS AMAZONAS,MAYNAS,47,0,1,0,0,0,0,0,0,21.28,0,0,0,0,0,NO
MOTA HUAYO_LAS AMAZONAS,MOTA HUAYO_LAS AMAZONAS,MOTA HUAYO,LAS AMAZONAS,MAYNAS,,2,0,0,0,2,2,0,0,0,0,0,0,0,0,NO
NAZARIA_LAS AMAZONAS,NAZARIA_LAS AMAZONAS,NAZARIA,LAS AMAZONAS,MAYNAS,323,1,1,1,0,0,0,0,3.1,3.1,3.1,0,0,0,0,NO
NUEVA ESPERANZA_LAS AMAZONAS,NUEVA ESPERANZA_LAS AMAZONAS,NUEVA ESPERANZA,LAS AMAZONAS,MAYNAS,55,2,2,4,0,0,0,0,36.36,36.36,72.73,0,0,0,0,NO
NUEVA LIBERTAD DE PAUCARILLO_PEBAS,NUEVA LIBERTAD DE PAUCARILLO_PEBAS,NUEVA LIBERTAD DE PAUCARILLO,PEBAS,MAYNAS,,2,0,1,0,1,0,0,0,0,0,0,0,0,0,NO
NUEVO AREQUIPA/CANTON II ZONA_LAS AMAZONAS,NUEVO AREQUIPA/CANTON II ZONA_LAS AMAZONAS,NUEVO AREQUIPA/CANTON II ZONA,LAS AMAZONAS,MAYNAS,92,1,0,0,0,0,0,0,10.87,0,0,0,0,0,0,NO
NUEVO ISRAEL_LAS AMAZONAS,NUEVO ISRAEL_LAS AMAZONAS,NUEVO ISRAEL,LAS AMAZONAS,MAYNAS,105,5,3,2,0,0,0,0,47.62,28.57,19.05,0,0,0,0,NO
NUEVO SAN JOSE I ZONA_LAS AMAZONAS,NUEVO SAN JOSE I ZONA_LAS AMAZONAS,NUEVO SAN JOSE I ZONA,LAS AMAZONAS,MAYNAS,,0,1,0,0,0,0,0,0,0,0,0,0,0,0,NO
NUEVO TRIUNFO_LAS AMAZONAS,NUEVO TRIUNFO_LAS AMAZONAS,NUEVO TRIUNFO,LAS AMAZONAS,MAYNAS,56,0,1,0,0,0,0,0,0,17.86,0,0,0,0,0,NO
ORAN_LAS AMAZONAS,ORAN_LAS AMAZONAS,ORAN,LAS AMAZONAS,MAYNAS,646,3,7,3,1,10,2,0,4.64,10.84,4.64,1.55,15.48,3.1,0,NO
PANTOJA_LAS AMAZONAS,PANTOJA_LAS AMAZONAS,PANTOJA,LAS AMAZONAS,MAYNAS,,0,0,1,0,0,0,0,0,0,0,0,0,0,0,NO
PEÑA COCHA_LAS AMAZONAS,PEÑA COCHA_LAS AMAZONAS,PEÑA COCHA,LAS AMAZONAS,MAYNAS,,1,0,0,0,0,0,0,0,0,0,0,0,0,0,NO
PUERTO LIBRE_LAS AMAZONAS,PUERTO LIBRE_LAS AMAZONAS,PUERTO LIBRE,LAS AMAZONAS,MAYNAS,60,0,0,1,0,0,0,0,0,0,16.67,0,0,0,0,NO
PUERTO RICO_LAS AMAZONAS,PUERTO RICO_LAS AMAZONAS,PUERTO RICO,LAS AMAZONAS,MAYNAS,,0,0,1,0,0,0,0,0,0,0,0,0,0,0,NO
QUEBRADA CHONTAYO_LAS AMAZONAS,QUEBRADA CHONTAYO_LAS AMAZONAS,QUEBRADA CHONTAYO,LAS AMAZONAS,MAYNAS,,14,27,7,0,0,0,0,0,0,0,0,0,0,0,NO
QUEBRADA MIRI_LAS AMAZONAS,QUEBRADA MIRI_LAS AMAZONAS,QUEBRADA MIRI,LAS AMAZONAS,MAYNAS,,1,1,4,0,0,0,0,0,0,0,0,0,0,0,NO
QUEBRADA MOTAHUAYO_LAS AMAZONAS,QUEBRADA MOTAHUAYO_LAS AMAZONAS,QUEBRADA MOTAHUAYO,LAS AMAZONAS,MAYNAS,,3,3,4,0,0,0,0,0,0,0,0,0,0,0,NO
NAZARIA_LAS AMAZONAS,NAZARIA_LAS AMAZONAS,NAZARIA,LAS AMAZONAS,MAYNAS,,0,0,3,4,0,0,0,0,0,0,0,0,0,0,NO
NUEVA LIBERTAD DE PAUCARILLO_PEBAS,NUEVA LIBERTAD DE PAUCARILLO_PEBAS,NUEVA LIBERTAD DE PAUCARILLO,PEBAS,MAYNAS,,0,0,1,0,0,0,0,0,0,0,0,0,0,0,NO
YANASHI_LAS AMAZONAS,YANASHI_LAS AMAZONAS,YANASHI,LAS AMAZONAS,MAYNAS,,0,3,0,0,0,0,0,0,0,0,0,0,0,0,NO
ROCA ETERNA_LAS AMAZONAS,ROCA ETERNA_LAS AMAZONAS,ROCA ETERNA,LAS AMAZONAS,MAYNAS,137,1,1,0,0,3,1,0,7.3,7.3,0,0,21.9,7.3,0,NO
SABALILLO_LAS AMAZONAS,SABALILLO_LAS AMAZONAS,SABALILLO,LAS AMAZONAS,MAYNAS,,13,1,3,0,2,0,1,0,0,0,0,0,0,0,NO
SABALILLO_LAS AMAZONAS,SABALILLO_LAS AMAZONAS,SABALILLO,LAS AMAZONAS,MAYNAS,0,4,12,1,1,0,0,0,0,0,0,0,0,0,0,NO
SAN ALEJANDRO_MAZAN,SAN ALEJANDRO_MAZAN,SAN ALEJANDRO,MAZAN,MAYNAS,197,0,0,2,0,0,3,0,0,0,10.15,0,0,15.23,0,NO
SAN ANTONIO DE ARAMBAZA_LAS AMAZONAS,SAN ANTONIO DE ARAMBAZA_LAS AMAZONAS,SAN ANTONIO DE ARAMBAZA,LAS AMAZONAS,MAYNAS,103,4,1,0,0,1,0,0,38.83,9.71,0,0,9.71,0,0,NO
SAN ANTONIO DE MARUPA_LAS AMAZONAS,SAN ANTONIO DE MARUPA_LAS AMAZONAS,SAN ANTONIO DE MARUPA,LAS AMAZONAS,MAYNAS,84,0,1,0,0,0,0,0,0,11.9,0,0,0,0,0,NO
SAN AUGUSTO_LAS AMAZONAS,SAN AUGUSTO_LAS AMAZONAS,SAN AUGUSTO,LAS AMAZONAS,MAYNAS,78,0,1,0,0,0,0,0,0,12.82,0,0,0,0,0,NO
SAN GREGORIO DE YANAYACU_LAS AMAZONAS,SAN GREGORIO DE YANAYACU_LAS AMAZONAS,SAN GREGORIO DE YANAYACU,LAS AMAZONAS,MAYNAS,54,0,1,0,1,0,1,0,0,18.52,0,18.52,0,18.52,0,NO
SAN ISIDRO_LAS AMAZONAS,SAN ISIDRO_LAS AMAZONAS,SAN ISIDRO,LAS AMAZONAS,MAYNAS,95,1,0,2,0,0,0,0,10.53,0,21.05,0,0,0,0,NO
SAN JOSE_LAS AMAZONAS,SAN JOSE_LAS AMAZONAS,SAN JOSE,LAS AMAZONAS,MAYNAS,,0,0,3,0,0,0,0,0,0,0,0,0,0,0,NO
SAN JOSE DE OROSA_LAS AMAZONAS,SAN JOSE DE OROSA_LAS AMAZONAS,SAN JOSE DE OROSA,LAS AMAZONAS,MAYNAS,130,2,2,0,0,0,0,0,15.38,15.38,0,0,0,0,0,NO
SAN JOSE DE YANASHI_LAS AMAZONAS,SAN JOSE DE YANASHI_LAS AMAZONAS,SAN JOSE DE YANASHI,LAS AMAZONAS,MAYNAS,197,4,0,19,0,0,0,0,20.3,0,96.45,0,0,0,0,NO
SAN PEDRO DE MARUPA_LAS AMAZONAS,SAN PEDRO DE MARUPA_LAS AMAZONAS,SAN PEDRO DE MARUPA,LAS AMAZONAS,MAYNAS,,0,0,3,0,0,0,0,0,0,0,0,0,0,0,NO
SAN PEDRO DE OROSA_PEBAS,SAN PEDRO DE OROSA_PEBAS,SAN PEDRO DE OROSA,PEBAS,MAYNAS,113,0,1,0,1,0,0,0,0,8.85,0,8.85,0,0,0,NO
SANTA AMELIA_LAS AMAZONAS,SANTA AMELIA_LAS AMAZONAS,SANTA AMELIA,LAS AMAZONAS,MAYNAS,,0,2,0,0,0,0,0,0,0,0,0,0,0,0,NO
SANTA ELENA_LAS AMAZONAS,SANTA ELENA_LAS AMAZONAS,SANTA ELENA,LAS AMAZONAS,MAYNAS,64,1,1,2,0,1,0,0,15.63,15.63,31.25,0,15.63,0,0,NO
SANTA ROSA DE OROZA / SANTA ROSA_LAS AMAZONAS,SANTA ROSA DE OROZA / SANTA ROSA_LAS AMAZONAS,SANTA ROSA DE OROZA / SANTA ROSA,LAS AMAZONAS,MAYNAS,114,0,0,1,0,0,0,0,0,0,8.77,0,0,0,0,NO
SANTA URSULA DE OROZA_LAS AMAZONAS,SANTA URSULA DE OROZA_LAS AMAZONAS,SANTA URSULA DE OROZA,LAS AMAZONAS,MAYNAS,129,17,20,8,4,15,3,0,131.78,155.04,62.02,31.01,116.28,23.26,0,NO
SANTO TOMAS_LAS AMAZONAS,SANTO TOMAS_LAS AMAZONAS,SANTO TOMAS,LAS AMAZONAS,MAYNAS,104,1,1,7,0,0,0,0,9.62,9.62,67.31,0,0,0,0,NO
SAPO PLAYA_LAS AMAZONAS,SAPO PLAYA_LAS AMAZONAS,SAPO PLAYA,LAS AMAZONAS,MAYNAS,130,0,0,0,1,0,0,0,0,0,0,7.69,0,0,0,NO
TIGRILLO_MAZAN,TIGRILLO_MAZAN,TIGRILLO,MAZAN,MAYNAS,100,0,0,2,0,0,1,0,0,0,20,0,0,10,0,NO
TROMPETEROS_LAS AMAZONAS,TROMPETEROS_LAS AMAZONAS,TROMPETEROS,LAS AMAZONAS,MAYNAS,,1,0,3,0,0,1,0,0,0,0,0,0,0,0,NO
YAHUAS TIPISHCA_LAS AMAZONAS,YAHUAS TIPISHCA_LAS AMAZONAS,YAHUAS TIPISHCA,LAS AMAZONAS,MAYNAS,,0,0,2,0,0,0,0,0,0,0,0,0,0,0,NO
YANAQUILLO_LAS AMAZONAS,YANAQUILLO_LAS AMAZONAS,YANAQUILLO,LAS AMAZONAS,MAYNAS,,1,0,2,0,0,0,0,0,0,0,0,0,0,0,NO
YANASHI_LAS AMAZONAS,YANASHI_LAS AMAZONAS,YANASHI,LAS AMAZONAS,MAYNAS,,30,7,25,4,9,2,0,0,0,0,0,0,0,0,NO
YANAYACU_LAS AMAZONAS,YANAYACU_LAS AMAZONAS,YANAYACU,LAS AMAZONAS,MAYNAS,84,13,23,4,0,0,0,0,154.76,273.81,47.62,0,0,0,0,NO
YARINACOCHA_LAS AMAZONAS,YARINACOCHA_LAS AMAZONAS,YARINACOCHA,LAS AMAZONAS,MAYNAS,,1,0,0,0,0,0,0,0,0,0,0,0,0,0,NO
YAVARI_LAS AMAZONAS,YAVARI_LAS AMAZONAS,YAVARI,LAS AMAZONAS,MAYNAS,,0,0,1,0,1,0,0,0,0,0,0,0,0,0,NO
1 DE ENERO_MAZAN,1 DE ENERO_MAZAN,1 DE ENERO,MAZAN,MAYNAS,,1,19,6,0,0,0,0,0,0,0,0,0,0,0,NO
14 DE JULIO_MAZAN,14 DE JULIO_MAZAN,14 DE JULIO,MAZAN,MAYNAS,144,9,18,26,2,7,19,0,62.5,125,180.56,13.89,48.61,131.94,0,NO
1 DE ENERO_MAZAN,1 DE ENERO_MAZAN,1 DE ENERO,MAZAN,MAYNAS,,0,0,0,5,40,31,7,0,0,0,0,0,0,0,NO
1 DE ENERO_MAZAN,1 DE ENERO_MAZAN,1 DE ENERO,MAZAN,MAYNAS,,41,18,16,0,0,0,0,0,0,0,0,0,0,0,NO
200 MILLAS_MAZAN,200 MILLAS_MAZAN,200 MILLAS,MAZAN,MAYNAS,55,0,0,1,0,1,0,0,0,0,18.18,0,18.18,0,0,NO
22 DE NOVIEMBRE_MAZAN,22 DE NOVIEMBRE_MAZAN,22 DE NOVIEMBRE,MAZAN,MAYNAS,59,1,3,0,0,1,0,0,16.95,50.85,0,0,16.95,0,0,NO
28 DE OCTUBRE_MAZAN,28 DE OCTUBRE_MAZAN,28 DE OCTUBRE,MAZAN,MAYNAS,101,2,3,3,2,0,0,0,19.8,29.7,29.7,19.8,0,0,0,NO
4 DE ABRIL_MAZAN,4 DE ABRIL_MAZAN,4 DE ABRIL,MAZAN,MAYNAS,44,3,4,1,0,0,0,0,68.18,90.91,22.73,0,0,0,0,NO
8 DE OCTUBRE_MAZAN,8 DE OCTUBRE_MAZAN,8 DE OCTUBRE,MAZAN,MAYNAS,50,2,2,3,0,0,1,0,40,40,60,0,0,20,0,NO
AUCA POZA_MAZAN,AUCA POZA_MAZAN,AUCA POZA,MAZAN,MAYNAS,53,4,6,3,0,1,1,0,75.47,113.21,56.6,0,18.87,18.87,0,NO
BAGAZAN_MAZAN,BAGAZAN_MAZAN,BAGAZAN,MAZAN,MAYNAS,142,1,3,1,3,0,1,0,7.04,21.13,7.04,21.13,0,7.04,0,NO
BUENA VISTA_MAZAN,BUENA VISTA_MAZAN,BUENA VISTA,MAZAN,MAYNAS,70,3,12,11,5,5,0,0,42.86,171.43,157.14,71.43,71.43,0,0,NO
CABO PANTOJA_BELEN,CABO PANTOJA_BELEN,CABO PANTOJA,BELEN,MAYNAS,,0,2,4,1,0,0,0,0,0,0,0,0,0,0,NO
CALLE SANTA VICTORIA- MAZAN_MAZAN,#N/A,CALLE SANTA VICTORIA- MAZAN,MAZAN,MAYNAS,,3,0,4,1,4,2,0,0,0,0,0,0,0,0,NO
CENTRO UNIDO_MAZAN,CENTRO UNIDO_MAZAN,CENTRO UNIDO,MAZAN,MAYNAS,122,19,2,0,0,0,0,0,155.74,16.39,0,0,0,0,0,NO
CENTRO UNION PARAISO_MAZAN,#N/A,CENTRO UNION PARAISO,MAZAN,MAYNAS,160,0,4,0,0,1,0,0,0,25,0,0,6.25,0,0,NO
CENTRO VARADERILLO_MAZAN,#N/A,CENTRO VARADERILLO,MAZAN,MAYNAS,51,2,0,0,3,0,0,0,39.22,0,0,58.82,0,0,0,NO
CHISPA DE ORO_MAZAN,CHISPA DE ORO_MAZAN,CHISPA DE ORO,MAZAN,MAYNAS,62,0,0,1,2,0,0,0,0,0,16.13,32.26,0,0,0,NO
COPALILLO_MAZAN,COPALILLO_MAZAN,COPALILLO,MAZAN,MAYNAS,86,3,1,1,0,1,1,0,34.88,11.63,11.63,0,11.63,11.63,0,NO
FLOR DE AGOSTO_MAZAN,FLOR DE AGOSTO_MAZAN,FLOR DE AGOSTO,MAZAN,MAYNAS,60,6,2,0,0,3,3,0,100,33.33,0,0,50,50,0,NO
TAMANCO_MAZAN,TAMANCO_MAZAN,TAMANCO,MAZAN,MAYNAS,240,2,8,138,13,3,3,0,8.33,33.33,575,54.17,12.5,12.5,0,NO
JOSE ABELARDO QUIÑONES_MAZAN,JOSE ABELARDO QUIÑONES_MAZAN,JOSE ABELARDO QUIÑONES,MAZAN,MAYNAS,24,0,2,0,0,2,0,0,0,83.33,0,0,83.33,0,0,NO
JUANCHO PLAYA_MAZAN,JUANCHO PLAYA_MAZAN,JUANCHO PLAYA,MAZAN,MAYNAS,300,1,3,0,0,0,0,0,3.33,10,0,0,0,0,0,NO
JUVENTUD YARINA_MAZAN,JUVENTUD YARINA_MAZAN,JUVENTUD YARINA,MAZAN,MAYNAS,100,1,0,0,0,0,0,0,10,0,0,0,0,0,0,NO
LAGO YURAC YACU_MAZAN,LAGO YURAC YACU_MAZAN,LAGO YURAC YACU,MAZAN,MAYNAS,166,10,1,3,2,3,4,0,60.24,6.02,18.07,12.05,18.07,24.1,0,NO
LEON ISLA_MAZAN,LEON ISLA_MAZAN,LEON ISLA,MAZAN,MAYNAS,61,2,0,0,0,0,0,0,32.79,0,0,0,0,0,0,NO
LLACHAPA_MAZAN,LLACHAPA_MAZAN,LLACHAPA,MAZAN,MAYNAS,260,8,6,1,0,0,0,0,30.77,23.08,3.85,0,0,0,0,NO
MANGUA_MAZAN,MANGUA_MAZAN,MANGUA,MAZAN,MAYNAS,206,9,4,11,4,4,2,0,43.69,19.42,53.4,19.42,19.42,9.71,0,NO
MAUCALLACTA_MAZAN,MAUCALLACTA_MAZAN,MAUCALLACTA,MAZAN,MAYNAS,,82,81,30,39,99,48,24,0,0,0,0,0,0,0,NO
NO EXISTE_MAZAN,#N/A,NO EXISTE,MAZAN,MAYNAS,,4,4,4,1,2,2,1,0,0,0,0,0,0,0,NO
NO EXISTE ESTA QUEBRADA_MAZAN,#N/A,NO EXISTE ESTA QUEBRADA,MAZAN,MAYNAS,,1,0,0,1,0,13,3,0,0,0,0,0,0,0,NO
NUEVO FLAUTERIO_MAZAN,NUEVO FLAUTERIO_MAZAN,NUEVO FLAUTERIO,MAZAN,MAYNAS,14,0,0,0,0,0,1,0,0,0,0,0,0,71.43,0,NO
NUEVO HORIZONTE_MAZAN,NUEVO HORIZONTE_MAZAN,NUEVO HORIZONTE,MAZAN,MAYNAS,67,0,2,4,0,2,0,0,0,29.85,59.7,0,29.85,0,0,NO
NUEVO ISRAEL_MAZAN,#N/A,NUEVO ISRAEL,MAZAN,MAYNAS,,0,3,3,0,1,0,0,0,0,0,0,0,0,0,NO
NUEVO ORIENTE_MAZAN,NUEVO ORIENTE_MAZAN,NUEVO ORIENTE,MAZAN,MAYNAS,153,1,3,4,0,0,0,0,6.54,19.61,26.14,0,0,0,0,NO
NUEVO PORVENIR_MAZAN,NUEVO PORVENIR_MAZAN,NUEVO PORVENIR,MAZAN,MAYNAS,56,2,7,4,2,4,2,0,35.71,125,71.43,35.71,71.43,35.71,0,NO
NUEVO SAN JUAN_MAZAN,NUEVO SAN JUAN_MAZAN,NUEVO SAN JUAN,MAZAN,MAYNAS,87,1,1,5,0,0,1,0,11.49,11.49,57.47,0,0,11.49,0,NO
NUEVO TIWINSA_MAZAN,NUEVO TIWINSA_MAZAN,NUEVO TIWINSA,MAZAN,MAYNAS,,7,11,3,0,3,7,0,0,0,0,0,0,0,0,NO
NUEVO TIWINSA_MAZAN,NUEVO TIWINSA_MAZAN,NUEVO TIWINSA,MAZAN,MAYNAS,,4,7,5,2,0,4,0,0,0,0,0,0,0,0,NO
NUEVO VARADERILLO_MAZAN,NUEVO VARADERILLO_MAZAN,NUEVO VARADERILLO,MAZAN,MAYNAS,57,0,1,3,1,0,0,0,0,17.54,52.63,17.54,0,0,0,NO
NUÑEZ COCHA_MAZAN,NUÑEZ COCHA_MAZAN,NUÑEZ COCHA,MAZAN,MAYNAS,274,2,3,0,0,0,0,0,7.3,10.95,0,0,0,0,0,NO
PETRONA ISLA_MAZAN,PETRONA ISLA_MAZAN,PETRONA ISLA,MAZAN,MAYNAS,147,0,5,1,0,0,1,0,0,34.01,6.8,0,0,6.8,0,NO
PINTULLACTA_MAZAN,PINTULLACTA_MAZAN,PINTULLACTA,MAZAN,MAYNAS,77,2,2,5,1,2,1,0,25.97,25.97,64.94,12.99,25.97,12.99,0,NO
PUERTO ABEJA_MAZAN,PUERTO ABEJA_MAZAN,PUERTO ABEJA,MAZAN,MAYNAS,82,12,10,5,1,0,2,0,146.34,121.95,60.98,12.2,0,24.39,0,NO
PUINAHUA_MAZAN,PUINAHUA_MAZAN,PUINAHUA,MAZAN,MAYNAS,260,5,1,8,0,0,0,0,19.23,3.85,30.77,0,0,0,0,NO
PUNTA ARENA_MAZAN,PUNTA ARENA_MAZAN,PUNTA ARENA,MAZAN,MAYNAS,22,0,0,1,0,1,0,0,0,0,45.45,0,45.45,0,0,NO
LIBERTAD_MAZAN,LIBERTAD_MAZAN,LIBERTAD,MAZAN,MAYNAS,,22,6,0,1,0,6,8,0,0,0,0,0,0,0,NO
QUEBRADA CAYAPOZA-NAPO_MAZAN,QUEBRADA CAYAPOZA-NAPO_MAZAN,QUEBRADA CAYAPOZA-NAPO,MAZAN,MAYNAS,,9,15,1,0,0,0,0,0,0,0,0,0,0,0,NO
LIBERTAD_MAZAN,LIBERTAD_MAZAN,LIBERTAD,MAZAN,MAYNAS,,17,1,2,2,3,12,5,0,0,0,0,0,0,0,NO
SALVADOR_MAZAN,SALVADOR_MAZAN,SALVADOR,MAZAN,MAYNAS,,64,72,48,107,16,7,1,0,0,0,0,0,0,0,NO
SAN ANTONIO DE MIRAÑO_MAZAN,SAN ANTONIO DE MIRAÑO_MAZAN,SAN ANTONIO DE MIRAÑO,MAZAN,MAYNAS,188,1,3,2,0,0,3,0,5.32,15.96,10.64,0,0,15.96,0,NO
SAN ANTONIO DE ZAMBRANO_MAZAN,SAN ANTONIO DE ZAMBRANO_MAZAN,SAN ANTONIO DE ZAMBRANO,MAZAN,MAYNAS,103,8,17,5,0,7,1,0,77.67,165.05,48.54,0,67.96,9.71,0,NO
SAN FRANCISCO DE BUEN PASO_MAZAN,SAN FRANCISCO DE BUEN PASO_MAZAN,SAN FRANCISCO DE BUEN PASO,MAZAN,MAYNAS,100,11,1,25,3,2,1,0,110,10,250,30,20,10,0,NO
SAN JOSE_MAZAN,SAN JOSE_MAZAN,SAN JOSE,MAZAN,MAYNAS,130,17,14,7,8,4,6,0,130.77,107.69,53.85,61.54,30.77,46.15,0,NO
SAN JUAN DE FLORESTA_MAZAN,SAN JUAN DE FLORESTA_MAZAN,SAN JUAN DE FLORESTA,MAZAN,MAYNAS,80,0,0,0,0,1,1,0,0,0,0,0,12.5,12.5,0,NO
SAN PEDRO DE CAYO POZA_MAZAN,SAN PEDRO DE CAYO POZA_MAZAN,SAN PEDRO DE CAYO POZA,MAZAN,MAYNAS,,13,11,1,0,1,0,1,0,0,0,0,0,0,0,NO
SANTA LUCIA_MAZAN,SANTA LUCIA_MAZAN,SANTA LUCIA,MAZAN,MAYNAS,129,1,1,0,0,1,1,0,7.75,7.75,0,0,7.75,7.75,0,NO
SANTA MARTHA_MAZAN,SANTA MARTHA_MAZAN,SANTA MARTHA,MAZAN,MAYNAS,62,8,6,4,1,1,2,0,129.03,96.77,64.52,16.13,16.13,32.26,0,NO
SANTA ROSA_MAZAN,SANTA ROSA_MAZAN,SANTA ROSA,MAZAN,MAYNAS,227,0,5,1,4,0,2,0,0,22.03,4.41,17.62,0,8.81,0,NO
SARA ISLA_MAZAN,SARA ISLA_MAZAN,SARA ISLA,MAZAN,MAYNAS,200,1,8,8,0,5,4,0,5,40,40,0,25,20,0,NO
SEÑOR DE LOS MILAGROS_MAZAN,SEÑOR DE LOS MILAGROS_MAZAN,SEÑOR DE LOS MILAGROS,MAZAN,MAYNAS,157,2,7,1,1,2,0,0,12.74,44.59,6.37,6.37,12.74,0,0,NO
SUCUSARI_MAZAN,SUCUSARI_MAZAN,SUCUSARI,MAZAN,MAYNAS,,82,49,30,54,9,7,2,0,0,0,0,0,0,0,NO
TIGRE COCHA_MAZAN,TIGRE COCHA_MAZAN,TIGRE COCHA,MAZAN,MAYNAS,,0,1,0,0,1,0,0,0,0,0,0,0,0,0,NO
TRIUNFO CENTRO VARADERILLO_MAZAN,#N/A,TRIUNFO CENTRO VARADERILLO,MAZAN,MAYNAS,51,1,1,0,0,0,0,0,19.61,19.61,0,0,0,0,0,NO
YARINA ISLA_MAZAN,YARINA ISLA_MAZAN,YARINA ISLA,MAZAN,MAYNAS,93,1,2,0,1,1,0,0,10.75,21.51,0,10.75,10.75,0,0,NO
ACHOMA_NAPO,ACHOMA_NAPO,ACHOMA,NAPO,MAYNAS,,1,0,0,0,0,0,0,0,0,0,0,0,0,0,NO
ANGOTEROS - DISTRITO TORRES CAUSANA_NAPO,#N/A,ANGOTEROS - DISTRITO TORRES CAUSANA,NAPO,MAYNAS,839,0,1,3,5,142,40,0,0,1.19,3.58,5.96,169.25,47.68,0,NO
BANDEJA ISLA_NAPO,BANDEJA ISLA_NAPO,BANDEJA ISLA,NAPO,MAYNAS,145,0,0,1,0,0,0,0,0,0,6.9,0,0,0,0,NO
BERLIN_NAPO,BERLIN_NAPO,BERLIN,NAPO,MAYNAS,70,8,13,2,5,7,16,0,114.29,185.71,28.57,71.43,100,228.57,0,NO
CURARAY_NAPO,CURARAY_NAPO,CURARAY,NAPO,MAYNAS,,0,0,5,0,0,0,0,0,0,0,0,0,0,0,NO
CURARAY_NAPO,CURARAY_NAPO,CURARAY,NAPO,MAYNAS,,0,0,0,11,3,4,0,0,0,0,0,0,0,0,NO
NUEVO DEFENSOR/BOCA DEL CURARAY_NAPO,NUEVO DEFENSOR/BOCA DEL CURARAY_NAPO,NUEVO DEFENSOR/BOCA DEL CURARAY,NAPO,MAYNAS,,31,15,13,1,1,1,0,0,0,0,0,0,0,0,NO
CERRO DE PASCO_NAPO,CERRO DE PASCO_NAPO,CERRO DE PASCO,NAPO,MAYNAS,65,1,3,1,2,0,1,0,15.38,46.15,15.38,30.77,0,15.38,0,NO
CRUZ DE PLATA_NAPO,CRUZ DE PLATA_NAPO,CRUZ DE PLATA,NAPO,MAYNAS,124,1,6,4,1,1,5,0,8.06,48.39,32.26,8.06,8.06,40.32,0,NO
CURARAY_NAPO,CURARAY_NAPO,CURARAY,NAPO,MAYNAS,,9,16,19,28,35,45,24,0,0,0,0,0,0,0,NO
ES UN DISTRITO_NAPO,#N/A,ES UN DISTRITO,NAPO,MAYNAS,,14,25,6,66,33,42,4,0,0,0,0,0,0,0,NO
ES UN DISTRITO_NAPO,#N/A,ES UN DISTRITO,NAPO,MAYNAS,,0,1,0,0,0,1,0,0,0,0,0,0,0,0,NO
FORTALEZA_NAPO,FORTALEZA_NAPO,FORTALEZA,NAPO,MAYNAS,135,1,0,1,13,18,3,0,7.41,0,7.41,96.3,133.33,22.22,0,NO
HUAMAN URCO_MAZAN,HUAMAN URCO_MAZAN,HUAMAN URCO,MAZAN,MAYNAS,400,2,0,4,1,0,0,0,5,0,10,2.5,0,0,0,NO
FORTALEZA_NAPO,FORTALEZA_NAPO,FORTALEZA,NAPO,MAYNAS,208,2,17,18,2,0,1,0,9.62,81.73,86.54,9.62,0,4.81,0,NO
ARGENTINA_NAPO,ARGENTINA_NAPO,ARGENTINA,NAPO,MAYNAS,103,11,10,40,2,0,1,0,106.8,97.09,388.35,19.42,0,9.71,0,NO
NUEVO SAN ANTONIO DE LANCHA POZA_NAPO,NUEVO SAN ANTONIO DE LANCHA POZA_NAPO,NUEVO SAN ANTONIO DE LANCHA POZA,NAPO,MAYNAS,115,0,0,0,3,8,3,0,0,0,0,26.09,69.57,26.09,0,NO
MAZAN_MAZAN,MAZAN_MAZAN,MAZAN,MAZAN,MAYNAS,4800,1,5,2,1,2,2,0,0.21,1.04,0.42,0.21,0.42,0.42,0,NO
MORON ISLA_NAPO,MORON ISLA_NAPO,MORON ISLA,NAPO,MAYNAS,167,7,6,10,2,3,2,0,41.92,35.93,59.88,11.98,17.96,11.98,0,NO
NINAYACU_NAPO,NINAYACU_NAPO,NINAYACU,NAPO,MAYNAS,300,11,14,7,2,6,9,0,36.67,46.67,23.33,6.67,20,30,0,NO
NUEVO ANTIOQUIA_NAPO,NUEVO ANTIOQUIA_NAPO,NUEVO ANTIOQUIA,NAPO,MAYNAS,43,4,6,7,0,3,8,0,93.02,139.53,162.79,0,69.77,186.05,0,NO
NUEVA ARGELIA_NAPO,NUEVA ARGELIA_NAPO,NUEVA ARGELIA,NAPO,MAYNAS,95,0,3,6,3,2,1,0,0,31.58,63.16,31.58,21.05,10.53,0,NO
NUEVO CAJAMARCA_NAPO,NUEVO CAJAMARCA_NAPO,NUEVO CAJAMARCA,NAPO,MAYNAS,44,0,0,0,2,11,9,0,0,0,0,45.45,250,204.55,0,NO
NUEVA ESPERANZA_NAPO,NUEVA ESPERANZA_NAPO,NUEVA ESPERANZA,NAPO,MAYNAS,174,0,0,1,0,0,0,0,0,0,5.75,0,0,0,0,NO
NUEVA HOLANDA_NAPO,NUEVA HOLANDA_NAPO,NUEVA HOLANDA,NAPO,MAYNAS,60,3,0,0,0,0,0,0,50,0,0,0,0,0,0,NO
NUEVA UNION_NAPO,NUEVA UNION_NAPO,NUEVA UNION,NAPO,MAYNAS,58,7,3,3,0,1,2,0,120.69,51.72,51.72,0,17.24,34.48,0,NO
NUEVO YARINA_NAPO,NUEVO YARINA_NAPO,NUEVO YARINA,NAPO,MAYNAS,99,1,1,1,174,12,1,0,10.1,10.1,10.1,1757.58,121.21,10.1,0,NO
NUEVA BELLAVISTA_NAPO,NUEVA BELLAVISTA_NAPO,NUEVA BELLAVISTA,NAPO,MAYNAS,94,0,5,0,0,0,0,0,0,53.19,0,0,0,0,0,NO
NUEVO LIBERTADOR_NAPO,NUEVO LIBERTADOR_NAPO,NUEVO LIBERTADOR,NAPO,MAYNAS,44,28,17,45,58,22,5,0,636.36,386.36,1022.73,1318.18,500,113.64,0,NO
PORVENIR DE INAYUGA_NAPO,PORVENIR DE INAYUGA_NAPO,PORVENIR DE INAYUGA,NAPO,MAYNAS,0,4,13,44,2,0,1,0,0,0,0,0,0,0,0,NO
NUEVO SAN ANTONIO DE LANCHA POZA_NAPO,NUEVO SAN ANTONIO DE LANCHA POZA_NAPO,NUEVO SAN ANTONIO DE LANCHA POZA,NAPO,MAYNAS,,0,2,5,0,0,0,0,0,0,0,0,0,0,0,NO
NUEVO SAN JOSE_NAPO,NUEVO SAN JOSE_NAPO,NUEVO SAN JOSE,NAPO,MAYNAS,54,7,1,11,2,0,0,0,129.63,18.52,203.7,37.04,0,0,0,NO
NUEVO SAN ROMAN_NAPO,NUEVO SAN ROMAN_NAPO,NUEVO SAN ROMAN,NAPO,MAYNAS,123,2,9,10,3,1,5,0,16.26,73.17,81.3,24.39,8.13,40.65,0,NO
NUEVA PALETA_NAPO,NUEVA PALETA_NAPO,NUEVA PALETA,NAPO,MAYNAS,123,23,21,16,12,20,3,0,186.99,170.73,130.08,97.56,162.6,24.39,0,NO
PANTOJA - DISTRITO TORRES CAUSANA_NAPO,#N/A,PANTOJA - DISTRITO TORRES CAUSANA,NAPO,MAYNAS,331,0,1,2,4,8,5,0,0,3.02,6.04,12.08,24.17,15.11,0,NO
PATRIA NUEVA_NAPO,PATRIA NUEVA_NAPO,PATRIA NUEVA,NAPO,MAYNAS,106,9,17,20,6,21,2,0,84.91,160.38,188.68,56.6,198.11,18.87,0,NO
PORVENIR DE INAYUGA_NAPO,PORVENIR DE INAYUGA_NAPO,PORVENIR DE INAYUGA,NAPO,MAYNAS,423,0,0,0,31,24,15,0,0,0,0,73.29,56.74,35.46,0,NO
KICHWA PUCA BARRANCA_NAPO,KICHWA PUCA BARRANCA_NAPO,KICHWA PUCA BARRANCA,NAPO,MAYNAS,277,1,1,19,5,5,3,0,3.61,3.61,68.59,18.05,18.05,10.83,0,NO
PUERTO ARICA_NAPO,PUERTO ARICA_NAPO,PUERTO ARICA,NAPO,MAYNAS,190,0,0,0,0,1,0,0,0,0,0,0,5.26,0,0,NO
PUERTO ARICA_NAPO,PUERTO ARICA_NAPO,PUERTO ARICA,NAPO,MAYNAS,190,0,2,2,3,1,2,0,0,10.53,10.53,15.79,5.26,10.53,0,NO
PUERTO AURORA_NAPO,PUERTO AURORA_NAPO,PUERTO AURORA,NAPO,MAYNAS,121,2,1,1,8,11,5,0,16.53,8.26,8.26,66.12,90.91,41.32,0,NO
QUEBRADA LOBO_NAPO,QUEBRADA LOBO_NAPO,QUEBRADA LOBO,NAPO,MAYNAS,,0,0,0,1,0,0,0,0,0,0,0,0,0,0,NO
ARGENTINA_NAPO,ARGENTINA_NAPO,ARGENTINA,NAPO,MAYNAS,,0,0,0,17,26,10,2,0,0,0,0,0,0,0,NO
QUECHUA DE SAN FERNANDO_NAPO,QUECHUA DE SAN FERNANDO_NAPO,QUECHUA DE SAN FERNANDO,NAPO,MAYNAS,,14,24,11,2,0,1,0,0,0,0,0,0,0,0,NO
SAMUNA BULA_TORRES CAUSANA,SAMUNA BULA_TORRES CAUSANA,SAMUNA BULA,TORRES CAUSANA,MAYNAS,427,0,0,0,0,4,6,0,0,0,0,0,9.37,14.05,0,NO
SAN FRANCISCO DE PINSHA_NAPO,SAN FRANCISCO DE PINSHA_NAPO,SAN FRANCISCO DE PINSHA,NAPO,MAYNAS,105,0,23,3,2,2,2,0,0,219.05,28.57,19.05,19.05,19.05,0,NO
SAN FRANCISCO PINSHA_NAPO,SAN FRANCISCO PINSHA_NAPO,SAN FRANCISCO PINSHA,NAPO,MAYNAS,146,0,0,2,0,2,2,0,0,0,13.7,0,13.7,13.7,0,NO
SAN JORGE_NAPO,SAN JORGE_NAPO,SAN JORGE,NAPO,MAYNAS,250,8,10,32,12,7,1,0,32,40,128,48,28,4,0,NO
SAN ROQUE_NAPO,SAN ROQUE_NAPO,SAN ROQUE,NAPO,MAYNAS,107,6,4,3,9,9,4,0,56.07,37.38,28.04,84.11,84.11,37.38,0,NO
SANTA ELENA_NAPO,SANTA ELENA_NAPO,SANTA ELENA,NAPO,MAYNAS,119,59,40,33,64,19,1,0,495.8,336.13,277.31,537.82,159.66,8.4,0,NO
SANTA ELISA_NAPO,SANTA ELISA_NAPO,SANTA ELISA,NAPO,MAYNAS,0,0,0,0,33,51,1,0,0,0,0,0,0,0,0,NO
SANTA ROSA_NAPO,SANTA ROSA_NAPO,SANTA ROSA,NAPO,MAYNAS,23,9,6,5,21,58,3,0,391.3,260.87,217.39,913.04,2521.74,130.43,0,NO
SUCUSARI_MAZAN,SUCUSARI_MAZAN,SUCUSARI,MAZAN,MAYNAS,99,0,0,0,0,3,0,0,0,0,0,0,30.3,0,0,NO
SAN LUIS DE TACSHA CURARAY_NAPO,SAN LUIS DE TACSHA CURARAY_NAPO,SAN LUIS DE TACSHA CURARAY,NAPO,MAYNAS,,3,2,8,10,8,15,0,0,0,0,0,0,0,0,NO
TAMBO_NAPO,TAMBO_NAPO,TAMBO,NAPO,MAYNAS,,2,0,2,10,6,7,1,0,0,0,0,0,0,0,NO
TUTA PISHCO_NAPO,TUTA PISHCO_NAPO,TUTA PISHCO,NAPO,MAYNAS,305,19,38,23,0,0,0,0,62.3,124.59,75.41,0,0,0,0,NO
VENCEDORES DE VISTA ALEGRE_NAPO,VENCEDORES DE VISTA ALEGRE_NAPO,VENCEDORES DE VISTA ALEGRE,NAPO,MAYNAS,72,19,0,0,2,7,6,0,263.89,0,0,27.78,97.22,83.33,0,NO
VISTA HERMOSA_NAPO,VISTA HERMOSA_NAPO,VISTA HERMOSA,NAPO,MAYNAS,52,13,17,29,42,49,4,0,250,326.92,557.69,807.69,942.31,76.92,0,NO
YUTO YACO_NAPO,YUTO YACO_NAPO,YUTO YACO,NAPO,MAYNAS,,0,0,0,17,0,0,0,0,0,0,0,0,0,0,NO
_NAPO,#N/A,,NAPO,MAYNAS,,0,2,1,3,2,2,2,0,0,0,0,0,0,0,NO
_NAPO,#N/A,,NAPO,MAYNAS,,0,0,1,0,0,1,0,0,0,0,0,0,0,0,NO
17 DE JUNIO_PUNCHANA,17 DE JUNIO_PUNCHANA,17 DE JUNIO,PUNCHANA,MAYNAS,,0,4,0,0,0,1,0,0,0,0,0,0,0,0,NO
23 DE SETIEMBRE_PUNCHANA,23 DE SETIEMBRE_PUNCHANA,23 DE SETIEMBRE,PUNCHANA,MAYNAS,,1,1,0,0,0,1,0,0,0,0,0,0,0,0,NO
8 DE SETIEMBRE_PUNCHANA,8 DE SETIEMBRE_PUNCHANA,8 DE SETIEMBRE,PUNCHANA,MAYNAS,41,0,2,1,1,0,0,0,0,48.78,24.39,24.39,0,0,0,NO
ALFONSO UGARTE_PUNCHANA,ALFONSO UGARTE_PUNCHANA,ALFONSO UGARTE,PUNCHANA,MAYNAS,32,1,5,1,0,2,2,0,31.25,156.25,31.25,0,62.5,62.5,0,NO
ALMIRANTE GUISSE_PUNCHANA,ALMIRANTE GUISSE_PUNCHANA,ALMIRANTE GUISSE,PUNCHANA,MAYNAS,14,7,13,1,14,6,2,0,500,928.57,71.43,1000,428.57,142.86,0,NO
ASTORIA_PUNCHANA,ASTORIA_PUNCHANA,ASTORIA,PUNCHANA,MAYNAS,112,15,5,3,1,1,3,0,133.93,44.64,26.79,8.93,8.93,26.79,0,NO
BALCON_PUNCHANA,BALCON_PUNCHANA,BALCON,PUNCHANA,MAYNAS,,0,0,4,0,0,0,0,0,0,0,0,0,0,0,NO
BARRIO ANTONIO SCAVINO_PUNCHANA,BARRIO ANTONIO SCAVINO_PUNCHANA,BARRIO ANTONIO SCAVINO,PUNCHANA,MAYNAS,0,3,0,0,0,1,1,0,0,0,0,0,0,0,0,NO
BELLAVISTA_PUNCHANA,BELLAVISTA_PUNCHANA,BELLAVISTA,PUNCHANA,MAYNAS,,10,20,18,24,18,17,6,0,0,0,0,0,0,0,NO
CENTRO ARENAL_PUNCHANA,CENTRO ARENAL_PUNCHANA,CENTRO ARENAL,PUNCHANA,MAYNAS,183,8,11,3,3,4,2,0,43.72,60.11,16.39,16.39,21.86,10.93,0,NO
COSTANERA_PUNCHANA,COSTANERA_PUNCHANA,COSTANERA,PUNCHANA,MAYNAS,126,7,1,0,0,0,0,0,55.56,7.94,0,0,0,0,0,NO
EL MILAGRO_PUNCHANA,EL MILAGRO_PUNCHANA,EL MILAGRO,PUNCHANA,MAYNAS,79,17,7,3,0,1,0,0,215.19,88.61,37.97,0,12.66,0,0,NO
ES UN DISTRITO_PUNCHANA,#N/A,ES UN DISTRITO,PUNCHANA,MAYNAS,,1,0,3,1,1,1,0,0,0,0,0,0,0,0,NO
GALLITO_PUNCHANA,GALLITO_PUNCHANA,GALLITO,PUNCHANA,MAYNAS,,1,0,1,0,0,0,0,0,0,0,0,0,0,0,NO
GRAU DE PAMPA HERMOSA_PUNCHANA,GRAU DE PAMPA HERMOSA_PUNCHANA,GRAU DE PAMPA HERMOSA,PUNCHANA,MAYNAS,,4,1,7,6,0,7,1,0,0,0,0,0,0,0,NO
GRAU DE PAMPA HERMOSA_PUNCHANA,GRAU DE PAMPA HERMOSA_PUNCHANA,GRAU DE PAMPA HERMOSA,PUNCHANA,MAYNAS,35,26,10,4,5,0,3,0,742.86,285.71,114.29,142.86,0,85.71,0,NO
INDELSA_PUNCHANA,INDELSA_PUNCHANA,INDELSA,PUNCHANA,MAYNAS,10,0,1,0,3,0,0,0,0,100,0,300,0,0,0,NO
LAGUNA_PUNCHANA,LAGUNA_PUNCHANA,LAGUNA,PUNCHANA,MAYNAS,,1,2,0,0,0,2,0,0,0,0,0,0,0,0,NO
LAS MALVINAS_PUNCHANA,LAS MALVINAS_PUNCHANA,LAS MALVINAS,PUNCHANA,MAYNAS,,1,1,0,4,1,2,2,0,0,0,0,0,0,0,NO
LIBERTAD_PUNCHANA,LIBERTAD_PUNCHANA,LIBERTAD,PUNCHANA,MAYNAS,,1,0,1,2,4,2,0,0,0,0,0,0,0,0,NO
LUPUNILLO_PUNCHANA,LUPUNILLO_PUNCHANA,LUPUNILLO,PUNCHANA,MAYNAS,62,1,0,1,2,1,1,0,16.13,0,16.13,32.26,16.13,16.13,0,NO
MANITI_PUNCHANA,MANITI_PUNCHANA,MANITI,PUNCHANA,MAYNAS,,3,2,0,0,0,0,0,0,0,0,0,0,0,0,NO
MAQUISAPA_PUNCHANA,MAQUISAPA_PUNCHANA,MAQUISAPA,PUNCHANA,MAYNAS,,0,0,0,0,0,1,0,0,0,0,0,0,0,0,NO
MILAGRO_PUNCHANA,#N/A,MILAGRO,PUNCHANA,MAYNAS,,1,0,0,0,4,1,0,0,0,0,0,0,0,0,NO
NUEVA AMAZONIA_BELEN,NUEVA AMAZONIA_BELEN,NUEVA AMAZONIA,BELEN,MAYNAS,,0,0,0,0,0,0,1,0,0,0,0,0,0,0,NO
NUEVA ESPERANZA_PUNCHANA,NUEVA ESPERANZA_PUNCHANA,NUEVA ESPERANZA,PUNCHANA,MAYNAS,,1,1,0,3,2,0,0,0,0,0,0,0,0,0,NO
NUEVA PRIMAVERA_PUNCHANA,NUEVA PRIMAVERA_PUNCHANA,NUEVA PRIMAVERA,PUNCHANA,MAYNAS,35,4,2,1,1,0,0,0,114.29,57.14,28.57,28.57,0,0,0,NO
NUEVA UNION_PUNCHANA,NUEVA UNION_PUNCHANA,NUEVA UNION,PUNCHANA,MAYNAS,,4,0,2,1,3,0,0,0,0,0,0,0,0,0,NO
NUEVO SAN ANTONIO_PUNCHANA,NUEVO SAN ANTONIO_PUNCHANA,NUEVO SAN ANTONIO,PUNCHANA,MAYNAS,87,61,144,52,8,43,14,0,701.15,1655.17,597.7,91.95,494.25,160.92,0,NO
NUEVO SAN FERNANDO_PUNCHANA,NUEVO SAN FERNANDO_PUNCHANA,NUEVO SAN FERNANDO,PUNCHANA,MAYNAS,,1,0,0,1,0,0,0,0,0,0,0,0,0,0,NO
NUEVO SAN MARTIN_PUNCHANA,NUEVO SAN MARTIN_PUNCHANA,NUEVO SAN MARTIN,PUNCHANA,MAYNAS,4,4,0,0,0,0,0,0,1000,0,0,0,0,0,0,NO
NUEVO VERSALLES_PUNCHANA,NUEVO VERSALLES_PUNCHANA,NUEVO VERSALLES,PUNCHANA,MAYNAS,,1,4,0,1,2,1,0,0,0,0,0,0,0,0,NO
PERTENECE AL DISTRITO IQUITOS_PUNCHANA,#N/A,PERTENECE AL DISTRITO IQUITOS,PUNCHANA,MAYNAS,,0,0,1,1,2,0,0,0,0,0,0,0,0,0,NO
PROGRESO_PUNCHANA,PROGRESO_PUNCHANA,PROGRESO,PUNCHANA,MAYNAS,,0,0,0,0,0,3,0,0,0,0,0,0,0,0,NO
PROGRESO ZONA 2_PUNCHANA,PROGRESO ZONA 2_PUNCHANA,PROGRESO ZONA 2,PUNCHANA,MAYNAS,129,6,3,4,0,0,2,0,46.51,23.26,31.01,0,0,15.5,0,NO
PUERTO GEN GEN_PUNCHANA,PUERTO GEN GEN_PUNCHANA,PUERTO GEN GEN,PUNCHANA,MAYNAS,89,48,66,61,22,1,1,0,539.33,741.57,685.39,247.19,11.24,11.24,0,NO
PUERTO GEN GEN_PUNCHANA,PUERTO GEN GEN_PUNCHANA,PUERTO GEN GEN,PUNCHANA,MAYNAS,89,16,0,7,29,46,13,0,179.78,0,78.65,325.84,516.85,146.07,0,NO
QUEBRADA SHIHUA_PUNCHANA,QUEBRADA SHIHUA_PUNCHANA,QUEBRADA SHIHUA,PUNCHANA,MAYNAS,75,2,6,2,1,3,1,0,26.67,80,26.67,13.33,40,13.33,0,NO
SAN JUAN_PUNCHANA,SAN JUAN_PUNCHANA,SAN JUAN,PUNCHANA,MAYNAS,,0,0,0,0,0,1,0,0,0,0,0,0,0,0,NO
SAN JUAN DE SINCHICUY_PUNCHANA,SAN JUAN DE SINCHICUY_PUNCHANA,SAN JUAN DE SINCHICUY,PUNCHANA,MAYNAS,130,114,54,25,2,0,1,0,876.92,415.38,192.31,15.38,0,7.69,0,NO
SAN LUIS DE VISTA ALEGRE_PUNCHANA,SAN LUIS DE VISTA ALEGRE_PUNCHANA,SAN LUIS DE VISTA ALEGRE,PUNCHANA,MAYNAS,173,50,1,0,1,1,0,0,289.02,5.78,0,5.78,5.78,0,0,NO
SAN MIGUEL_PUNCHANA,#N/A,SAN MIGUEL,PUNCHANA,MAYNAS,,1,0,0,0,2,0,0,0,0,0,0,0,0,0,NO
SAN PEDRO DE BELLAVISTA_PUNCHANA,SAN PEDRO DE BELLAVISTA_PUNCHANA,SAN PEDRO DE BELLAVISTA,PUNCHANA,MAYNAS,,1,2,2,5,1,3,0,0,0,0,0,0,0,0,NO
SAN SALVADOR_PUNCHANA,SAN SALVADOR_PUNCHANA,SAN SALVADOR,PUNCHANA,MAYNAS,,0,1,0,0,3,0,0,0,0,0,0,0,0,0,NO
SANTA CLARA DE OJEAL ZONA 1_PUNCHANA,SANTA CLARA DE OJEAL ZONA 1_PUNCHANA,SANTA CLARA DE OJEAL ZONA 1,PUNCHANA,MAYNAS,,5,20,3,2,2,1,0,0,0,0,0,0,0,0,NO
SANTA CLARA DE OJEAL ZONA 1_PUNCHANA,SANTA CLARA DE OJEAL ZONA 1_PUNCHANA,SANTA CLARA DE OJEAL ZONA 1,PUNCHANA,MAYNAS,278,13,4,3,0,0,0,0,46.76,14.39,10.79,0,0,0,0,NO
SANTA CLARA III ZONA_PUNCHANA,SANTA CLARA III ZONA_PUNCHANA,SANTA CLARA III ZONA,PUNCHANA,MAYNAS,,15,8,0,0,0,0,0,0,0,0,0,0,0,0,NO
SANTA CLARA DE OJEAL ZONA 1_PUNCHANA,SANTA CLARA DE OJEAL ZONA 1_PUNCHANA,SANTA CLARA DE OJEAL ZONA 1,PUNCHANA,MAYNAS,,0,0,0,5,1,12,1,0,0,0,0,0,0,0,NO
SANTA CLARA ZONA 2_PUNCHANA,SANTA CLARA ZONA 2_PUNCHANA,SANTA CLARA ZONA 2,PUNCHANA,MAYNAS,,7,6,1,0,0,1,0,0,0,0,0,0,0,0,NO
SANTA CLOTILDE_PUNCHANA,SANTA CLOTILDE_PUNCHANA,SANTA CLOTILDE,PUNCHANA,MAYNAS,251,18,18,15,6,1,5,0,71.71,71.71,59.76,23.9,3.98,19.92,0,NO
SANTA MARIA_PUNCHANA,SANTA MARIA_PUNCHANA,SANTA MARIA,PUNCHANA,MAYNAS,,6,14,7,16,6,12,1,0,0,0,0,0,0,0,NO
SANTA MARIA DE FATIMA_PUNCHANA,SANTA MARIA DE FATIMA_PUNCHANA,SANTA MARIA DE FATIMA,PUNCHANA,MAYNAS,,2,3,1,0,0,0,0,0,0,0,0,0,0,0,NO
SANTA MARTA_BELEN,SANTA MARTA_BELEN,SANTA MARTA,BELEN,MAYNAS,,3,2,0,0,0,0,0,0,0,0,0,0,0,0,NO
SANTA ROSA DEL AMAZONAS_BELEN,SANTA ROSA DEL AMAZONAS_BELEN,SANTA ROSA DEL AMAZONAS,BELEN,MAYNAS,,2,1,1,1,2,1,0,0,0,0,0,0,0,0,NO
SANTA SULEMA_BELEN,SANTA SULEMA_BELEN,SANTA SULEMA,BELEN,MAYNAS,,0,0,0,0,1,0,0,0,0,0,0,0,0,0,NO
SANTO TOMAS DE CAPIRONAL_PUNCHANA,SANTO TOMAS DE CAPIRONAL_PUNCHANA,SANTO TOMAS DE CAPIRONAL,PUNCHANA,MAYNAS,78,7,1,0,0,0,0,0,89.74,12.82,0,0,0,0,0,NO
SCAVINO_PUNCHANA,SCAVINO_PUNCHANA,SCAVINO,PUNCHANA,MAYNAS,,0,0,0,0,1,0,0,0,0,0,0,0,0,0,NO
SEÑOR DE LOS MILAGROS_PUNCHANA,SEÑOR DE LOS MILAGROS_PUNCHANA,SEÑOR DE LOS MILAGROS,PUNCHANA,MAYNAS,,1,0,0,0,0,0,0,0,0,0,0,0,0,0,NO
SOL NACIENTE_PUNCHANA,SOL NACIENTE_PUNCHANA,SOL NACIENTE,PUNCHANA,MAYNAS,46,2,7,2,2,0,0,0,43.48,152.17,43.48,43.48,0,0,0,NO
TIGRILLO_PUNCHANA,TIGRILLO_PUNCHANA,TIGRILLO,PUNCHANA,MAYNAS,,0,0,0,1,2,0,0,0,0,0,0,0,0,0,NO
TRES UNIDOS_IQUITOS,TRES UNIDOS_IQUITOS,TRES UNIDOS,IQUITOS,MAYNAS,,0,0,0,0,0,1,0,0,0,0,0,0,0,0,NO
UNION FAMILIAR_PUNCHANA,UNION FAMILIAR_PUNCHANA,UNION FAMILIAR,PUNCHANA,MAYNAS,53,24,26,12,9,3,15,0,452.83,490.57,226.42,169.81,56.6,283.02,0,NO
VILLA FLOR_PUNCHANA,VILLA FLOR_PUNCHANA,VILLA FLOR,PUNCHANA,MAYNAS,,0,0,1,0,0,1,0,0,0,0,0,0,0,0,NO
YANAYACU_PUNCHANA,YANAYACU_PUNCHANA,YANAYACU,PUNCHANA,MAYNAS,,3,8,1,0,0,0,0,0,0,0,0,0,0,0,NO
1 DE FEBRERO_NAUTA,1 DE FEBRERO_NAUTA,1 DE FEBRERO,NAUTA,MAYNAS,,0,3,1,4,0,0,0,0,0,0,0,0,0,0,NO
1 DE MAYO_SAN JUAN BAUTISTA,1 DE MAYO_SAN JUAN BAUTISTA,1 DE MAYO,SAN JUAN BAUTISTA,MAYNAS,,3,3,4,2,4,3,0,0,0,0,0,0,0,0,NO
10 DE OCTUBRE I ZONA_SAN JUAN BAUTISTA,10 DE OCTUBRE I ZONA_SAN JUAN BAUTISTA,10 DE OCTUBRE I ZONA,SAN JUAN BAUTISTA,MAYNAS,,12,14,16,8,4,0,0,0,0,0,0,0,0,0,NO
12 DE ABRIL_SAN JUAN BAUTISTA,12 DE ABRIL_SAN JUAN BAUTISTA,12 DE ABRIL,SAN JUAN BAUTISTA,MAYNAS,211,169,30,42,31,7,2,0,800.95,142.18,199.05,146.92,33.18,9.48,0,NO
12 DE DICIEMBRE_SAN JUAN BAUTISTA,12 DE DICIEMBRE_SAN JUAN BAUTISTA,12 DE DICIEMBRE,SAN JUAN BAUTISTA,MAYNAS,,0,1,0,0,0,0,0,0,0,0,0,0,0,0,NO
12 DE OCTUBRE_SAN JUAN BAUTISTA,12 DE OCTUBRE_SAN JUAN BAUTISTA,12 DE OCTUBRE,SAN JUAN BAUTISTA,MAYNAS,97,20,5,35,21,3,0,0,206.19,51.55,360.82,216.49,30.93,0,0,NO
12 DE DICIEMBRE_SAN JUAN BAUTISTA,12 DE DICIEMBRE_SAN JUAN BAUTISTA,12 DE DICIEMBRE,SAN JUAN BAUTISTA,MAYNAS,,41,60,30,7,0,2,0,0,0,0,0,0,0,0,NO
13 DE FEBRERO_SAN JUAN BAUTISTA,13 DE FEBRERO_SAN JUAN BAUTISTA,13 DE FEBRERO,SAN JUAN BAUTISTA,MAYNAS,576,71,67,186,174,62,15,0,123.26,116.32,322.92,302.08,107.64,26.04,0,NO
13 DE JULIO_SAN JUAN BAUTISTA,13 DE JULIO_SAN JUAN BAUTISTA,13 DE JULIO,SAN JUAN BAUTISTA,MAYNAS,,5,9,56,7,6,2,0,0,0,0,0,0,0,0,NO
16 DE JUNIO_SAN JUAN BAUTISTA,16 DE JUNIO_SAN JUAN BAUTISTA,16 DE JUNIO,SAN JUAN BAUTISTA,MAYNAS,,0,1,0,2,0,0,0,0,0,0,0,0,0,0,NO
23 DE SETIEMBRE_SAN JUAN BAUTISTA,23 DE SETIEMBRE_SAN JUAN BAUTISTA,23 DE SETIEMBRE,SAN JUAN BAUTISTA,MAYNAS,,0,0,0,1,1,0,0,0,0,0,0,0,0,0,NO
24 DE JUNIO_SAN JUAN BAUTISTA,24 DE JUNIO_SAN JUAN BAUTISTA,24 DE JUNIO,SAN JUAN BAUTISTA,MAYNAS,17,2,3,2,0,0,1,0,117.65,176.47,117.65,0,0,58.82,0,NO
24 DE OCTUBRE_SAN JUAN BAUTISTA,24 DE OCTUBRE_SAN JUAN BAUTISTA,24 DE OCTUBRE,SAN JUAN BAUTISTA,MAYNAS,28,0,0,1,1,0,0,0,0,0,35.71,35.71,0,0,0,NO
25 DE ENERO_SAN JUAN BAUTISTA,25 DE ENERO_SAN JUAN BAUTISTA,25 DE ENERO,SAN JUAN BAUTISTA,MAYNAS,204,2,14,3,0,0,2,0,9.8,68.63,14.71,0,0,9.8,0,NO
26 DE ABRIL_SAN JUAN BAUTISTA,26 DE ABRIL_SAN JUAN BAUTISTA,26 DE ABRIL,SAN JUAN BAUTISTA,MAYNAS,,15,0,0,0,0,0,0,0,0,0,0,0,0,0,NO
28 DE ENERO_SAN JUAN BAUTISTA,28 DE ENERO_SAN JUAN BAUTISTA,28 DE ENERO,SAN JUAN BAUTISTA,MAYNAS,70,22,5,19,17,13,0,0,314.29,71.43,271.43,242.86,185.71,0,0,NO
3 DE FEBRERO_SAN JUAN BAUTISTA,3 DE FEBRERO_SAN JUAN BAUTISTA,3 DE FEBRERO,SAN JUAN BAUTISTA,MAYNAS,,0,0,1,1,0,1,0,0,0,0,0,0,0,0,NO
3 DE OCTUBRE_SAN JUAN BAUTISTA,3 DE OCTUBRE_SAN JUAN BAUTISTA,3 DE OCTUBRE,SAN JUAN BAUTISTA,MAYNAS,90,95,34,41,38,9,3,0,1055.56,377.78,455.56,422.22,100,33.33,0,NO
31 DICIEMBRE_SAN JUAN BAUTISTA,31 DICIEMBRE_SAN JUAN BAUTISTA,31 DICIEMBRE,SAN JUAN BAUTISTA,MAYNAS,,0,1,0,2,0,0,0,0,0,0,0,0,0,0,NO
5 DE ABRIL_SAN JUAN BAUTISTA,5 DE ABRIL_SAN JUAN BAUTISTA,5 DE ABRIL,SAN JUAN BAUTISTA,MAYNAS,,3,2,2,9,2,1,0,0,0,0,0,0,0,0,NO
5 DE JUNIO_SAN JUAN BAUTISTA,5 DE JUNIO_SAN JUAN BAUTISTA,5 DE JUNIO,SAN JUAN BAUTISTA,MAYNAS,40,10,2,2,3,0,0,0,250,50,50,75,0,0,0,NO
8 DE OCTUBRE_IQUITOS,8 DE OCTUBRE_IQUITOS,8 DE OCTUBRE,IQUITOS,MAYNAS,,42,64,104,38,0,6,0,0,0,0,0,0,0,0,NO
9 ABRIL_SAN JUAN BAUTISTA,9 ABRIL_SAN JUAN BAUTISTA,9 ABRIL,SAN JUAN BAUTISTA,MAYNAS,,7,8,9,2,0,4,1,0,0,0,0,0,0,0,NO
ACUARIO_SAN JUAN BAUTISTA,ACUARIO_SAN JUAN BAUTISTA,ACUARIO,SAN JUAN BAUTISTA,MAYNAS,,0,1,1,0,0,0,0,0,0,0,0,0,0,0,NO
AGUA BLANCA_SAN JUAN BAUTISTA,AGUA BLANCA_SAN JUAN BAUTISTA,AGUA BLANCA,SAN JUAN BAUTISTA,MAYNAS,44,0,0,0,1,0,0,0,0,0,0,22.73,0,0,0,NO
ANGEL CARDENAS HAYA I ZONA_SAN JUAN BAUTISTA,ANGEL CARDENAS HAYA I ZONA_SAN JUAN BAUTISTA,ANGEL CARDENAS HAYA I ZONA,SAN JUAN BAUTISTA,MAYNAS,113,13,4,7,3,12,2,0,115.04,35.4,61.95,26.55,106.19,17.7,0,NO
ANGUILLA_SAN JUAN BAUTISTA,ANGUILLA_SAN JUAN BAUTISTA,ANGUILLA,SAN JUAN BAUTISTA,MAYNAS,30,4,0,3,0,0,0,0,133.33,0,100,0,0,0,0,NO
ANITA CABRERA_SAN JUAN BAUTISTA,ANITA CABRERA_SAN JUAN BAUTISTA,ANITA CABRERA,SAN JUAN BAUTISTA,MAYNAS,,1,5,6,2,0,1,0,0,0,0,0,0,0,0,NO
AZUCENAS_SAN JUAN BAUTISTA,AZUCENAS_SAN JUAN BAUTISTA,AZUCENAS,SAN JUAN BAUTISTA,MAYNAS,,10,100,17,13,0,4,1,0,0,0,0,0,0,0,NO
BAMBU_SAN JUAN BAUTISTA,BAMBU_SAN JUAN BAUTISTA,BAMBU,SAN JUAN BAUTISTA,MAYNAS,,14,116,11,27,3,9,0,0,0,0,0,0,0,0,NO
BARADERO DE HOMAGUAS_SAN JUAN BAUTISTA,BARADERO DE HOMAGUAS_SAN JUAN BAUTISTA,BARADERO DE HOMAGUAS,SAN JUAN BAUTISTA,MAYNAS,,0,1,1,1,2,0,0,0,0,0,0,0,0,0,NO
BEGONIAS_SAN JUAN BAUTISTA,BEGONIAS_SAN JUAN BAUTISTA,BEGONIAS,SAN JUAN BAUTISTA,MAYNAS,,0,4,0,2,1,0,0,0,0,0,0,0,0,0,NO
BELEN DE JUDA_SAN JUAN BAUTISTA,BELEN DE JUDA_SAN JUAN BAUTISTA,BELEN DE JUDA,SAN JUAN BAUTISTA,MAYNAS,31,6,1,0,3,0,0,0,193.55,32.26,0,96.77,0,0,0,NO
BELLO HORIZONTE_SAN JUAN BAUTISTA,BELLO HORIZONTE_SAN JUAN BAUTISTA,BELLO HORIZONTE,SAN JUAN BAUTISTA,MAYNAS,,7,45,20,13,1,11,0,0,0,0,0,0,0,0,NO
BENITO TUESTA_SAN JUAN BAUTISTA,BENITO TUESTA_SAN JUAN BAUTISTA,BENITO TUESTA,SAN JUAN BAUTISTA,MAYNAS,,0,1,0,1,0,0,0,0,0,0,0,0,0,0,NO
BUENA ESPERANZA_SAN JUAN BAUTISTA,BUENA ESPERANZA_SAN JUAN BAUTISTA,BUENA ESPERANZA,SAN JUAN BAUTISTA,MAYNAS,63,5,0,4,0,1,0,0,79.37,0,63.49,0,15.87,0,0,NO
BUENA VISTA_SAN JUAN BAUTISTA,BUENA VISTA_SAN JUAN BAUTISTA,BUENA VISTA,SAN JUAN BAUTISTA,MAYNAS,,0,0,0,1,0,0,0,0,0,0,0,0,0,0,NO
CABO LASTRE_SAN JUAN BAUTISTA,CABO LASTRE_SAN JUAN BAUTISTA,CABO LASTRE,SAN JUAN BAUTISTA,MAYNAS,,0,0,0,1,0,0,0,0,0,0,0,0,0,0,NO
CIUDAD JARDIN_SAN JUAN BAUTISTA,CIUDAD JARDIN_SAN JUAN BAUTISTA,CIUDAD JARDIN,SAN JUAN BAUTISTA,MAYNAS,,0,2,0,3,0,0,0,0,0,0,0,0,0,0,NO
CLAVELES_SAN JUAN BAUTISTA,CLAVELES_SAN JUAN BAUTISTA,CLAVELES,SAN JUAN BAUTISTA,MAYNAS,,0,2,0,4,0,0,0,0,0,0,0,0,0,0,NO
CONCORDIA_SAN JUAN BAUTISTA,CONCORDIA_SAN JUAN BAUTISTA,CONCORDIA,SAN JUAN BAUTISTA,MAYNAS,,0,0,0,0,0,1,0,0,0,0,0,0,0,0,NO
CORRIENTILLO_SAN JUAN BAUTISTA,CORRIENTILLO_SAN JUAN BAUTISTA,CORRIENTILLO,SAN JUAN BAUTISTA,MAYNAS,,27,9,2,8,0,3,1,0,0,0,0,0,0,0,NO
CORUÑA_SAN JUAN BAUTISTA,CORUÑA_SAN JUAN BAUTISTA,CORUÑA,SAN JUAN BAUTISTA,MAYNAS,,1,7,2,1,0,0,0,0,0,0,0,0,0,0,NO
CREACION 2000_SAN JUAN BAUTISTA,CREACION 2000_SAN JUAN BAUTISTA,CREACION 2000,SAN JUAN BAUTISTA,MAYNAS,53,17,10,4,3,1,0,0,320.75,188.68,75.47,56.6,18.87,0,0,NO
CRUZ DEL SUR_SAN JUAN BAUTISTA,CRUZ DEL SUR_SAN JUAN BAUTISTA,CRUZ DEL SUR,SAN JUAN BAUTISTA,MAYNAS,480,3,10,8,11,0,2,0,6.25,20.83,16.67,22.92,0,4.17,0,NO
CUYANA_SAN JUAN BAUTISTA,CUYANA_SAN JUAN BAUTISTA,CUYANA,SAN JUAN BAUTISTA,MAYNAS,,230,365,165,61,26,113,43,0,0,0,0,0,0,0,NO
DISNARDA_SAN JUAN BAUTISTA,DISNARDA_SAN JUAN BAUTISTA,DISNARDA,SAN JUAN BAUTISTA,MAYNAS,,0,0,0,1,0,0,0,0,0,0,0,0,0,0,NO
EL DORADO_SAN JUAN BAUTISTA,EL DORADO_SAN JUAN BAUTISTA,EL DORADO,SAN JUAN BAUTISTA,MAYNAS,138,44,84,116,97,28,4,0,318.84,608.7,840.58,702.9,202.9,28.99,0,NO
ELOY JARAMILLO SANTA CLAR_SAN JUAN BAUTISTA,#N/A,ELOY JARAMILLO SANTA CLAR,SAN JUAN BAUTISTA,MAYNAS,,8,0,2,0,0,0,0,0,0,0,0,0,0,0,NO
ES UN DISTRITO_SAN JUAN BAUTISTA,#N/A,ES UN DISTRITO,SAN JUAN BAUTISTA,MAYNAS,,3,13,10,13,1,3,0,0,0,0,0,0,0,0,NO
ES UN DISTRITO NO LOCALIDAD_SAN JUAN BAUTISTA,#N/A,ES UN DISTRITO NO LOCALIDAD,SAN JUAN BAUTISTA,MAYNAS,,19,190,107,66,60,1347,226,0,0,0,0,0,0,0,NO
ESPERANZA_SAN JUAN BAUTISTA,ESPERANZA_SAN JUAN BAUTISTA,ESPERANZA,SAN JUAN BAUTISTA,MAYNAS,,2,25,11,3,1,1,0,0,0,0,0,0,0,0,NO
GIRASOLES_SAN JUAN BAUTISTA,GIRASOLES_SAN JUAN BAUTISTA,GIRASOLES,SAN JUAN BAUTISTA,MAYNAS,,0,5,1,0,0,0,0,0,0,0,0,0,0,0,NO
GUILLERMO RENGIFO_SAN JUAN BAUTISTA,GUILLERMO RENGIFO_SAN JUAN BAUTISTA,GUILLERMO RENGIFO,SAN JUAN BAUTISTA,MAYNAS,,0,0,2,0,0,0,0,0,0,0,0,0,0,0,NO
HABANA_SAN JUAN BAUTISTA,HABANA_SAN JUAN BAUTISTA,HABANA,SAN JUAN BAUTISTA,MAYNAS,193,75,15,14,20,4,1,0,388.6,77.72,72.54,103.63,20.73,5.18,0,NO
HEROES DEL CENEPA_SAN JUAN BAUTISTA,HEROES DEL CENEPA_SAN JUAN BAUTISTA,HEROES DEL CENEPA,SAN JUAN BAUTISTA,MAYNAS,,0,1,0,0,0,1,1,0,0,0,0,0,0,0,NO
EL HUAMBE_SAN JUAN BAUTISTA,EL HUAMBE_SAN JUAN BAUTISTA,EL HUAMBE,SAN JUAN BAUTISTA,MAYNAS,172,11,7,29,15,3,2,0,63.95,40.7,168.6,87.21,17.44,11.63,0,NO
HUATURI_IQUITOS,HUATURI_IQUITOS,HUATURI,IQUITOS,MAYNAS,,18,14,144,15,0,22,4,0,0,0,0,0,0,0,NO
INKA MANKO KALI_SAN JUAN BAUTISTA,INKA MANKO KALI_SAN JUAN BAUTISTA,INKA MANKO KALI,SAN JUAN BAUTISTA,MAYNAS,,0,1,1,8,0,0,0,0,0,0,0,0,0,0,NO
INCA ROCA_SAN JUAN BAUTISTA,INCA ROCA_SAN JUAN BAUTISTA,INCA ROCA,SAN JUAN BAUTISTA,MAYNAS,,0,4,10,8,0,0,1,0,0,0,0,0,0,0,NO
IQUITOS_IQUITOS,IQUITOS_IQUITOS,IQUITOS,IQUITOS,MAYNAS,,0,0,1,0,0,0,0,0,0,0,0,0,0,0,NO
JESSICA INCHAUSTEGUI_SAN JUAN BAUTISTA,JESSICA INCHAUSTEGUI_SAN JUAN BAUTISTA,JESSICA INCHAUSTEGUI,SAN JUAN BAUTISTA,MAYNAS,,0,1,0,1,0,0,0,0,0,0,0,0,0,0,NO
JESUS DE NAZARETH_SAN JUAN BAUTISTA,JESUS DE NAZARETH_SAN JUAN BAUTISTA,JESUS DE NAZARETH,SAN JUAN BAUTISTA,MAYNAS,,0,0,0,1,0,0,0,0,0,0,0,0,0,0,NO
JUAN PEÑAHERRERA_SAN JUAN BAUTISTA,JUAN PEÑAHERRERA_SAN JUAN BAUTISTA,JUAN PEÑAHERRERA,SAN JUAN BAUTISTA,MAYNAS,,5,1,2,1,0,0,0,0,0,0,0,0,0,0,NO
VILLA BUEN PASTOR_SAN JUAN BAUTISTA,VILLA BUEN PASTOR_SAN JUAN BAUTISTA,VILLA BUEN PASTOR,SAN JUAN BAUTISTA,MAYNAS,,138,75,288,170,77,95,22,0,0,0,0,0,0,0,NO
VILLA BUEN PASTOR_SAN JUAN BAUTISTA,VILLA BUEN PASTOR_SAN JUAN BAUTISTA,VILLA BUEN PASTOR,SAN JUAN BAUTISTA,MAYNAS,,3,0,0,1,0,0,0,0,0,0,0,0,0,0,NO
LAS AZUCENAS_SAN JUAN BAUTISTA,LAS AZUCENAS_SAN JUAN BAUTISTA,LAS AZUCENAS,SAN JUAN BAUTISTA,MAYNAS,,2,3,2,0,0,2,0,0,0,0,0,0,0,0,NO
LAS CAMELIAS_SAN JUAN BAUTISTA,LAS CAMELIAS_SAN JUAN BAUTISTA,LAS CAMELIAS,SAN JUAN BAUTISTA,MAYNAS,,0,2,0,2,0,2,0,0,0,0,0,0,0,0,NO
LAS CASTAÑAS_SAN JUAN BAUTISTA,LAS CASTAÑAS_SAN JUAN BAUTISTA,LAS CASTAÑAS,SAN JUAN BAUTISTA,MAYNAS,,0,2,0,0,0,0,0,0,0,0,0,0,0,0,NO
LAS FLORES_SAN JUAN BAUTISTA,LAS FLORES_SAN JUAN BAUTISTA,LAS FLORES,SAN JUAN BAUTISTA,MAYNAS,,3,4,5,2,1,0,1,0,0,0,0,0,0,0,NO
LAS MERCEDES_SAN JUAN BAUTISTA,LAS MERCEDES_SAN JUAN BAUTISTA,LAS MERCEDES,SAN JUAN BAUTISTA,MAYNAS,,0,1,0,1,0,0,0,0,0,0,0,0,0,0,NO
LIBERTAD_SAN JUAN BAUTISTA,#N/A,LIBERTAD,SAN JUAN BAUTISTA,MAYNAS,,0,0,1,0,0,0,1,0,0,0,0,0,0,0,NO
LOBOYACU_IQUITOS,LOBOYACU_IQUITOS,LOBOYACU,IQUITOS,MAYNAS,,106,96,44,25,1,22,4,0,0,0,0,0,0,0,NO
LOS CEDROS_SAN JUAN BAUTISTA,LOS CEDROS_SAN JUAN BAUTISTA,LOS CEDROS,SAN JUAN BAUTISTA,MAYNAS,9,7,3,0,1,2,2,0,777.78,333.33,0,111.11,222.22,222.22,0,NO
LOS CLAVELES_SAN JUAN BAUTISTA,LOS CLAVELES_SAN JUAN BAUTISTA,LOS CLAVELES,SAN JUAN BAUTISTA,MAYNAS,,1,1,2,1,0,1,0,0,0,0,0,0,0,0,NO
LOS LIRIOS_SAN JUAN BAUTISTA,LOS LIRIOS_SAN JUAN BAUTISTA,LOS LIRIOS,SAN JUAN BAUTISTA,MAYNAS,,0,1,2,0,0,2,0,0,0,0,0,0,0,0,NO
MADRE TERESA DE CALCUTA_SAN JUAN BAUTISTA,MADRE TERESA DE CALCUTA_SAN JUAN BAUTISTA,MADRE TERESA DE CALCUTA,SAN JUAN BAUTISTA,MAYNAS,,0,0,0,1,0,0,0,0,0,0,0,0,0,0,NO
MAPOCOCHA_SAN JUAN BAUTISTA,MAPOCOCHA_SAN JUAN BAUTISTA,MAPOCOCHA,SAN JUAN BAUTISTA,MAYNAS,,50,97,46,2,1,1,0,0,0,0,0,0,0,0,NO
MELITON CARBAJAL_SAN JUAN BAUTISTA,MELITON CARBAJAL_SAN JUAN BAUTISTA,MELITON CARBAJAL,SAN JUAN BAUTISTA,MAYNAS,92,28,4,42,32,6,2,0,304.35,43.48,456.52,347.83,65.22,21.74,0,NO
MERCEDES_SAN JUAN BAUTISTA,MERCEDES_SAN JUAN BAUTISTA,MERCEDES,SAN JUAN BAUTISTA,MAYNAS,,2,2,5,19,0,1,0,0,0,0,0,0,0,0,NO
NUEVA ESPERANZA_SAN JUAN BAUTISTA,NUEVA ESPERANZA_SAN JUAN BAUTISTA,NUEVA ESPERANZA,SAN JUAN BAUTISTA,MAYNAS,59,7,8,15,7,11,1,0,118.64,135.59,254.24,118.64,186.44,16.95,0,NO
NUEVA JERUSALEN_SAN JUAN BAUTISTA,NUEVA JERUSALEN_SAN JUAN BAUTISTA,NUEVA JERUSALEN,SAN JUAN BAUTISTA,MAYNAS,,0,4,4,10,0,1,0,0,0,0,0,0,0,0,NO
NUEVA SANTA ELOISA_SAN JUAN BAUTISTA,NUEVA SANTA ELOISA_SAN JUAN BAUTISTA,NUEVA SANTA ELOISA,SAN JUAN BAUTISTA,MAYNAS,,6,11,2,1,0,1,0,0,0,0,0,0,0,0,NO
NUEVA VIDA_SAN JUAN BAUTISTA,NUEVA VIDA_SAN JUAN BAUTISTA,NUEVA VIDA,SAN JUAN BAUTISTA,MAYNAS,57,1,2,0,0,0,0,0,17.54,35.09,0,0,0,0,0,NO
VILLA BELEN_SAN JUAN BAUTISTA,VILLA BELEN_SAN JUAN BAUTISTA,VILLA BELEN,SAN JUAN BAUTISTA,MAYNAS,60,2,1,1,0,0,0,0,33.33,16.67,16.67,0,0,0,0,NO
VILLA BELEN_SAN JUAN BAUTISTA,VILLA BELEN_SAN JUAN BAUTISTA,VILLA BELEN,SAN JUAN BAUTISTA,MAYNAS,,11,3,26,34,5,17,0,0,0,0,0,0,0,0,NO
NUEVO HORIZONTE_SAN JUAN BAUTISTA,NUEVO HORIZONTE_SAN JUAN BAUTISTA,NUEVO HORIZONTE,SAN JUAN BAUTISTA,MAYNAS,316,45,29,54,41,27,1,0,142.41,91.77,170.89,129.75,85.44,3.16,0,NO
NUEVO MIRAFLORES_SAN JUAN BAUTISTA,NUEVO MIRAFLORES_SAN JUAN BAUTISTA,NUEVO MIRAFLORES,SAN JUAN BAUTISTA,MAYNAS,81,30,5,6,6,0,0,0,370.37,61.73,74.07,74.07,0,0,0,NO
NUEVO SAN JUAN_SAN JUAN BAUTISTA,NUEVO SAN JUAN_SAN JUAN BAUTISTA,NUEVO SAN JUAN,SAN JUAN BAUTISTA,MAYNAS,143,7,0,7,2,3,3,0,48.95,0,48.95,13.99,20.98,20.98,0,NO
NUEVO SAN LORENZO_SAN JUAN BAUTISTA,NUEVO SAN LORENZO_SAN JUAN BAUTISTA,NUEVO SAN LORENZO,SAN JUAN BAUTISTA,MAYNAS,,0,1,0,0,0,0,0,0,0,0,0,0,0,0,NO
NUEVO SAN MARTIN_SAN JUAN BAUTISTA,NUEVO SAN MARTIN_SAN JUAN BAUTISTA,NUEVO SAN MARTIN,SAN JUAN BAUTISTA,MAYNAS,26,27,6,8,2,1,0,0,1038.46,230.77,307.69,76.92,38.46,0,0,NO
NUEVO TIWINSA_SAN JUAN BAUTISTA,NUEVO TIWINSA_SAN JUAN BAUTISTA,NUEVO TIWINSA,SAN JUAN BAUTISTA,MAYNAS,,2,2,8,7,1,1,0,0,0,0,0,0,0,0,NO
NUEVO TRIUNFO_SAN JUAN BAUTISTA,NUEVO TRIUNFO_SAN JUAN BAUTISTA,NUEVO TRIUNFO,SAN JUAN BAUTISTA,MAYNAS,31,5,3,5,10,2,0,0,161.29,96.77,161.29,322.58,64.52,0,0,NO
OTORONGO_SAN JUAN BAUTISTA,OTORONGO_SAN JUAN BAUTISTA,OTORONGO,SAN JUAN BAUTISTA,MAYNAS,,12,3,0,2,1,3,1,0,0,0,0,0,0,0,NO
PACAYA Y SAMIRIA_SAN JUAN BAUTISTA,PACAYA Y SAMIRIA_SAN JUAN BAUTISTA,PACAYA Y SAMIRIA,SAN JUAN BAUTISTA,MAYNAS,,1,1,0,1,0,1,0,0,0,0,0,0,0,0,NO
PALMERAS_SAN JUAN BAUTISTA,PALMERAS_SAN JUAN BAUTISTA,PALMERAS,SAN JUAN BAUTISTA,MAYNAS,,0,9,2,6,0,1,0,0,0,0,0,0,0,0,NO
PAUJIL I ZONA_SAN JUAN BAUTISTA,PAUJIL I ZONA_SAN JUAN BAUTISTA,PAUJIL I ZONA,SAN JUAN BAUTISTA,MAYNAS,,0,1,1,0,1,1,1,0,0,0,0,0,0,0,NO
PAUJIL I ZONA_SAN JUAN BAUTISTA,PAUJIL I ZONA_SAN JUAN BAUTISTA,PAUJIL I ZONA,SAN JUAN BAUTISTA,MAYNAS,108,17,13,50,24,33,5,0,157.41,120.37,462.96,222.22,305.56,46.3,0,NO
PEÑA BLANCA_BELEN,PEÑA BLANCA_BELEN,PEÑA BLANCA,BELEN,MAYNAS,,2,0,0,0,0,0,0,0,0,0,0,0,0,0,NO
POMA ROSA_SAN JUAN BAUTISTA,POMA ROSA_SAN JUAN BAUTISTA,POMA ROSA,SAN JUAN BAUTISTA,MAYNAS,,4,0,0,0,0,1,0,0,0,0,0,0,0,0,NO
PRIMAVERA_SAN JUAN BAUTISTA,PRIMAVERA_SAN JUAN BAUTISTA,PRIMAVERA,SAN JUAN BAUTISTA,MAYNAS,,2,11,7,1,0,1,2,0,0,0,0,0,0,0,NO
PROL. AZUCENAS_SAN JUAN BAUTISTA,PROL. AZUCENAS_SAN JUAN BAUTISTA,PROL. AZUCENAS,SAN JUAN BAUTISTA,MAYNAS,,0,0,1,1,0,0,0,0,0,0,0,0,0,0,NO
PROLONGACION MOORE_SAN JUAN BAUTISTA,PROLONGACION MOORE_SAN JUAN BAUTISTA,PROLONGACION MOORE,SAN JUAN BAUTISTA,MAYNAS,,0,0,0,1,0,0,0,0,0,0,0,0,0,0,NO
PUCALIRCO_SAN JUAN BAUTISTA,PUCALIRCO_SAN JUAN BAUTISTA,PUCALIRCO,SAN JUAN BAUTISTA,MAYNAS,,0,1,3,0,0,0,0,0,0,0,0,0,0,0,NO
PUCAYACU_SAN JUAN BAUTISTA,PUCAYACU_SAN JUAN BAUTISTA,PUCAYACU,SAN JUAN BAUTISTA,MAYNAS,,9,10,3,3,1,2,1,0,0,0,0,0,0,0,NO
PUERTO ALMENDRA_SAN JUAN BAUTISTA,PUERTO ALMENDRA_SAN JUAN BAUTISTA,PUERTO ALMENDRA,SAN JUAN BAUTISTA,MAYNAS,,29,38,180,148,20,78,32,0,0,0,0,0,0,0,NO
ROSALES_SAN JUAN BAUTISTA,ROSALES_SAN JUAN BAUTISTA,ROSALES,SAN JUAN BAUTISTA,MAYNAS,,3,79,24,17,3,8,1,0,0,0,0,0,0,0,NO
SACHAMAMA_SAN JUAN BAUTISTA,SACHAMAMA_SAN JUAN BAUTISTA,SACHAMAMA,SAN JUAN BAUTISTA,MAYNAS,,0,0,0,1,2,1,0,0,0,0,0,0,0,0,NO
SAN ANDRES_SAN JUAN BAUTISTA,SAN ANDRES_SAN JUAN BAUTISTA,SAN ANDRES,SAN JUAN BAUTISTA,MAYNAS,,0,1,1,0,0,0,0,0,0,0,0,0,0,0,NO
SAN ANTONIO_SAN JUAN BAUTISTA,SAN ANTONIO_SAN JUAN BAUTISTA,SAN ANTONIO,SAN JUAN BAUTISTA,MAYNAS,158,22,18,5,15,2,2,0,139.24,113.92,31.65,94.94,12.66,12.66,0,NO
SAN JOSE_SAN JUAN BAUTISTA,SAN JOSE_SAN JUAN BAUTISTA,SAN JOSE,SAN JUAN BAUTISTA,MAYNAS,111,12,4,29,20,9,0,0,108.11,36.04,261.26,180.18,81.08,0,0,NO
SAN JUAN BAUTISTA_SAN JUAN BAUTISTA,#N/A,SAN JUAN BAUTISTA,SAN JUAN BAUTISTA,MAYNAS,,0,2,0,0,0,0,1,0,0,0,0,0,0,0,NO
SAN JUAN BAUTISTA_SAN JUAN BAUTISTA,#N/A,SAN JUAN BAUTISTA,SAN JUAN BAUTISTA,MAYNAS,,220,823,528,469,213,194,45,0,0,0,0,0,0,0,NO
SAN JULIAN_SAN JUAN BAUTISTA,SAN JULIAN_SAN JUAN BAUTISTA,SAN JULIAN,SAN JUAN BAUTISTA,MAYNAS,,3,0,1,0,1,0,0,0,0,0,0,0,0,0,NO
SAN LORENZO_SAN JUAN BAUTISTA,SAN LORENZO_SAN JUAN BAUTISTA,SAN LORENZO,SAN JUAN BAUTISTA,MAYNAS,,0,5,1,0,0,0,0,0,0,0,0,0,0,0,NO
SAN MARTIN DE TIPISHCA_SAN JUAN BAUTISTA,SAN MARTIN DE TIPISHCA_SAN JUAN BAUTISTA,SAN MARTIN DE TIPISHCA,SAN JUAN BAUTISTA,MAYNAS,,4,32,33,1,4,5,3,0,0,0,0,0,0,0,NO
SAN PABLO LUZ_SAN JUAN BAUTISTA,SAN PABLO LUZ_SAN JUAN BAUTISTA,SAN PABLO LUZ,SAN JUAN BAUTISTA,MAYNAS,,4,18,22,43,4,5,1,0,0,0,0,0,0,0,NO
SAN PEDRO_SAN JUAN BAUTISTA,SAN PEDRO_SAN JUAN BAUTISTA,SAN PEDRO,SAN JUAN BAUTISTA,MAYNAS,41,6,7,4,8,0,2,0,146.34,170.73,97.56,195.12,0,48.78,0,NO
SAN PEDRO DE PINTUYACU_SAN JUAN BAUTISTA,SAN PEDRO DE PINTUYACU_SAN JUAN BAUTISTA,SAN PEDRO DE PINTUYACU,SAN JUAN BAUTISTA,MAYNAS,,3,3,3,0,1,0,0,0,0,0,0,0,0,0,NO
SAN PEDRO DE PINTUYACU_SAN JUAN BAUTISTA,SAN PEDRO DE PINTUYACU_SAN JUAN BAUTISTA,SAN PEDRO DE PINTUYACU,SAN JUAN BAUTISTA,MAYNAS,,7,6,14,4,7,4,0,0,0,0,0,0,0,0,NO
SAN ROQUE_SAN JUAN BAUTISTA,SAN ROQUE_SAN JUAN BAUTISTA,SAN ROQUE,SAN JUAN BAUTISTA,MAYNAS,,1,2,1,2,1,0,0,0,0,0,0,0,0,0,NO
SANTA BARBARA_SAN JUAN BAUTISTA,SANTA BARBARA_SAN JUAN BAUTISTA,SANTA BARBARA,SAN JUAN BAUTISTA,MAYNAS,67,3,2,0,1,0,0,0,44.78,29.85,0,14.93,0,0,0,NO
SANTA MARTHA_SAN JUAN BAUTISTA,SANTA MARTHA_SAN JUAN BAUTISTA,SANTA MARTHA,SAN JUAN BAUTISTA,MAYNAS,46,2,4,1,0,0,0,0,43.48,86.96,21.74,0,0,0,0,NO
SANTA ROSA_SAN JUAN BAUTISTA,SANTA ROSA_SAN JUAN BAUTISTA,SANTA ROSA,SAN JUAN BAUTISTA,MAYNAS,,6,8,9,6,0,2,0,0,0,0,0,0,0,0,NO
SANTA SOFIA_SAN JUAN BAUTISTA,SANTA SOFIA_SAN JUAN BAUTISTA,SANTA SOFIA,SAN JUAN BAUTISTA,MAYNAS,,37,34,48,23,0,32,3,0,0,0,0,0,0,0,NO
SECADA VIGNETA_SAN JUAN BAUTISTA,SECADA VIGNETA_SAN JUAN BAUTISTA,SECADA VIGNETA,SAN JUAN BAUTISTA,MAYNAS,,6,12,3,3,0,2,1,0,0,0,0,0,0,0,NO
SHUSHUNA_SAN JUAN BAUTISTA,SHUSHUNA_SAN JUAN BAUTISTA,SHUSHUNA,SAN JUAN BAUTISTA,MAYNAS,0,30,34,13,6,0,3,0,0,0,0,0,0,0,0,NO
SIMON BOLIVAR_SAN JUAN BAUTISTA,SIMON BOLIVAR_SAN JUAN BAUTISTA,SIMON BOLIVAR,SAN JUAN BAUTISTA,MAYNAS,,19,93,41,41,4,7,1,0,0,0,0,0,0,0,NO
SOLEDAD_SAN JUAN BAUTISTA,SOLEDAD_SAN JUAN BAUTISTA,SOLEDAD,SAN JUAN BAUTISTA,MAYNAS,117,19,19,6,2,0,0,0,162.39,162.39,51.28,17.09,0,0,0,NO
TARAPOTO_IQUITOS,TARAPOTO_IQUITOS,TARAPOTO,IQUITOS,MAYNAS,,10,4,0,3,4,48,18,0,0,0,0,0,0,0,NO
TOPACIOS_SAN JUAN BAUTISTA,TOPACIOS_SAN JUAN BAUTISTA,TOPACIOS,SAN JUAN BAUTISTA,MAYNAS,,0,2,0,0,0,0,0,0,0,0,0,0,0,0,NO
TRES UNIDOS_IQUITOS,TRES UNIDOS_IQUITOS,TRES UNIDOS,IQUITOS,MAYNAS,,14,44,73,58,0,7,4,0,0,0,0,0,0,0,NO
VARADERO DE OMAGUAS_SAN JUAN BAUTISTA,VARADERO DE OMAGUAS_SAN JUAN BAUTISTA,VARADERO DE OMAGUAS,SAN JUAN BAUTISTA,MAYNAS,44,3,0,1,0,1,0,0,68.18,0,22.73,0,22.73,0,0,NO
VICTORIA REGIA_SAN JUAN BAUTISTA,VICTORIA REGIA_SAN JUAN BAUTISTA,VICTORIA REGIA,SAN JUAN BAUTISTA,MAYNAS,,0,0,1,0,0,0,0,0,0,0,0,0,0,0,NO
VILLA DISNARDA_SAN JUAN BAUTISTA,VILLA DISNARDA_SAN JUAN BAUTISTA,VILLA DISNARDA,SAN JUAN BAUTISTA,MAYNAS,,3,12,5,10,1,0,0,0,0,0,0,0,0,0,NO
VILLA LUZ_SAN JUAN BAUTISTA,VILLA LUZ_SAN JUAN BAUTISTA,VILLA LUZ,SAN JUAN BAUTISTA,MAYNAS,,0,7,4,4,1,4,2,0,0,0,0,0,0,0,NO
VILLA SELVA_SAN JUAN BAUTISTA,VILLA SELVA_SAN JUAN BAUTISTA,VILLA SELVA,SAN JUAN BAUTISTA,MAYNAS,,0,13,3,2,0,1,0,0,0,0,0,0,0,0,NO
VILLA VICTORIA_SAN JUAN BAUTISTA,VILLA VICTORIA_SAN JUAN BAUTISTA,VILLA VICTORIA,SAN JUAN BAUTISTA,MAYNAS,,0,3,0,0,0,0,0,0,0,0,0,0,0,0,NO
VIOLETAS_SAN JUAN BAUTISTA,VIOLETAS_SAN JUAN BAUTISTA,VIOLETAS,SAN JUAN BAUTISTA,MAYNAS,,0,4,1,6,0,1,0,0,0,0,0,0,0,0,NO
VIRGEN LOURDES_SAN JUAN BAUTISTA,VIRGEN LOURDES_SAN JUAN BAUTISTA,VIRGEN LOURDES,SAN JUAN BAUTISTA,MAYNAS,,0,1,1,0,0,0,0,0,0,0,0,0,0,0,NO
SAN JUAN BAUTISTA_SAN JUAN BAUTISTA,SAN JUAN DE YUTO,SAN JUAN BAUTISTA,SAN JUAN BAUTISTA,MAYNAS,25,7,7,12,3,3,2,0,280,280,480,120,120,80,0,NO
EX PETROLEROS II ZONA_SAN JUAN BAUTISTA,EX PETROLEROS II ZONA_SAN JUAN BAUTISTA,EX PETROLEROS II ZONA,SAN JUAN BAUTISTA,MAYNAS,,0,6,5,0,1,2,0,0,0,0,0,0,0,0,NO
MONTERRICO ANGOTEROS_TORRES CAUSANA,MONTERRICO ANGOTEROS_TORRES CAUSANA,MONTERRICO ANGOTEROS,TORRES CAUSANA,MAYNAS,742,1,56,172,25,13,28,0,1.35,75.47,231.81,33.69,17.52,37.74,0,NO
HUMANDI_TORRES CAUSANA,HUMANDI_TORRES CAUSANA,HUMANDI,TORRES CAUSANA,MAYNAS,142,0,5,12,2,0,1,0,0,35.21,84.51,14.08,0,7.04,0,NO
CEDRO ISLA_TORRES CAUSANA,CEDRO ISLA_TORRES CAUSANA,CEDRO ISLA,TORRES CAUSANA,MAYNAS,61,0,0,4,0,0,0,0,0,0,65.57,0,0,0,0,NO
CEDRO ISLA_TORRES CAUSANA,CEDRO ISLA_TORRES CAUSANA,CEDRO ISLA,TORRES CAUSANA,MAYNAS,56,0,0,0,11,5,7,0,0,0,0,196.43,89.29,125,0,NO
CHINGANA_TORRES CAUSANA,CHINGANA_TORRES CAUSANA,CHINGANA,TORRES CAUSANA,MAYNAS,103,0,8,15,8,21,3,0,0,77.67,145.63,77.67,203.88,29.13,0,NO
DOS FRONTERAS_TORRES CAUSANA,DOS FRONTERAS_TORRES CAUSANA,DOS FRONTERAS,TORRES CAUSANA,MAYNAS,59,0,0,3,0,0,0,0,0,0,50.85,0,0,0,0,NO
ESTIRON DE SANTA MARIA_TORRES CAUSANA,ESTIRON DE SANTA MARIA_TORRES CAUSANA,ESTIRON DE SANTA MARIA,TORRES CAUSANA,MAYNAS,45,1,14,44,41,82,106,0,22.22,311.11,977.78,911.11,1822.22,2355.56,0,NO
HUMANDI_TORRES CAUSANA,HUMANDI_TORRES CAUSANA,HUMANDI,TORRES CAUSANA,MAYNAS,250,0,48,119,75,118,67,0,0,192,476,300,472,268,0,NO
PANTOJA_TORRES CAUSANA,#N/A,PANTOJA,TORRES CAUSANA,MAYNAS,331,4,2,15,65,43,37,0,12.08,6.04,45.32,196.37,129.91,111.78,0,NO
PINTUYACU_TORRES CAUSANA,PINTUYACU_TORRES CAUSANA,PINTUYACU,TORRES CAUSANA,MAYNAS,58,0,1,1,0,0,1,0,0,17.24,17.24,0,0,17.24,0,NO
PUERTO ESTRELLA_TORRES CAUSANA,PUERTO ESTRELLA_TORRES CAUSANA,PUERTO ESTRELLA,TORRES CAUSANA,MAYNAS,53,0,0,0,3,1,1,0,0,0,0,56.6,18.87,18.87,0,NO
SAN JUAN DE MIRAFLORES_TORRES CAUSANA,SAN JUAN DE MIRAFLORES_TORRES CAUSANA,SAN JUAN DE MIRAFLORES,TORRES CAUSANA,MAYNAS,71,1,0,2,3,14,8,0,14.08,0,28.17,42.25,197.18,112.68,0,NO
SEGUNDO SAN JUAN_TORRES CAUSANA,SEGUNDO SAN JUAN_TORRES CAUSANA,SEGUNDO SAN JUAN,TORRES CAUSANA,MAYNAS,18,0,0,1,0,0,0,0,0,0,55.56,0,0,0,0,NO
TORRES CAUSANA_TORRES CAUSANA,TORRES CAUSANA_TORRES CAUSANA,TORRES CAUSANA,TORRES CAUSANA,MAYNAS,235,0,0,14,0,0,0,0,0,0,59.57,0,0,0,0,NO
TUPAC AMARU_TORRES CAUSANA,TUPAC AMARU_TORRES CAUSANA,TUPAC AMARU,TORRES CAUSANA,MAYNAS,90,0,1,11,7,5,6,0,0,11.11,122.22,77.78,55.56,66.67,0,NO
YARINA LLACTA_TORRES CAUSANA,YARINA LLACTA_TORRES CAUSANA,YARINA LLACTA,TORRES CAUSANA,MAYNAS,198,0,14,77,9,44,25,0,0,70.71,388.89,45.45,222.22,126.26,0,NO
7 DE MAYO_PUTUMAYO,7 DE MAYO_PUTUMAYO,7 DE MAYO,PUTUMAYO,PUTUMAYO,30,0,0,0,2,0,0,0,0,0,0,66.67,0,0,0,NO
8 DE DICIEMBRE_PUTUMAYO,8 DE DICIEMBRE_PUTUMAYO,8 DE DICIEMBRE,PUTUMAYO,PUTUMAYO,33,0,0,0,0,0,1,0,0,0,0,0,0,30.3,0,NO
BAGAZAN_PUTUMAYO,BAGAZAN_PUTUMAYO,BAGAZAN,PUTUMAYO,PUTUMAYO,30,0,0,2,1,0,0,0,0,0,66.67,33.33,0,0,0,NO
BELLAVISTA_PUTUMAYO,BELLAVISTA_PUTUMAYO,BELLAVISTA,PUTUMAYO,PUTUMAYO,,0,0,12,0,0,0,0,0,0,0,0,0,0,0,NO
BETANIA_PUTUMAYO,BETANIA_PUTUMAYO,BETANIA,PUTUMAYO,PUTUMAYO,,0,0,11,0,0,0,0,0,0,0,0,0,0,0,NO
BOBONA_PUTUMAYO,BOBONA_PUTUMAYO,BOBONA,PUTUMAYO,PUTUMAYO,16,0,0,0,1,0,3,0,0,0,0,62.5,0,187.5,0,NO
ESPERANZA_PUTUMAYO,ESPERANZA_PUTUMAYO,ESPERANZA,PUTUMAYO,PUTUMAYO,68,0,0,16,3,2,5,0,0,0,235.29,44.12,29.41,73.53,0,NO
FLOR DE AGOSTO_PUTUMAYO,FLOR DE AGOSTO_PUTUMAYO,FLOR DE AGOSTO,PUTUMAYO,PUTUMAYO,60,0,0,5,1,0,2,0,0,0,83.33,16.67,0,33.33,0,NO
FUNDO JONAS HUAYANAY_PUTUMAYO,FUNDO JONAS HUAYANAY_PUTUMAYO,FUNDO JONAS HUAYANAY,PUTUMAYO,PUTUMAYO,,0,0,4,0,0,0,0,0,0,0,0,0,0,0,NO
GUEPPI_PUTUMAYO,GUEPPI_PUTUMAYO,GUEPPI,PUTUMAYO,PUTUMAYO,,0,0,2,0,0,2,0,0,0,0,0,0,0,0,NO
LA FLORIDA_PUTUMAYO,LA FLORIDA_PUTUMAYO,LA FLORIDA,PUTUMAYO,PUTUMAYO,37,0,0,9,1,3,5,0,0,0,243.24,27.03,81.08,135.14,0,NO
MASHUNTA - PERTENECE A TENIENTE MANUEL CLAVERO_PUTUMAYO,#N/A,MASHUNTA - PERTENECE A TENIENTE MANUEL CLAVERO,PUTUMAYO,PUTUMAYO,,0,0,2,0,0,0,0,0,0,0,0,0,0,0,NO
MIRAFLORES_PUTUMAYO,MIRAFLORES_PUTUMAYO,MIRAFLORES,PUTUMAYO,PUTUMAYO,16,0,0,0,0,4,0,0,0,0,0,0,250,0,0,NO
NUEVO PERU_PUTUMAYO,NUEVO PERU_PUTUMAYO,NUEVO PERU,PUTUMAYO,PUTUMAYO,68,0,0,1,0,1,0,0,0,0,14.71,0,14.71,0,0,NO
NUEVO PORVENIR_PUTUMAYO,NUEVO PORVENIR_PUTUMAYO,NUEVO PORVENIR,PUTUMAYO,PUTUMAYO,64,0,0,1,0,1,0,0,0,0,15.63,0,15.63,0,0,NO
NUEVO PROGRESO_PUTUMAYO,NUEVO PROGRESO_PUTUMAYO,NUEVO PROGRESO,PUTUMAYO,PUTUMAYO,9,0,0,0,1,0,0,0,0,0,0,111.11,0,0,0,NO
NUEVO YUBINETO_PUTUMAYO,NUEVO YUBINETO_PUTUMAYO,NUEVO YUBINETO,PUTUMAYO,PUTUMAYO,,0,0,1,0,0,1,0,0,0,0,0,0,0,0,NO
PALMERAS_PUTUMAYO,#N/A,PALMERAS,PUTUMAYO,PUTUMAYO,,0,0,0,0,1,0,0,0,0,0,0,0,0,0,NO
PRIMAVERA_PUTUMAYO,PRIMAVERA_PUTUMAYO,PRIMAVERA,PUTUMAYO,PUTUMAYO,,0,0,11,0,0,0,0,0,0,0,0,0,0,0,NO
PUERTO ACHIN_PUTUMAYO,PUERTO ACHIN_PUTUMAYO,PUERTO ACHIN,PUTUMAYO,PUTUMAYO,,0,0,0,0,0,1,0,0,0,0,0,0,0,0,NO
PUERTO ALEGRE_PUTUMAYO,PUERTO ALEGRE_PUTUMAYO,PUERTO ALEGRE,PUTUMAYO,PUTUMAYO,,0,0,0,0,1,0,0,0,0,0,0,0,0,0,NO
PUERTO AURORA_PUTUMAYO,PUERTO AURORA_PUTUMAYO,PUERTO AURORA,PUTUMAYO,PUTUMAYO,46,0,0,7,0,2,2,0,0,0,152.17,0,43.48,43.48,0,NO
PUERTO ELVIRA_PUTUMAYO,PUERTO ELVIRA_PUTUMAYO,PUERTO ELVIRA,PUTUMAYO,PUTUMAYO,21,0,0,1,0,0,0,0,0,0,47.62,0,0,0,0,NO
PUERTO LIMON_PUTUMAYO,PUERTO LIMON_PUTUMAYO,PUERTO LIMON,PUTUMAYO,PUTUMAYO,,0,0,1,0,0,0,0,0,0,0,0,0,0,0,NO
PUERTO MILAGROS_PUTUMAYO,PUERTO MILAGROS_PUTUMAYO,PUERTO MILAGROS,PUTUMAYO,PUTUMAYO,39,0,0,3,0,1,2,0,0,0,76.92,0,25.64,51.28,0,NO
PUERTO NUEVO_PUTUMAYO,PUERTO NUEVO_PUTUMAYO,PUERTO NUEVO,PUTUMAYO,PUTUMAYO,,0,0,11,0,0,0,0,0,0,0,0,0,0,0,NO
PUERTO PALMO_PUTUMAYO,PUERTO PALMO_PUTUMAYO,PUERTO PALMO,PUTUMAYO,PUTUMAYO,,0,0,0,0,1,0,0,0,0,0,0,0,0,0,NO
PUERTO VELIZ_PUTUMAYO,PUERTO VELIZ_PUTUMAYO,PUERTO VELIZ,PUTUMAYO,PUTUMAYO,,0,0,1,0,0,0,0,0,0,0,0,0,0,0,NO
PUTUMAYO_PUTUMAYO,#N/A,PUTUMAYO,PUTUMAYO,PUTUMAYO,,0,0,15,6,3,2,0,0,0,0,0,0,0,0,NO
ROCA FUERTE_PUTUMAYO,ROCA FUERTE_PUTUMAYO,ROCA FUERTE,PUTUMAYO,PUTUMAYO,69,0,0,0,2,0,1,0,0,0,0,28.99,0,14.49,0,NO
SAN ANTONIO DEL ESTRECHO_PUTUMAYO,SAN ANTONIO DEL ESTRECHO_PUTUMAYO,SAN ANTONIO DEL ESTRECHO,PUTUMAYO,PUTUMAYO,3511,0,0,450,249,270,31,20,0,0,128.17,70.92,76.9,8.83,5.7,NO
SAN JUAN_PUTUMAYO,SAN JUAN_PUTUMAYO,SAN JUAN,PUTUMAYO,PUTUMAYO,,0,0,2,0,0,0,0,0,0,0,0,0,0,0,NO
SAN PABLO DE TOTOYA_PUTUMAYO,SAN PABLO DE TOTOYA_PUTUMAYO,SAN PABLO DE TOTOYA,PUTUMAYO,PUTUMAYO,,0,0,0,0,2,0,0,0,0,0,0,0,0,0,NO
SAN PEDRO_PUTUMAYO,SAN PEDRO_PUTUMAYO,SAN PEDRO,PUTUMAYO,PUTUMAYO,42,0,0,3,0,3,5,0,0,0,71.43,0,71.43,119.05,0,NO
SAN PEDRO DE TOTOYA_PUTUMAYO,#N/A,SAN PEDRO DE TOTOYA,PUTUMAYO,PUTUMAYO,18,0,0,1,0,2,0,0,0,0,55.56,0,111.11,0,0,NO
SANTA LUCIA_PUTUMAYO,SANTA LUCIA_PUTUMAYO,SANTA LUCIA,PUTUMAYO,PUTUMAYO,27,0,0,0,1,0,0,0,0,0,0,37.04,0,0,0,NO
SANTA MERCEDES_PUTUMAYO,SANTA MERCEDES_PUTUMAYO,SANTA MERCEDES,PUTUMAYO,PUTUMAYO,,0,0,28,0,0,0,0,0,0,0,0,0,0,0,NO
SANTA ROSA_PUTUMAYO,SANTA ROSA_PUTUMAYO,SANTA ROSA,PUTUMAYO,PUTUMAYO,20,0,0,1,0,0,0,0,0,0,50,0,0,0,0,NO
SANTA ROSA DE CAUCHILLO_PUTUMAYO,SANTA ROSA DE CAUCHILLO_PUTUMAYO,SANTA ROSA DE CAUCHILLO,PUTUMAYO,PUTUMAYO,,0,0,18,0,0,0,0,0,0,0,0,0,0,0,NO
SANTA ROSA DE LAGARTOCOCH_PUTUMAYO,SANTA ROSA DE LAGARTOCOCH_PUTUMAYO,SANTA ROSA DE LAGARTOCOCH,PUTUMAYO,PUTUMAYO,,0,0,0,1,1,0,0,0,0,0,0,0,0,0,NO
SIETE DE AGOSTO_PUTUMAYO,SIETE DE AGOSTO_PUTUMAYO,SIETE DE AGOSTO,PUTUMAYO,PUTUMAYO,30,0,0,4,0,1,0,0,0,0,133.33,0,33.33,0,0,NO
SIETE DE MAYO_PUTUMAYO,SIETE DE MAYO_PUTUMAYO,SIETE DE MAYO,PUTUMAYO,PUTUMAYO,30,0,0,4,0,0,0,0,0,0,133.33,0,0,0,0,NO
SOLEDAD_PUTUMAYO,#N/A,SOLEDAD,PUTUMAYO,PUTUMAYO,,0,0,4,0,0,0,0,0,0,0,0,0,0,0,NO
SOPLIN VARGAS_PUTUMAYO,SOPLIN VARGAS_PUTUMAYO,SOPLIN VARGAS,PUTUMAYO,PUTUMAYO,,0,0,152,0,0,3,0,0,0,0,0,0,0,0,NO
TRES FRONTERAS_PUTUMAYO,TRES FRONTERAS_PUTUMAYO,TRES FRONTERAS,PUTUMAYO,PUTUMAYO,,0,0,12,0,0,0,0,0,0,0,0,0,0,0,NO
URCO COCHA (MIRAÑO)_PUTUMAYO,#N/A,URCO COCHA (MIRAÑO),PUTUMAYO,PUTUMAYO,,0,0,3,0,0,0,0,0,0,0,0,0,0,0,NO
VENECIA_PUTUMAYO,#N/A,VENECIA,PUTUMAYO,PUTUMAYO,,0,0,2,0,0,0,0,0,0,0,0,0,0,0,NO
CAMPUYA_ROSA PANDURO,CAMPUYA_ROSA PANDURO,CAMPUYA,ROSA PANDURO,PUTUMAYO,,0,0,0,0,0,1,0,0,0,0,0,0,0,0,NO
ERE_ROSA PANDURO,ERE_ROSA PANDURO,ERE,ROSA PANDURO,PUTUMAYO,43,0,0,1,0,0,0,0,0,0,23.26,0,0,0,0,NO
ERE_ROSA PANDURO,ERE_ROSA PANDURO,ERE,ROSA PANDURO,PUTUMAYO,43,0,0,0,0,2,0,0,0,0,0,0,46.51,0,0,NO
NUEVO VENECIA_ROSA PANDURO,NUEVO VENECIA_ROSA PANDURO,NUEVO VENECIA,ROSA PANDURO,PUTUMAYO,10,0,0,0,0,0,1,0,0,0,0,0,0,100,0,NO
PUERTO ARTURO_ROSA PANDURO,PUERTO ARTURO_ROSA PANDURO,PUERTO ARTURO,ROSA PANDURO,PUTUMAYO,53,0,0,0,2,1,0,0,0,0,0,37.74,18.87,0,0,NO
PUERTO PERU_ROSA PANDURO,PUERTO PERU_ROSA PANDURO,PUERTO PERU,ROSA PANDURO,PUTUMAYO,,0,0,0,0,0,1,0,0,0,0,0,0,0,0,NO
ROSA PANDURO_ROSA PANDURO,#N/A,ROSA PANDURO,ROSA PANDURO,PUTUMAYO,,0,0,0,1,0,0,0,0,0,0,0,0,0,0,NO
SAN FRANCISCO DE ERE_ROSA PANDURO,SAN FRANCISCO DE ERE_ROSA PANDURO,SAN FRANCISCO DE ERE,ROSA PANDURO,PUTUMAYO,18,0,0,0,2,2,0,0,0,0,0,111.11,111.11,0,0,NO
SAN FRANCISCO DE ERE_ROSA PANDURO,SAN FRANCISCO DE ERE_ROSA PANDURO,SAN FRANCISCO DE ERE,ROSA PANDURO,PUTUMAYO,18,0,0,7,0,0,0,0,0,0,388.89,0,0,0,0,NO
SANTA MERCEDES_ROSA PANDURO,SANTA MERCEDES_ROSA PANDURO,SANTA MERCEDES,ROSA PANDURO,PUTUMAYO,180,0,0,0,125,53,6,0,0,0,0,694.44,294.44,33.33,0,NO
ANGUILLA_TENIENTE MANUEL CLAVERO,ANGUILLA_TENIENTE MANUEL CLAVERO,ANGUILLA,TENIENTE MANUEL CLAVERO,PUTUMAYO,,0,0,0,0,2,1,4,0,0,0,0,0,0,0,NO
BELLAVISTA_TENIENTE MANUEL CLAVERO,BELLAVISTA_TENIENTE MANUEL CLAVERO,BELLAVISTA,TENIENTE MANUEL CLAVERO,PUTUMAYO,175,0,0,0,9,118,66,2,0,0,0,51.43,674.29,377.14,11.43,NO
COLINAS_TENIENTE MANUEL CLAVERO,COLINAS_TENIENTE MANUEL CLAVERO,COLINAS,TENIENTE MANUEL CLAVERO,PUTUMAYO,29,0,0,0,0,0,1,0,0,0,0,0,0,34.48,0,NO
MASHUNTA_TENIENTE MANUEL CLAVERO,MASHUNTA_TENIENTE MANUEL CLAVERO,MASHUNTA,TENIENTE MANUEL CLAVERO,PUTUMAYO,74,0,0,0,3,13,22,0,0,0,0,40.54,175.68,297.3,0,NO
NUEVA ANGUSILLA_TENIENTE MANUEL CLAVERO,NUEVA ANGUSILLA_TENIENTE MANUEL CLAVERO,NUEVA ANGUSILLA,TENIENTE MANUEL CLAVERO,PUTUMAYO,155,0,0,0,8,26,17,4,0,0,0,51.61,167.74,109.68,25.81,NO
NUEVA ANGUSILLA_TENIENTE MANUEL CLAVERO,NUEVA ANGUSILLA_TENIENTE MANUEL CLAVERO,NUEVA ANGUSILLA,TENIENTE MANUEL CLAVERO,PUTUMAYO,128,0,0,7,0,0,0,0,0,0,54.69,0,0,0,0,NO
NUEVA ESPERANZA_TENIENTE MANUEL CLAVERO,NUEVA ESPERANZA_TENIENTE MANUEL CLAVERO,NUEVA ESPERANZA,TENIENTE MANUEL CLAVERO,PUTUMAYO,183,0,0,2,14,20,16,2,0,0,10.93,76.5,109.29,87.43,10.93,NO
NUEVA FLORIDA_TENIENTE MANUEL CLAVERO,NUEVA FLORIDA_TENIENTE MANUEL CLAVERO,NUEVA FLORIDA,TENIENTE MANUEL CLAVERO,PUTUMAYO,40,0,0,0,2,1,0,0,0,0,0,50,25,0,0,NO
NUEVA JERUSALEN_TENIENTE MANUEL CLAVERO,NUEVA JERUSALEN_TENIENTE MANUEL CLAVERO,NUEVA JERUSALEN,TENIENTE MANUEL CLAVERO,PUTUMAYO,52,0,0,0,1,1,0,1,0,0,0,19.23,19.23,0,19.23,NO
NUEVA PENEYA_TENIENTE MANUEL CLAVERO,NUEVA PENEYA_TENIENTE MANUEL CLAVERO,NUEVA PENEYA,TENIENTE MANUEL CLAVERO,PUTUMAYO,,0,0,0,0,0,1,0,0,0,0,0,0,0,0,NO
NUEVO BELEN_TENIENTE MANUEL CLAVERO,NUEVO BELEN_TENIENTE MANUEL CLAVERO,NUEVO BELEN,TENIENTE MANUEL CLAVERO,PUTUMAYO,85,0,0,0,0,11,3,2,0,0,0,0,129.41,35.29,23.53,NO
NUEVO BELEN_TENIENTE MANUEL CLAVERO,NUEVO BELEN_TENIENTE MANUEL CLAVERO,NUEVO BELEN,TENIENTE MANUEL CLAVERO,PUTUMAYO,114,0,0,0,0,15,1,0,0,0,0,0,131.58,8.77,0,NO
NUEVO IPIRANGA_TENIENTE MANUEL CLAVERO,NUEVO IPIRANGA_TENIENTE MANUEL CLAVERO,NUEVO IPIRANGA,TENIENTE MANUEL CLAVERO,PUTUMAYO,62,0,0,0,0,1,4,1,0,0,0,0,16.13,64.52,16.13,NO
PUERTO ARGELIA_TENIENTE MANUEL CLAVERO,PUERTO ARGELIA_TENIENTE MANUEL CLAVERO,PUERTO ARGELIA,TENIENTE MANUEL CLAVERO,PUTUMAYO,37,0,0,0,1,0,2,0,0,0,0,27.03,0,54.05,0,NO
PUERTO ARGELIA_TENIENTE MANUEL CLAVERO,PUERTO ARGELIA_TENIENTE MANUEL CLAVERO,PUERTO ARGELIA,TENIENTE MANUEL CLAVERO,PUTUMAYO,42,0,0,1,0,0,0,0,0,0,23.81,0,0,0,0,NO
PUERTO ESPEJO_TENIENTE MANUEL CLAVERO,#N/A,PUERTO ESPEJO,TENIENTE MANUEL CLAVERO,PUTUMAYO,62,0,0,0,0,0,2,0,0,0,0,0,0,32.26,0,NO
PUERTO LUPITA_TENIENTE MANUEL CLAVERO,PUERTO LUPITA_TENIENTE MANUEL CLAVERO,PUERTO LUPITA,TENIENTE MANUEL CLAVERO,PUTUMAYO,150,0,0,0,0,0,1,0,0,0,0,0,0,6.67,0,NO
PUERTO VELIZ_TENIENTE MANUEL CLAVERO,PUERTO VELIZ_TENIENTE MANUEL CLAVERO,PUERTO VELIZ,TENIENTE MANUEL CLAVERO,PUTUMAYO,40,0,0,0,0,0,1,0,0,0,0,0,0,25,0,NO
SAN BELEN DE YARICAYA_TENIENTE MANUEL CLAVERO,#N/A,SAN BELEN DE YARICAYA,TENIENTE MANUEL CLAVERO,PUTUMAYO,66,0,0,0,0,9,0,0,0,0,0,0,136.36,0,0,NO
SAN MARTIN_TENIENTE MANUEL CLAVERO,SAN MARTIN_TENIENTE MANUEL CLAVERO,SAN MARTIN,TENIENTE MANUEL CLAVERO,PUTUMAYO,19,0,0,0,0,10,1,0,0,0,0,0,526.32,52.63,0,NO
SAN MARTIN DE PORRES_TENIENTE MANUEL CLAVERO,SAN MARTIN DE PORRES_TENIENTE MANUEL CLAVERO,SAN MARTIN DE PORRES,TENIENTE MANUEL CLAVERO,PUTUMAYO,23,0,0,0,1,0,0,0,0,0,0,43.48,0,0,0,NO
SANTA RITA_TENIENTE MANUEL CLAVERO,SANTA RITA_TENIENTE MANUEL CLAVERO,SANTA RITA,TENIENTE MANUEL CLAVERO,PUTUMAYO,36,0,0,0,1,6,2,0,0,0,0,27.78,166.67,55.56,0,NO
SANTA TERESITA_TENIENTE MANUEL CLAVERO,SANTA TERESITA_TENIENTE MANUEL CLAVERO,SANTA TERESITA,TENIENTE MANUEL CLAVERO,PUTUMAYO,82,0,0,0,1,1,1,0,0,0,0,12.2,12.2,12.2,0,NO
SOPLIN VARGAS_TENIENTE MANUEL CLAVERO,SOPLIN VARGAS_TENIENTE MANUEL CLAVERO,SOPLIN VARGAS,TENIENTE MANUEL CLAVERO,PUTUMAYO,506,0,0,1,46,25,36,11,0,0,1.98,90.91,49.41,71.15,21.74,NO
TENIENTE MANUEL CLAVERO_TENIENTE MANUEL CLAVERO,#N/A,TENIENTE MANUEL CLAVERO,TENIENTE MANUEL CLAVERO,PUTUMAYO,,0,0,190,1,0,2,0,0,0,0,0,0,0,0,NO
TRES FRONTERAS_TENIENTE MANUEL CLAVERO,TRES FRONTERAS_TENIENTE MANUEL CLAVERO,TRES FRONTERAS,TENIENTE MANUEL CLAVERO,PUTUMAYO,190,0,0,0,34,30,10,10,0,0,0,178.95,157.89,52.63,52.63,NO
URCO MIRAÑO_TENIENTE MANUEL CLAVERO,#N/A,URCO MIRAÑO,TENIENTE MANUEL CLAVERO,PUTUMAYO,124,0,0,0,2,4,13,0,0,0,0,16.13,32.26,104.84,0,NO
YABUYANOS_TENIENTE MANUEL CLAVERO,YABUYANOS_TENIENTE MANUEL CLAVERO,YABUYANOS,TENIENTE MANUEL CLAVERO,PUTUMAYO,41,0,0,0,0,1,0,0,0,0,0,0,24.39,0,0,NO
BETANIA_YAGUAS,BETANIA_YAGUAS,BETANIA,YAGUAS,PUTUMAYO,25,0,0,0,1,0,0,0,0,0,0,40,0,0,0,NO
CORBATA_YAGUAS,CORBATA_YAGUAS,CORBATA,YAGUAS,PUTUMAYO,63,0,0,0,0,0,2,1,0,0,0,0,0,31.75,15.87,NO
CURINGA_YAGUAS,CURINGA_YAGUAS,CURINGA,YAGUAS,PUTUMAYO,13,0,0,1,0,0,0,0,0,0,76.92,0,0,0,0,NO
CURINGA_YAGUAS,CURINGA_YAGUAS,CURINGA,YAGUAS,PUTUMAYO,23,0,0,0,0,0,2,0,0,0,0,0,0,86.96,0,NO
EL ALAMO_YAGUAS,EL ALAMO_YAGUAS,EL ALAMO,YAGUAS,PUTUMAYO,137,0,0,0,58,5,11,6,0,0,0,423.36,36.5,80.29,43.8,NO
EL ALAMO_YAGUAS,EL ALAMO_YAGUAS,EL ALAMO,YAGUAS,PUTUMAYO,137,0,0,109,1,5,1,0,0,0,795.62,7.3,36.5,7.3,0,NO
HUAPAPA_YAGUAS,HUAPAPA_YAGUAS,HUAPAPA,YAGUAS,PUTUMAYO,508,0,0,0,30,39,22,31,0,0,0,59.06,76.77,43.31,61.02,NO
HUAPAPA_YAGUAS,HUAPAPA_YAGUAS,HUAPAPA,YAGUAS,PUTUMAYO,508,0,0,75,0,0,0,0,0,0,147.64,0,0,0,0,NO
PRIMAVERA_YAGUAS,PRIMAVERA_YAGUAS,PRIMAVERA,YAGUAS,PUTUMAYO,137,0,0,0,2,9,6,4,0,0,0,14.6,65.69,43.8,29.2,NO
PUERTO FRANCO_YAGUAS,PUERTO FRANCO_YAGUAS,PUERTO FRANCO,YAGUAS,PUTUMAYO,101,0,0,0,0,10,0,2,0,0,0,0,99.01,0,19.8,NO
PUERTO FRANCO_YAGUAS,PUERTO FRANCO_YAGUAS,PUERTO FRANCO,YAGUAS,PUTUMAYO,101,0,0,11,0,0,0,0,0,0,108.91,0,0,0,0,NO
PUERTO NUEVO_YAGUAS,PUERTO NUEVO_YAGUAS,PUERTO NUEVO,YAGUAS,PUTUMAYO,50,0,0,0,2,1,0,0,0,0,0,40,20,0,0,NO
REMANSO_YAGUAS,REMANSO_YAGUAS,REMANSO,YAGUAS,PUTUMAYO,191,0,0,0,13,11,24,28,0,0,0,68.06,57.59,125.65,146.6,NO
REMANSO_YAGUAS,REMANSO_YAGUAS,REMANSO,YAGUAS,PUTUMAYO,191,0,0,72,0,0,0,1,0,0,376.96,0,0,0,5.24,NO
SAN MARTIN_YAGUAS,#N/A,SAN MARTIN,YAGUAS,PUTUMAYO,49,0,0,2,0,0,0,0,0,0,40.82,0,0,0,0,NO
SAN MARTIN LIBERTADOR_YAGUAS,SAN MARTIN LIBERTADOR_YAGUAS,SAN MARTIN LIBERTADOR,YAGUAS,PUTUMAYO,49,0,0,0,0,0,4,0,0,0,0,0,0,81.63,0,NO
SANTA ROSA DE CAUCHILLO_YAGUAS,SANTA ROSA DE CAUCHILLO_YAGUAS,SANTA ROSA DE CAUCHILLO,YAGUAS,PUTUMAYO,119,0,0,0,0,2,1,1,0,0,0,0,16.81,8.4,8.4,NO
TRES ESQUINAS_YAGUAS,TRES ESQUINAS_YAGUAS,TRES ESQUINAS,YAGUAS,PUTUMAYO,45,0,0,0,3,3,4,1,0,0,0,66.67,66.67,88.89,22.22,NO
TRES ESQUINAS_YAGUAS,TRES ESQUINAS_YAGUAS,TRES ESQUINAS,YAGUAS,PUTUMAYO,45,0,0,9,0,0,0,0,0,0,200,0,0,0,0,NO
BELLAVISTA_ALTO TAPICHE,BELLAVISTA_ALTO TAPICHE,BELLAVISTA,ALTO TAPICHE,REQUENA,87,16,0,10,3,0,1,0,183.91,0,114.94,34.48,0,11.49,0,NO
CANCHA LAGUA_ALTO TAPICHE,#N/A,CANCHA LAGUA,ALTO TAPICHE,REQUENA,100,69,69,52,12,0,1,2,690,690,520,120,0,10,20,NO
ES UN DISTRITO NO LOCALIDAD_ALTO TAPICHE,#N/A,ES UN DISTRITO NO LOCALIDAD,ALTO TAPICHE,REQUENA,,2,1,2,1,1,1,0,0,0,0,0,0,0,0,NO
FATIMA_ALTO TAPICHE,FATIMA_ALTO TAPICHE,FATIMA,ALTO TAPICHE,REQUENA,69,2,7,0,1,0,0,0,28.99,101.45,0,14.49,0,0,0,NO
JUNIN_ALTO TAPICHE,JUNIN_ALTO TAPICHE,JUNIN,ALTO TAPICHE,REQUENA,0,0,2,0,0,0,0,0,0,0,0,0,0,0,0,NO
LIMON COCHA_ALTO TAPICHE,LIMON COCHA_ALTO TAPICHE,LIMON COCHA,ALTO TAPICHE,REQUENA,100,1,2,5,0,0,0,0,10,20,50,0,0,0,0,NO
MAYPUCO - PERTENECE AL DISTRITO URARINAS_ALTO TAPICHE,#N/A,MAYPUCO - PERTENECE AL DISTRITO URARINAS,ALTO TAPICHE,REQUENA,1155,0,1,1,0,0,0,0,0,0.87,0.87,0,0,0,0,NO
MORALES BERMUDES_ALTO TAPICHE,#N/A,MORALES BERMUDES,ALTO TAPICHE,REQUENA,68,0,1,0,0,0,0,0,0,14.71,0,0,0,0,0,NO
MORALES BERMUDEZ_ALTO TAPICHE,MORALES BERMUDEZ_ALTO TAPICHE,MORALES BERMUDEZ,ALTO TAPICHE,REQUENA,,58,53,18,1,0,0,3,0,0,0,0,0,0,0,NO
NUEVA ESPERANZA_ALTO TAPICHE,NUEVA ESPERANZA_ALTO TAPICHE,NUEVA ESPERANZA,ALTO TAPICHE,REQUENA,0,0,0,0,1,0,0,0,0,0,0,0,0,0,0,NO
PACASMAYO_ALTO TAPICHE,PACASMAYO_ALTO TAPICHE,PACASMAYO,ALTO TAPICHE,REQUENA,49,5,0,2,0,0,0,0,102.04,0,40.82,0,0,0,0,NO
PALMERA_ALTO TAPICHE,PALMERA_ALTO TAPICHE,PALMERA,ALTO TAPICHE,REQUENA,,8,61,29,0,0,0,26,0,0,0,0,0,0,0,NO
PUERTO ANGEL_ALTO TAPICHE,PUERTO ANGEL_ALTO TAPICHE,PUERTO ANGEL,ALTO TAPICHE,REQUENA,,4,71,9,10,0,0,0,0,0,0,0,0,0,0,NO
SAN ANTONIO DE FORTALEZA_ALTO TAPICHE,SAN ANTONIO DE FORTALEZA_ALTO TAPICHE,SAN ANTONIO DE FORTALEZA,ALTO TAPICHE,REQUENA,52,5,0,2,0,2,0,0,96.15,0,38.46,0,38.46,0,0,NO
SANTA ELENA_ALTO TAPICHE,SANTA ELENA_ALTO TAPICHE,SANTA ELENA,ALTO TAPICHE,REQUENA,712,92,173,139,13,0,3,4,129.21,242.98,195.22,18.26,0,4.21,5.62,NO
WICUNGO_ALTO TAPICHE,WICUNGO_ALTO TAPICHE,WICUNGO,ALTO TAPICHE,REQUENA,94,1,0,5,0,0,2,0,10.64,0,53.19,0,0,21.28,0,NO
YARINA FRONTERA_ALTO TAPICHE,YARINA FRONTERA_ALTO TAPICHE,YARINA FRONTERA,ALTO TAPICHE,REQUENA,,0,0,1,0,0,1,0,0,0,0,0,0,0,0,NO
ES UN DISTRITO_CAPELO,#N/A,ES UN DISTRITO,CAPELO,REQUENA,,0,0,2,0,0,0,0,0,0,0,0,0,0,0,NO
FLOR DE PUNGA_CAPELO,FLOR DE PUNGA_CAPELO,FLOR DE PUNGA,CAPELO,REQUENA,1609,0,5,2,3,0,1,1,0,3.11,1.24,1.86,0,0.62,0.62,NO
HUATAPI_CAPELO,HUATAPI_CAPELO,HUATAPI,CAPELO,REQUENA,326,0,0,0,2,0,0,1,0,0,0,6.13,0,0,3.07,NO
NUEVO BAGAZAN_CAPELO,NUEVO BAGAZAN_CAPELO,NUEVO BAGAZAN,CAPELO,REQUENA,132,0,0,0,0,1,0,0,0,0,0,0,7.58,0,0,NO
PINTULLACTA_CAPELO,PINTULLACTA_CAPELO,PINTULLACTA,CAPELO,REQUENA,185,1,1,0,0,0,1,0,5.41,5.41,0,0,0,5.41,0,NO
ES UN DISTRITO_EMILIO SAN MARTIN,#N/A,ES UN DISTRITO,EMILIO SAN MARTIN,REQUENA,,0,2,0,0,0,0,0,0,0,0,0,0,0,0,NO
LAGO SAN MARCOS_EMILIO SAN MARTIN,LAGO SAN MARCOS_EMILIO SAN MARTIN,LAGO SAN MARCOS,EMILIO SAN MARTIN,REQUENA,439,1,0,0,0,0,0,0,2.28,0,0,0,0,0,0,NO
LURIN_EMILIO SAN MARTIN,LURIN_EMILIO SAN MARTIN,LURIN,EMILIO SAN MARTIN,REQUENA,134,0,2,0,0,0,0,0,0,14.93,0,0,0,0,0,NO
NUEVO AYPENA_EMILIO SAN MARTIN,#N/A,NUEVO AYPENA,EMILIO SAN MARTIN,REQUENA,70,2,0,0,0,0,0,1,28.57,0,0,0,0,0,14.29,NO
NUEVO MIRAFLORES_EMILIO SAN MARTIN,#N/A,NUEVO MIRAFLORES,EMILIO SAN MARTIN,REQUENA,202,0,1,0,0,1,0,0,0,4.95,0,0,4.95,0,0,NO
PERLITA_EMILIO SAN MARTIN,PERLITA_EMILIO SAN MARTIN,PERLITA,EMILIO SAN MARTIN,REQUENA,168,0,0,0,0,1,0,0,0,0,0,0,5.95,0,0,NO
SAN ANTONIO VIEJO_EMILIO SAN MARTIN,SAN ANTONIO VIEJO_EMILIO SAN MARTIN,SAN ANTONIO VIEJO,EMILIO SAN MARTIN,REQUENA,51,0,1,0,0,0,0,1,0,19.61,0,0,0,0,19.61,NO
SAN JUAN DE CUMACEBA_EMILIO SAN MARTIN,#N/A,SAN JUAN DE CUMACEBA,EMILIO SAN MARTIN,REQUENA,91,0,0,0,0,0,1,0,0,0,0,0,0,10.99,0,NO
SANTA FE_EMILIO SAN MARTIN,SANTA FE_EMILIO SAN MARTIN,SANTA FE,EMILIO SAN MARTIN,REQUENA,679,0,2,0,0,0,6,0,0,2.95,0,0,0,8.84,0,NO
SHEVONAL_EMILIO SAN MARTIN,SHEVONAL_EMILIO SAN MARTIN,SHEVONAL,EMILIO SAN MARTIN,REQUENA,262,0,0,0,1,0,0,0,0,0,0,3.82,0,0,0,NO
SINTICO_EMILIO SAN MARTIN,SINTICO_EMILIO SAN MARTIN,SINTICO,EMILIO SAN MARTIN,REQUENA,,0,0,0,0,0,0,2,0,0,0,0,0,0,0,NO
TAHUANTINSUYO_EMILIO SAN MARTIN,TAHUANTINSUYO_EMILIO SAN MARTIN,TAHUANTINSUYO,EMILIO SAN MARTIN,REQUENA,69,0,1,0,0,0,0,0,0,14.49,0,0,0,0,0,NO
TAMANCO_EMILIO SAN MARTIN,TAMANCO_EMILIO SAN MARTIN,TAMANCO,EMILIO SAN MARTIN,REQUENA,1476,4,1,1,0,0,0,0,2.71,0.68,0.68,0,0,0,0,NO
TAMANCO VIEJO_EMILIO SAN MARTIN,TAMANCO VIEJO_EMILIO SAN MARTIN,TAMANCO VIEJO,EMILIO SAN MARTIN,REQUENA,,1,8,1,2,2,7,1,0,0,0,0,0,0,0,NO
VEINTIOCHO DE JULIO_EMILIO SAN MARTIN,#N/A,VEINTIOCHO DE JULIO,EMILIO SAN MARTIN,REQUENA,307,1,0,0,0,2,0,0,3.26,0,0,0,6.51,0,0,NO
VICTOR RAUL HAYA DE LA TORRE_EMILIO SAN MARTIN,#N/A,VICTOR RAUL HAYA DE LA TORRE,EMILIO SAN MARTIN,REQUENA,115,6,0,0,0,0,0,1,52.17,0,0,0,0,0,8.7,NO
VISTA ALEGRE I ZONA_EMILIO SAN MARTIN,VISTA ALEGRE I ZONA_EMILIO SAN MARTIN,VISTA ALEGRE I ZONA,EMILIO SAN MARTIN,REQUENA,223,1,3,0,0,0,0,0,4.48,13.45,0,0,0,0,0,NO
ZAPATILLA II ZONA_EMILIO SAN MARTIN,ZAPATILLA II ZONA_EMILIO SAN MARTIN,ZAPATILLA II ZONA,EMILIO SAN MARTIN,REQUENA,231,1,1,0,0,0,0,1,4.33,4.33,0,0,0,0,4.33,NO
ZAPATILLA ZONA 1_EMILIO SAN MARTIN,#N/A,ZAPATILLA ZONA 1,EMILIO SAN MARTIN,REQUENA,,1,1,0,0,0,0,1,0,0,0,0,0,0,0,NO
11 DE AGOSTO_JENARO HERRERA,11 DE AGOSTO_JENARO HERRERA,11 DE AGOSTO,JENARO HERRERA,REQUENA,,0,1,0,0,0,0,0,0,0,0,0,0,0,0,NO
CEDRO ISLA_JENARO HERRERA,CEDRO ISLA_JENARO HERRERA,CEDRO ISLA,JENARO HERRERA,REQUENA,179,0,1,1,0,0,0,0,0,5.59,5.59,0,0,0,0,NO
JENARO HERRERA_JENARO HERRERA,JENARO HERRERA_JENARO HERRERA,JENARO HERRERA,JENARO HERRERA,REQUENA,2935,5,9,22,13,5,5,2,1.7,3.07,7.5,4.43,1.7,1.7,0.68,NO
NUEVO AUCUYACU_JENARO HERRERA,NUEVO AUCUYACU_JENARO HERRERA,NUEVO AUCUYACU,JENARO HERRERA,REQUENA,,0,0,1,0,0,0,0,0,0,0,0,0,0,0,NO
SANTA CRUZ DE YANALLPA_JENARO HERRERA,SANTA CRUZ DE YANALLPA_JENARO HERRERA,SANTA CRUZ DE YANALLPA,JENARO HERRERA,REQUENA,,0,1,0,0,0,0,0,0,0,0,0,0,0,0,NO
13 DE MAYO_MAQUIA,13 DE MAYO_MAQUIA,13 DE MAYO,MAQUIA,REQUENA,,0,1,0,0,0,0,0,0,0,0,0,0,0,0,NO
ARICA VIEJO_MAQUIA,ARICA VIEJO_MAQUIA,ARICA VIEJO,MAQUIA,REQUENA,,0,1,0,0,0,0,0,0,0,0,0,0,0,0,NO
BOLIVAR_MAQUIA,BOLIVAR_MAQUIA,BOLIVAR,MAQUIA,REQUENA,0,0,0,0,0,0,1,0,0,0,0,0,0,0,0,NO
CARACHAMA_MAQUIA,CARACHAMA_MAQUIA,CARACHAMA,MAQUIA,REQUENA,493,0,0,1,1,0,0,0,0,0,2.03,2.03,0,0,0,NO
ES UN DISTRITO_MAQUIA,#N/A,ES UN DISTRITO,MAQUIA,REQUENA,,0,1,0,0,0,0,0,0,0,0,0,0,0,0,NO
LAGO TIPISHCA_MAQUIA,LAGO TIPISHCA_MAQUIA,LAGO TIPISHCA,MAQUIA,REQUENA,,0,0,0,1,0,0,0,0,0,0,0,0,0,0,NO
NUEVA ESPERANZA_MAQUIA,NUEVA ESPERANZA_MAQUIA,NUEVA ESPERANZA,MAQUIA,REQUENA,139,0,1,0,0,0,0,0,0,7.19,0,0,0,0,0,NO
NUEVO JUNIN_MAQUIA,NUEVO JUNIN_MAQUIA,NUEVO JUNIN,MAQUIA,REQUENA,331,0,0,0,0,0,1,0,0,0,0,0,0,3.02,0,NO
OBRERO ZONA 1_MAQUIA,#N/A,OBRERO ZONA 1,MAQUIA,REQUENA,,0,0,0,0,1,0,0,0,0,0,0,0,0,0,NO
SAN ROQUE_MAQUIA,SAN ROQUE_MAQUIA,SAN ROQUE,MAQUIA,REQUENA,750,0,7,2,0,0,0,0,0,9.33,2.67,0,0,0,0,NO
SANTA ISABEL_MAQUIA,SANTA ISABEL_MAQUIA,SANTA ISABEL,MAQUIA,REQUENA,82,0,0,1,0,0,0,0,0,0,12.2,0,0,0,0,NO
VICTORIA_MAQUIA,VICTORIA_MAQUIA,VICTORIA,MAQUIA,REQUENA,678,0,0,1,0,0,0,0,0,0,1.47,0,0,0,0,NO
BELLAVISTA_PUINAHUA,BELLAVISTA_PUINAHUA,BELLAVISTA,PUINAHUA,REQUENA,210,0,0,1,0,0,0,0,0,0,4.76,0,0,0,0,NO
BRETAÑA_PUINAHUA,#N/A,BRETAÑA,PUINAHUA,REQUENA,1363,6,4,5,1,1,3,0,4.4,2.93,3.67,0.73,0.73,2.2,0,NO
HUACRACHIRO_PUINAHUA,HUACRACHIRO_PUINAHUA,HUACRACHIRO,PUINAHUA,REQUENA,544,0,0,0,3,0,0,0,0,0,0,5.51,0,0,0,NO
MANCO CAPAC_PUINAHUA,MANCO CAPAC_PUINAHUA,MANCO CAPAC,PUINAHUA,REQUENA,390,1,0,0,0,0,0,0,2.56,0,0,0,0,0,0,NO
PACAYA SAMIRIA_PUINAHUA,PACAYA SAMIRIA_PUINAHUA,PACAYA SAMIRIA,PUINAHUA,REQUENA,,0,0,0,1,0,0,0,0,0,0,0,0,0,0,NO
PUINAHUA_PUINAHUA,#N/A,PUINAHUA,PUINAHUA,REQUENA,,0,0,0,1,0,0,0,0,0,0,0,0,0,0,NO
URARINAS_PUINAHUA,URARINAS_PUINAHUA,URARINAS,PUINAHUA,REQUENA,165,0,0,0,0,1,0,0,0,0,0,0,6.06,0,0,NO
ALFA Y OMEGA_REQUENA,ALFA Y OMEGA_REQUENA,ALFA Y OMEGA,REQUENA,REQUENA,47,0,0,0,1,0,0,0,0,0,0,21.28,0,0,0,NO
ARICA VIEJO_REQUENA,ARICA VIEJO_REQUENA,ARICA VIEJO,REQUENA,REQUENA,232,1,0,0,0,2,0,0,4.31,0,0,0,8.62,0,0,NO
CALLAO_REQUENA,CALLAO_REQUENA,CALLAO,REQUENA,REQUENA,21,0,0,0,0,0,1,0,0,0,0,0,0,47.62,0,NO
CAROCURAHUAITE_REQUENA,CAROCURAHUAITE_REQUENA,CAROCURAHUAITE,REQUENA,REQUENA,150,0,1,0,0,0,0,0,0,6.67,0,0,0,0,0,NO
CONCORDANCIA_REQUENA,CONCORDANCIA_REQUENA,CONCORDANCIA,REQUENA,REQUENA,51,0,0,0,0,1,1,0,0,0,0,0,19.61,19.61,0,NO
CONTAMANILLO_REQUENA,CONTAMANILLO_REQUENA,CONTAMANILLO,REQUENA,REQUENA,103,0,0,1,0,0,0,0,0,0,9.71,0,0,0,0,NO
ELMER FAUCETT_REQUENA,ELMER FAUCETT_REQUENA,ELMER FAUCETT,REQUENA,REQUENA,0,0,0,0,0,0,1,0,0,0,0,0,0,0,0,NO
FRANCISCO BOLOGNESI_REQUENA,FRANCISCO BOLOGNESI_REQUENA,FRANCISCO BOLOGNESI,REQUENA,REQUENA,52,0,0,2,0,0,0,0,0,0,38.46,0,0,0,0,NO
GALICIA_REQUENA,GALICIA_REQUENA,GALICIA,REQUENA,REQUENA,106,0,1,1,0,0,0,0,0,9.43,9.43,0,0,0,0,NO
HUARMI ISLA_REQUENA,HUARMI ISLA_REQUENA,HUARMI ISLA,REQUENA,REQUENA,32,0,7,0,0,1,0,0,0,218.75,0,0,31.25,0,0,NO
JUAN PABLO II_REQUENA,JUAN PABLO II_REQUENA,JUAN PABLO II,REQUENA,REQUENA,,1,0,0,0,0,0,0,0,0,0,0,0,0,0,NO
LUCIANA_REQUENA,LUCIANA_REQUENA,LUCIANA,REQUENA,REQUENA,29,1,0,0,0,0,0,0,34.48,0,0,0,0,0,0,NO
MAGDALENA_REQUENA,MAGDALENA_REQUENA,MAGDALENA,REQUENA,REQUENA,39,1,0,0,0,0,0,0,25.64,0,0,0,0,0,0,NO
MONTE SINAI_REQUENA,MONTE SINAI_REQUENA,MONTE SINAI,REQUENA,REQUENA,,1,2,2,0,0,0,0,0,0,0,0,0,0,0,NO
NUEVA REFORMA_REQUENA,NUEVA REFORMA_REQUENA,NUEVA REFORMA,REQUENA,REQUENA,147,1,0,0,0,0,0,0,6.8,0,0,0,0,0,0,NO
NUEVO PUCATE_REQUENA,NUEVO PUCATE_REQUENA,NUEVO PUCATE,REQUENA,REQUENA,82,1,1,0,0,0,0,0,12.2,12.2,0,0,0,0,0,NO
PACAYA SAMIRIA_REQUENA,PACAYA SAMIRIA_REQUENA,PACAYA SAMIRIA,REQUENA,REQUENA,,1,0,0,0,0,0,0,0,0,0,0,0,0,0,NO
PUERTO LORETO_REQUENA,PUERTO LORETO_REQUENA,PUERTO LORETO,REQUENA,REQUENA,93,0,0,1,0,0,0,0,0,0,10.75,0,0,0,0,NO
PUERTO PERU_REQUENA,PUERTO PERU_REQUENA,PUERTO PERU,REQUENA,REQUENA,52,0,1,1,0,0,0,0,0,19.23,19.23,0,0,0,0,NO
REFORMA_REQUENA,REFORMA_REQUENA,REFORMA,REQUENA,REQUENA,,0,3,1,0,1,0,0,0,0,0,0,0,0,0,NO
REQUENA_REQUENA,REQUENA_REQUENA,REQUENA,REQUENA,REQUENA,19650,55,90,80,32,21,22,3,2.8,4.58,4.07,1.63,1.07,1.12,0.15,NO
SAN VICENTE_REQUENA,SAN VICENTE_REQUENA,SAN VICENTE,REQUENA,REQUENA,234,0,0,1,0,0,0,0,0,0,4.27,0,0,0,0,NO
SANTA ROSA_REQUENA,SANTA ROSA_REQUENA,SANTA ROSA,REQUENA,REQUENA,107,0,0,2,0,0,0,0,0,0,18.69,0,0,0,0,NO
VILLA MONTE SINAI_REQUENA,VILLA MONTE SINAI_REQUENA,VILLA MONTE SINAI,REQUENA,REQUENA,263,1,0,0,0,0,0,0,3.8,0,0,0,0,0,0,NO
YANASPA_REQUENA,YANASPA_REQUENA,YANASPA,REQUENA,REQUENA,,0,0,1,0,0,0,0,0,0,0,0,0,0,0,NO
YAQUERANA_REQUENA,YAQUERANA_REQUENA,YAQUERANA,REQUENA,REQUENA,,0,1,0,0,1,0,0,0,0,0,0,0,0,0,NO
YARINA_REQUENA,YARINA_REQUENA,YARINA,REQUENA,REQUENA,141,2,1,0,1,2,1,0,14.18,7.09,0,7.09,14.18,7.09,0,NO
28 DE JULIO_SAQUENA,28 DE JULIO_SAQUENA,28 DE JULIO,SAQUENA,REQUENA,78,0,0,1,0,1,0,0,0,0,12.82,0,12.82,0,0,NO
BAGAZAN_SAQUENA,BAGAZAN_SAQUENA,BAGAZAN,SAQUENA,REQUENA,954,9,7,14,5,7,8,4,9.43,7.34,14.68,5.24,7.34,8.39,4.19,NO
CAPITAN CLAVERO_SAQUENA,CAPITAN CLAVERO_SAQUENA,CAPITAN CLAVERO,SAQUENA,REQUENA,295,1,0,0,0,0,0,0,3.39,0,0,0,0,0,0,NO
EL SOL_SAQUENA,EL SOL_SAQUENA,EL SOL,SAQUENA,REQUENA,173,0,1,1,1,1,1,0,0,5.78,5.78,5.78,5.78,5.78,0,NO
FLOR DE CASTAÑA_SAQUENA,#N/A,FLOR DE CASTAÑA,SAQUENA,REQUENA,293,0,0,1,3,0,0,0,0,0,3.41,10.24,0,0,0,NO
JORGE CHAVEZ_SAQUENA,JORGE CHAVEZ_SAQUENA,JORGE CHAVEZ,SAQUENA,REQUENA,131,0,0,1,0,0,0,0,0,0,7.63,0,0,0,0,NO
LIBERTAD_SAQUENA,LIBERTAD_SAQUENA,LIBERTAD,SAQUENA,REQUENA,184,2,2,3,4,0,1,0,10.87,10.87,16.3,21.74,0,5.43,0,NO
MARISCAL CASTILLA_SAQUENA,MARISCAL CASTILLA_SAQUENA,MARISCAL CASTILLA,SAQUENA,REQUENA,170,1,0,1,0,0,0,0,5.88,0,5.88,0,0,0,0,NO
NUEVO YUCURUCHI_SAQUENA,NUEVO YUCURUCHI_SAQUENA,NUEVO YUCURUCHI,SAQUENA,REQUENA,176,0,3,2,0,0,0,0,0,17.05,11.36,0,0,0,0,NO
SAN JOSE DE PARANAPURA_SAQUENA,SAN JOSE DE PARANAPURA_SAQUENA,SAN JOSE DE PARANAPURA,SAQUENA,REQUENA,103,0,1,1,0,0,0,0,0,9.71,9.71,0,0,0,0,NO
SAPUENA_SAQUENA,SAPUENA_SAQUENA,SAPUENA,SAQUENA,REQUENA,363,1,0,12,2,4,6,3,2.75,0,33.06,5.51,11.02,16.53,8.26,NO
SAQUENA_SAQUENA,#N/A,SAQUENA,SAQUENA,REQUENA,,0,1,0,1,0,0,0,0,0,0,0,0,0,0,NO
VISTA ALEGRE_SAQUENA,VISTA ALEGRE_SAQUENA,VISTA ALEGRE,SAQUENA,REQUENA,109,0,0,1,0,0,0,0,0,0,9.17,0,0,0,0,NO
YUCURUCHI_SAQUENA,YUCURUCHI_SAQUENA,YUCURUCHI,SAQUENA,REQUENA,,2,0,1,3,0,0,0,0,0,0,0,0,0,0,NO
CAPANAHUA_SOPLIN,CAPANAHUA_SOPLIN,CAPANAHUA,SOPLIN,REQUENA,,43,62,18,10,4,6,2,0,0,0,0,0,0,0,NO
CURINGA_SOPLIN,CURINGA_SOPLIN,CURINGA,SOPLIN,REQUENA,,328,152,125,132,231,205,69,0,0,0,0,0,0,0,NO
EL LOBO_SOPLIN,EL LOBO_SOPLIN,EL LOBO,SOPLIN,REQUENA,138,135,58,39,122,26,9,2,978.26,420.29,282.61,884.06,188.41,65.22,14.49,NO
ESPAÑA_SOPLIN,#N/A,ESPAÑA,SOPLIN,REQUENA,30,46,13,16,15,5,9,1,1533.33,433.33,533.33,500,166.67,300,33.33,NO
FRONTERA_SOPLIN,FRONTERA_SOPLIN,FRONTERA,SOPLIN,REQUENA,19,19,18,48,50,33,52,5,1000,947.37,2526.32,2631.58,1736.84,2736.84,263.16,NO
NUEVA ESPERANZA_SOPLIN,NUEVA ESPERANZA_SOPLIN,NUEVA ESPERANZA,SOPLIN,REQUENA,131,9,2,1,1,2,4,1,68.7,15.27,7.63,7.63,15.27,30.53,7.63,NO
NUEVO CAPANAHUA_SOPLIN,NUEVO CAPANAHUA_SOPLIN,NUEVO CAPANAHUA,SOPLIN,REQUENA,84,4,0,0,0,0,0,0,47.62,0,0,0,0,0,0,NO
NUEVO PROGRESO_SOPLIN,NUEVO PROGRESO_SOPLIN,NUEVO PROGRESO,SOPLIN,REQUENA,,1,0,0,0,4,5,0,0,0,0,0,0,0,0,NO
SOPLIN_SOPLIN,#N/A,SOPLIN,SOPLIN,REQUENA,,10,2,7,1,2,1,0,0,0,0,0,0,0,0,NO
CANCHALAGUA_TAPICHE,CANCHALAGUA_TAPICHE,CANCHALAGUA,TAPICHE,REQUENA,,0,3,0,0,0,0,0,0,0,0,0,0,0,0,NO
IBERIA_TAPICHE,IBERIA_TAPICHE,IBERIA,TAPICHE,REQUENA,483,3,4,2,4,0,1,0,6.21,8.28,4.14,8.28,0,2.07,0,NO
MORALES BERMUDES_TAPICHE,MORALES BERMUDES_TAPICHE,MORALES BERMUDES,TAPICHE,REQUENA,,0,3,0,0,0,0,0,0,0,0,0,0,0,0,NO
PALMERAS_TAPICHE,PALMERAS_TAPICHE,PALMERAS,TAPICHE,REQUENA,,1,0,0,0,0,0,0,0,0,0,0,0,0,0,NO
PUERTO ANGEL_TAPICHE,PUERTO ANGEL_TAPICHE,PUERTO ANGEL,TAPICHE,REQUENA,174,4,25,6,3,0,0,0,22.99,143.68,34.48,17.24,0,0,0,NO
PUERTO ARCE_TAPICHE,PUERTO ARCE_TAPICHE,PUERTO ARCE,TAPICHE,REQUENA,42,0,0,1,0,0,0,0,0,0,23.81,0,0,0,0,NO
SAN PEDRO_TAPICHE,SAN PEDRO_TAPICHE,SAN PEDRO,TAPICHE,REQUENA,186,94,34,14,4,0,2,0,505.38,182.8,75.27,21.51,0,10.75,0,NO
TAPICHE_TAPICHE,#N/A,TAPICHE,TAPICHE,REQUENA,,2,1,0,0,0,0,0,0,0,0,0,0,0,0,NO
28 DE JULIO_YAQUERANA,28 DE JULIO_YAQUERANA,28 DE JULIO,YAQUERANA,REQUENA,,0,1,0,0,5,0,0,0,0,0,0,0,0,0,NO
ANATICO_YAQUERANA,#N/A,ANATICO,YAQUERANA,REQUENA,,5,6,8,1,44,27,4,0,0,0,0,0,0,0,NO
ANEXO EDEN_YAQUERANA,ANEXO EDEN_YAQUERANA,ANEXO EDEN,YAQUERANA,REQUENA,,0,0,0,0,5,3,1,0,0,0,0,0,0,0,NO
ANGAMOS_YAQUERANA,ANGAMOS_YAQUERANA,ANGAMOS,YAQUERANA,REQUENA,595,289,317,383,103,235,296,114,485.71,532.77,643.7,173.11,394.96,497.48,191.6,NO
BUEN PERU_YAQUERANA,BUEN PERU_YAQUERANA,BUEN PERU,YAQUERANA,REQUENA,110,32,14,23,10,31,44,27,290.91,127.27,209.09,90.91,281.82,400,245.45,NO
BUENAS LOMAS ANTIGUA_YAQUERANA,BUENAS LOMAS ANTIGUA_YAQUERANA,BUENAS LOMAS ANTIGUA,YAQUERANA,REQUENA,345,1,4,0,1,7,8,1,2.9,11.59,0,2.9,20.29,23.19,2.9,NO
BUENAS LOMAS NUEVA_YAQUERANA,BUENAS LOMAS NUEVA_YAQUERANA,BUENAS LOMAS NUEVA,YAQUERANA,REQUENA,364,63,22,27,11,25,38,28,173.08,60.44,74.18,30.22,68.68,104.4,76.92,NO
CALLAO_YAQUERANA,#N/A,CALLAO,YAQUERANA,REQUENA,,37,8,13,1,18,14,3,0,0,0,0,0,0,0,NO
CANAN_YAQUERANA,CANAN_YAQUERANA,CANAN,YAQUERANA,REQUENA,,0,0,9,2,6,7,5,0,0,0,0,0,0,0,NO
CASHISPI_YAQUERANA,CASHISPI_YAQUERANA,CASHISPI,YAQUERANA,REQUENA,,8,9,13,8,8,0,2,0,0,0,0,0,0,0,NO
COLONIA ANGAMOS_YAQUERANA,COLONIA ANGAMOS_YAQUERANA,COLONIA ANGAMOS,YAQUERANA,REQUENA,,17,14,13,2,4,1,0,0,0,0,0,0,0,0,NO
ESTIRON_YAQUERANA,ESTIRON_YAQUERANA,ESTIRON,YAQUERANA,REQUENA,,30,11,16,8,14,19,1,0,0,0,0,0,0,0,NO
FRAY PEDRO_YAQUERANA,FRAY PEDRO_YAQUERANA,FRAY PEDRO,YAQUERANA,REQUENA,52,17,15,8,3,16,32,12,326.92,288.46,153.85,57.69,307.69,615.38,230.77,NO
HUACACHINA_YAQUERANA,HUACACHINA_YAQUERANA,HUACACHINA,YAQUERANA,REQUENA,,0,0,0,0,0,1,0,0,0,0,0,0,0,0,NO
JOAQUIN_YAQUERANA,JOAQUIN_YAQUERANA,JOAQUIN,YAQUERANA,REQUENA,,0,0,0,2,0,0,0,0,0,0,0,0,0,0,NO
JORGE CHAVEZ_YAQUERANA,JORGE CHAVEZ_YAQUERANA,JORGE CHAVEZ,YAQUERANA,REQUENA,67,9,12,20,3,25,15,4,134.33,179.1,298.51,44.78,373.13,223.88,59.7,NO
LAS MALVINAS_YAQUERANA,LAS MALVINAS_YAQUERANA,LAS MALVINAS,YAQUERANA,REQUENA,0,1,0,0,0,0,0,0,0,0,0,0,0,0,0,NO
NUEVO CASHISHPI_YAQUERANA,NUEVO CASHISHPI_YAQUERANA,NUEVO CASHISHPI,YAQUERANA,REQUENA,61,0,0,0,0,1,0,1,0,0,0,0,16.39,0,16.39,NO
NUEVO EDEN_YAQUERANA,NUEVO EDEN_YAQUERANA,NUEVO EDEN,YAQUERANA,REQUENA,,13,4,3,1,0,0,0,0,0,0,0,0,0,0,NO
NUEVO PAUJIL_YAQUERANA,NUEVO PAUJIL_YAQUERANA,NUEVO PAUJIL,YAQUERANA,REQUENA,63,25,57,22,15,55,37,6,396.83,904.76,349.21,238.1,873.02,587.3,95.24,NO
NUEVO SAN JUAN_YAQUERANA,NUEVO SAN JUAN_YAQUERANA,NUEVO SAN JUAN,YAQUERANA,REQUENA,49,0,2,0,0,1,1,0,0,40.82,0,0,20.41,20.41,0,NO
PUERTO ALEGRE_YAQUERANA,PUERTO ALEGRE_YAQUERANA,PUERTO ALEGRE,YAQUERANA,REQUENA,344,11,7,11,63,16,17,11,31.98,20.35,31.98,183.14,46.51,49.42,31.98,NO
REMOYACO_YAQUERANA,REMOYACO_YAQUERANA,REMOYACO,YAQUERANA,REQUENA,,23,19,27,5,34,40,11,0,0,0,0,0,0,0,NO
SAN JOSE DE AÑUSHI_YAQUERANA,#N/A,SAN JOSE DE AÑUSHI,YAQUERANA,REQUENA,76,15,27,38,37,37,26,5,197.37,355.26,500,486.84,486.84,342.11,65.79,NO
SAN JUAN_YAQUERANA,SAN JUAN_YAQUERANA,SAN JUAN,YAQUERANA,REQUENA,,7,5,7,2,6,7,1,0,0,0,0,0,0,0,NO
SAN ROMAN_YAQUERANA,SAN ROMAN_YAQUERANA,SAN ROMAN,YAQUERANA,REQUENA,,0,1,0,0,6,5,1,0,0,0,0,0,0,0,NO
SAN ROQUE_YAQUERANA,SAN ROQUE_YAQUERANA,SAN ROQUE,YAQUERANA,REQUENA,84,18,17,3,4,3,0,0,214.29,202.38,35.71,47.62,35.71,0,0,NO
SANTA ROSA_YAQUERANA,SANTA ROSA_YAQUERANA,SANTA ROSA,YAQUERANA,REQUENA,78,16,7,9,6,5,15,1,205.13,89.74,115.38,76.92,64.1,192.31,12.82,NO
UMAR. 2_YAQUERANA,UMAR. 2_YAQUERANA,UMAR. 2,YAQUERANA,REQUENA,,0,0,0,0,4,0,0,0,0,0,0,0,0,0,NO
YAQUERANA_YAQUERANA,YAQUERANA_YAQUERANA,YAQUERANA,YAQUERANA,REQUENA,,0,4,0,3,5,6,2,0,0,0,0,0,0,0,NO
ALAN GARCIA_CONTAMANA,ALAN GARCIA_CONTAMANA,ALAN GARCIA,CONTAMANA,UCAYALI,61,1,0,0,0,0,0,0,16.39,0,0,0,0,0,0,NO
CONTAMANA_CONTAMANA,CONTAMANA_CONTAMANA,CONTAMANA,CONTAMANA,UCAYALI,12476,1,4,2,1,0,0,0,0.08,0.32,0.16,0.08,0,0,0,NO
CONTAMANILLO_CONTAMANA,CONTAMANILLO_CONTAMANA,CONTAMANILLO,CONTAMANA,UCAYALI,82,0,1,0,0,0,0,0,0,12.2,0,0,0,0,0,NO
LIBERTAD_CONTAMANA,LIBERTAD_CONTAMANA,LIBERTAD,CONTAMANA,UCAYALI,9,1,0,0,0,0,0,0,111.11,0,0,0,0,0,0,NO
SAN MIGUEL_CONTAMANA,#N/A,SAN MIGUEL,CONTAMANA,UCAYALI,52,7,0,0,0,0,0,0,134.62,0,0,0,0,0,0,NO
SAN ROQUE_CONTAMANA,SAN ROQUE_CONTAMANA,SAN ROQUE,CONTAMANA,UCAYALI,212,0,0,1,0,0,0,0,0,0,4.72,0,0,0,0,NO
SANTA MARIA_CONTAMANA,SANTA MARIA_CONTAMANA,SANTA MARIA,CONTAMANA,UCAYALI,74,0,0,0,0,0,0,1,0,0,0,0,0,0,13.51,NO
INAHUAYA_INAHUAYA,INAHUAYA_INAHUAYA,INAHUAYA,INAHUAYA,UCAYALI,1159,0,0,1,0,1,0,0,0,0,0.86,0,0.86,0,0,NO
LIBERTAD_PAMPA HERMOSA,LIBERTAD_PAMPA HERMOSA,LIBERTAD,PAMPA HERMOSA,UCAYALI,135,1,0,0,0,0,0,0,7.41,0,0,0,0,0,0,NO
PAMPA HERMOSA_PAMPA HERMOSA,PAMPA HERMOSA_PAMPA HERMOSA,PAMPA HERMOSA,PAMPA HERMOSA,UCAYALI,893,0,4,1,1,1,3,0,0,4.48,1.12,1.12,1.12,3.36,0,NO
7 DE JUNIO_SARAYACU,7 DE JUNIO_SARAYACU,7 DE JUNIO,SARAYACU,UCAYALI,47,0,0,0,0,1,0,0,0,0,0,0,21.28,0,0,NO
HUAÑUNA_SARAYACU,#N/A,HUAÑUNA,SARAYACU,UCAYALI,369,0,0,0,0,0,0,1,0,0,0,0,0,0,2.71,NO
JUANCITO_SARAYACU,JUANCITO_SARAYACU,JUANCITO,SARAYACU,UCAYALI,1671,1,0,0,0,0,0,0,0.6,0,0,0,0,0,0,NO
MONTE BELLO_SARAYACU,MONTE BELLO_SARAYACU,MONTE BELLO,SARAYACU,UCAYALI,464,0,0,0,0,0,1,0,0,0,0,0,0,2.16,0,NO
NEW YORK_SARAYACU,#N/A,NEW YORK,SARAYACU,UCAYALI,206,0,1,0,0,0,0,0,0,4.85,0,0,0,0,0,NO
PAINACO_SARAYACU,PAINACO_SARAYACU,PAINACO,SARAYACU,UCAYALI,185,0,0,0,0,0,1,0,0,0,0,0,0,5.41,0,NO
PUCA PANGA_SARAYACU,PUCA PANGA_SARAYACU,PUCA PANGA,SARAYACU,UCAYALI,446,0,0,0,1,0,0,0,0,0,0,2.24,0,0,0,NO
SARAYACU_SARAYACU,SARAYACU_SARAYACU,SARAYACU,SARAYACU,UCAYALI,215,0,0,1,1,0,0,1,0,0,4.65,4.65,0,0,4.65,NO
GARZA CAÑO_VARGAS GUERRA,#N/A,GARZA CAÑO,VARGAS GUERRA,UCAYALI,93,0,0,0,0,0,1,0,0,0,0,0,0,10.75,0,NO
ORELLANA_VARGAS GUERRA,ORELLANA_VARGAS GUERRA,ORELLANA,VARGAS GUERRA,UCAYALI,4838,0,1,1,0,1,1,0,0,0.21,0.21,0,0.21,0.21,0,NO
VICTOR ANDRES BELAUNDE_VARGAS GUERRA,VICTOR ANDRES BELAUNDE_VARGAS GUERRA,VICTOR ANDRES BELAUNDE,VARGAS GUERRA,UCAYALI,214,0,0,0,0,0,1,0,0,0,0,0,0,4.67,0,NO