base_hh_intrvwr,base_hh_vst_date,base_hh_com_code,base_hh_house_code,base_hh_extr_wall,base_hh_mat_wall,base_hh_mat_wall_oth,base_hh_mat_roof,base_hh_mat_roof_oth,base_hh_mat_floor,base_hh_mat_floor_oth,base_hh_num_sleep_spce,base_hh_wtr_source,base_hh_wtr_source_oth,base_hh_electrct,base_hh_electrct_hrs,base_hh_spryd_insect,base_hh_reside_time,base_hh_reside_yrs,base_hh_reside_mnth,base_hh_net_noninsect,base_hh_net_insect,base_hh_net_deliver,base_hh_net_hohh,base_hh_net_tx,base_hh_net_tx_time,base_hh_hohh_trvl,base_hh_trvl_quant,base_hh_trvl_ovrnght,base_hh_nights_spent,base_hh_destin,base_hh_trip_reasn___1,base_hh_trip_reasn___2,base_hh_trip_reasn___3,base_hh_trip_reasn___4,base_hh_trip_reasn___5,base_hh_trip_reasn___6,base_hh_trip_reasn___99,base_hh_trip_reasn_oth,base_hh_trip_wrk___0,base_hh_trip_wrk___1,base_hh_trip_wrk___2,base_hh_trip_wrk___3,base_hh_trip_wrk___4,base_hh_trip_wrk___5,base_hh_trip_wrk___6,base_hh_trip_wrk___7,base_hh_trip_wrk___8,base_hh_trip_wrk___9,base_hh_trip_wrk___99,base_hh_trip_wrk_oth,base_hh_trip_trnsprt___1,base_hh_trip_trnsprt___2,base_hh_trip_trnsprt___3,base_hh_trip_trnsprt___4,base_hh_trip_trnsprt___99,base_hh_trip_trnsprt_oth,base_hh_sleep_plce___1,base_hh_sleep_plce___2,base_hh_sleep_plce___3,base_hh_sleep_plce___99,base_hh_plce_oth,base_hh_net_plce1,base_hh_net_plce2,base_hh_net_plce3,base_hh_net_plce4,encuesta_basal_household_complete
8,2024-10-14,22,106,2,2,,3,,3,,3,5,,2,,2,2,13,,2,0,,1,,,2,,,,,0,0,0,0,0,0,0,,0,0,0,0,0,0,0,0,0,0,0,,0,0,0,0,0,,0,0,0,0,,,,,,2
8,2024-10-14,22,113,2,2,,3,,1,,2,5,,2,,2,1,,,2,0,,1,,,2,,,,,0,0,0,0,0,0,0,,0,0,0,0,0,0,0,0,0,0,0,,0,0,0,0,0,,0,0,0,0,,,,,,2
6,2024-10-14,22,109,2,2,,3,,3,,2,5,,2,,2,2,21,,2,0,,1,2,,2,,,,,0,0,0,0,0,0,0,,0,0,0,0,0,0,0,0,0,0,0,,0,0,0,0,0,,0,0,0,0,,,,,,1
6,2024-10-14,22,575,2,2,,3,,2,,1,5,,2,,2,2,21,,0,1,2,1,1,2,2,,,,,0,0,0,0,0,0,0,,0,0,0,0,0,0,0,0,0,0,0,,0,0,0,0,0,,0,0,0,0,,,,,,1
9,2024-10-14,22,119,2,2,,3,,2,,1,5,,2,,2,1,,,0,3,1,1,1,1,2,,,,,0,0,0,0,0,0,0,,0,0,0,0,0,0,0,0,0,0,0,,0,0,0,0,0,,0,0,0,0,,,,,,1
9,2024-10-14,22,117,3,2,,3,,2,,1,5,,2,,2,1,,,4,0,,1,2,,2,,,,,0,0,0,0,0,0,0,,0,0,0,0,0,0,0,0,0,0,0,,0,0,0,0,0,,0,0,0,0,,,,,,1
2,2024-10-14,22,101,2,2,,3,,2,,1,5,,3,23,2,1,,,2,0,,1,2,,2,,,,,0,0,0,0,0,0,0,,0,0,0,0,0,0,0,0,0,0,0,,0,0,0,0,0,,0,0,0,0,,,,,,1
2,2024-10-14,22,450,2,2,,5,,2,,1,5,,3,23,2,3,,4,2,0,,1,2,,2,,,,,0,0,0,0,0,0,0,,0,0,0,0,0,0,0,0,0,0,0,,0,0,0,0,0,,0,0,0,0,,,,,,1
5,2024-10-14,22,108,1,2,,3,,2,,1,5,,2,,2,2,10,,3,0,,1,2,,2,,,,,0,0,0,0,0,0,0,,0,0,0,0,0,0,0,0,0,0,0,,0,0,0,0,0,,0,0,0,0,,,,,,1
5,2024-10-14,22,107,1,2,,5,,2,,1,5,,2,,2,1,,,2,0,,1,2,,2,,,,,0,0,0,0,0,0,0,,0,0,0,0,0,0,0,0,0,0,0,,0,0,0,0,0,,0,0,0,0,,,,,,1
5,2024-10-14,22,111,3,2,,2,,2,,2,5,,2,,2,1,,,2,2,2,1,2,,1,2,2,,,0,0,0,0,0,0,0,,0,0,0,0,0,0,0,0,0,0,0,,0,0,0,0,0,,0,0,0,0,,,,,,2
7,2024-10-14,22,112,3,2,,3,,2,,1,5,,2,,2,1,,,0,2,3,1,1,3,2,,,,,0,0,0,0,0,0,0,,0,0,0,0,0,0,0,0,0,0,0,,0,0,0,0,0,,0,0,0,0,,,,,,2
7,2024-10-14,22,102,2,2,,5,,2,,1,5,,2,,2,2,6,,2,0,,1,,,2,,,,,0,0,0,0,0,0,0,,0,0,0,0,0,0,0,0,0,0,0,,0,0,0,0,0,,0,0,0,0,,,,,,2
4,2024-10-14,22,103,2,2,,3,,2,,2,5,,2,,2,1,,,2,0,,1,2,,2,,,,,0,0,0,0,0,0,0,,0,0,0,0,0,0,0,0,0,0,0,,0,0,0,0,0,,0,0,0,0,,,,,,1
4,2024-10-14,22,105,3,2,,3,,2,,2,5,,2,,2,1,,,0,2,2,1,1,2,2,,,,,0,0,0,0,0,0,0,,0,0,0,0,0,0,0,0,0,0,0,,0,0,0,0,0,,0,0,0,0,,,,,,2
10,2024-10-14,22,120,2,2,,5,,2,,1,5,,1,,2,3,,4,0,0,,2,,,1,1,1,4,Iquitos,0,1,0,0,0,0,0,,0,0,0,0,0,0,0,0,0,0,0,,1,0,0,0,0,,1,0,0,0,,1,,,,1
10,2024-10-14,22,121,2,2,,3,,2,,2,5,,3,23,2,3,,8,0,1,1,1,1,1,2,,,,,0,0,0,0,0,0,0,,0,0,0,0,0,0,0,0,0,0,0,,0,0,0,0,0,,0,0,0,0,,,,,,1
10,2024-10-14,22,850,2,2,,3,,2,,3,5,,1,,2,2,15,,0,0,,1,2,,1,5,2,,,0,0,0,0,0,0,0,,0,0,0,0,0,0,0,0,0,0,0,,0,0,0,0,0,,0,0,0,0,,,,,,1
10,2024-10-14,22,851,2,2,,3,,2,,1,5,,2,,2,3,,4,1,0,,1,,,2,,,,,0,0,0,0,0,0,0,,0,0,0,0,0,0,0,0,0,0,0,,0,0,0,0,0,,0,0,0,0,,,,,,2
5,2024-10-16,13,169,3,2,,3,,2,,1,3,,2,,2,2,2,,1,0,,1,,,2,,,,,0,0,0,0,0,0,0,,0,0,0,0,0,0,0,0,0,0,0,,0,0,0,0,0,,0,0,0,0,,,,,,1
5,2024-10-16,13,150,3,2,,3,,3,,1,3,,2,,2,1,,,2,2,2,1,1,2,1,8,2,,,0,0,0,0,0,0,0,,0,0,0,0,0,0,0,0,0,0,0,,0,0,0,0,0,,0,0,0,0,,,,,,1
5,2024-10-16,13,128,3,1,,3,,3,,2,3,,2,,2,2,2,,2,0,,1,,,1,4,2,,,0,0,0,0,0,0,0,,0,0,0,0,0,0,0,0,0,0,0,,0,0,0,0,0,,0,0,0,0,,,,,,1
10,2024-10-16,13,160,3,2,,3,,1,,2,2,,1,,1,2,5,,0,2,98,1,1,98,1,1,1,20,"Rio Nanay",1,0,0,0,0,0,0,,0,0,0,0,0,0,0,1,0,0,0,,1,0,0,0,0,,1,0,0,0,,1,,,,1
10,2024-10-16,13,144,3,1,,3,,3,,2,2,,2,,2,3,,7,2,0,,1,,,2,,,,,0,0,0,0,0,0,0,,0,0,0,0,0,0,0,0,0,0,0,,0,0,0,0,0,,0,0,0,0,,,,,,1
10,2024-10-16,13,129,3,1,,3,,3,,2,2,,2,,2,1,,,2,0,,1,,,2,,,,,0,0,0,0,0,0,0,,0,0,0,0,0,0,0,0,0,0,0,,0,0,0,0,0,,0,0,0,0,,,,,,1
6,2024-10-16,13,450,3,99,Madera,3,,3,,3,2,,2,,1,2,12,,0,2,3,1,1,3,2,,,,,0,0,0,0,0,0,0,,0,0,0,0,0,0,0,0,0,0,0,,0,0,0,0,0,,0,0,0,0,,,,,,1
,,,,,,,,,,,,,,,,,,,,,,,,,,,,,,,0,0,0,0,0,0,0,,0,0,0,0,0,0,0,0,0,0,0,,0,0,0,0,0,,0,0,0,0,,,,,,0
,,,,,,,,,,,,,,,,,,,,,,,,,,,,,,,0,0,0,0,0,0,0,,0,0,0,0,0,0,0,0,0,0,0,,0,0,0,0,0,,0,0,0,0,,,,,,0
6,2024-10-16,13,131,3,1,,3,,3,,2,1,,2,,1,2,1,,0,3,2,1,1,2,2,,,,,0,0,0,0,0,0,0,,0,0,0,0,0,0,0,0,0,0,0,,0,0,0,0,0,,0,0,0,0,,,,,,1
,,,,,,,,,,,,,,,,,,,,,,,,,,,,,,,0,0,0,0,0,0,0,,0,0,0,0,0,0,0,0,0,0,0,,0,0,0,0,0,,0,0,0,0,,,,,,0
8,2024-10-16,13,167,2,2,,3,,1,,5,2,,2,,2,98,,,0,1,2,1,2,,2,,,,,0,0,0,0,0,0,0,,0,0,0,0,0,0,0,0,0,0,0,,0,0,0,0,0,,0,0,0,0,,,,,,1
8,2024-10-16,13,120,3,2,,3,,1,,2,2,,2,,2,1,,,3,0,,1,,,2,,,,,0,0,0,0,0,0,0,,0,0,0,0,0,0,0,0,0,0,0,,0,0,0,0,0,,0,0,0,0,,,,,,1
8,2024-10-16,13,104,3,1,,3,,3,,3,2,,2,,2,1,,,0,4,2,2,,,2,,,,,0,0,0,0,0,0,0,,0,0,0,0,0,0,0,0,0,0,0,,0,0,0,0,0,,0,0,0,0,,,,,,1
8,2024-10-16,13,155,2,2,,3,,1,,2,2,,2,,2,1,,,13,3,98,1,2,,2,,,,,0,0,0,0,0,0,0,,0,0,0,0,0,0,0,0,0,0,0,,0,0,0,0,0,,0,0,0,0,,,,,,1
,,,,,,,,,,,,,,,,,,,,,,,,,,,,,,,,,,,,,,,,,,,,,,,,,,,,,,,,,,,,,,,,,,
9,2024-10-16,13,166,3,2,,3,,1,,1,1,,2,,2,2,21,,0,1,2,1,1,3,1,1,1,31,Arequipa,0,0,1,0,0,0,0,,0,0,0,0,0,0,0,0,0,0,0,,0,0,0,0,1,Avion,1,0,0,0,,2,,,,1
9,2024-10-16,13,162,3,2,,3,,1,,3,2,,2,,1,1,,,0,3,1,1,1,3,1,1,1,2,Llanchama,1,0,0,0,0,0,0,,0,1,0,0,0,0,0,0,0,0,0,,0,0,1,0,0,,0,0,0,1,Monte,,,,2,1
9,2024-10-16,13,130,3,1,,1,,3,,1,3,,2,,2,1,,,1,2,2,1,1,2,2,,,,,0,0,0,0,0,0,0,,0,0,0,0,0,0,0,0,0,0,0,,0,0,0,0,0,,0,0,0,0,,,,,,1
,,,,,,,,,,,,,,,,,,,,,,,,,,,,,,,0,0,0,0,0,0,0,,0,0,0,0,0,0,0,0,0,0,0,,0,0,0,0,0,,0,0,0,0,,,,,,0
9,2024-10-16,13,139,3,1,,3,,1,,1,3,,2,,2,1,,,0,2,2,1,1,2,1,1,1,6,Nauta,1,0,0,0,0,0,0,,0,1,0,0,0,0,0,0,0,0,0,,0,1,0,0,0,,0,0,1,0,,,,1,,1
7,2024-10-16,13,152,3,2,,3,,3,,3,2,,2,,2,1,,,2,3,3,1,1,3,2,,,,,0,0,0,0,0,0,0,,0,0,0,0,0,0,0,0,0,0,0,,0,0,0,0,0,,0,0,0,0,,,,,,1
,,,,,,,,,,,,,,,,,,,,,,,,,,,,,,,0,0,0,0,0,0,0,,0,0,0,0,0,0,0,0,0,0,0,,0,0,0,0,0,,0,0,0,0,,,,,,0
7,2024-10-16,13,132,3,1,,3,,3,,2,2,,2,,2,1,,,0,3,3,1,1,3,2,,,,,0,0,0,0,0,0,0,,0,0,0,0,0,0,0,0,0,0,0,,0,0,0,0,0,,0,0,0,0,,,,,,1
7,2024-10-16,13,141,3,1,,3,,4,,2,2,,2,,1,2,4,,2,0,,1,,,2,,,,,0,0,0,0,0,0,0,,0,0,0,0,0,0,0,0,0,0,0,,0,0,0,0,0,,0,0,0,0,,,,,,1
4,2024-10-16,13,149,3,2,,3,,3,,4,2,,2,,2,2,1,,5,0,,1,,,2,,,,,0,0,0,0,0,0,0,,0,0,0,0,0,0,0,0,0,0,0,,0,0,0,0,0,,0,0,0,0,,,,,,1
4,2024-10-16,13,127,3,,,3,,3,,3,2,,2,,2,1,,,0,4,3,2,,,2,,,,,0,0,0,0,0,0,0,,0,0,0,0,0,0,0,0,0,0,0,,0,0,0,0,0,,0,0,0,0,,,,,,1
2,2024-10-16,13,168,3,2,,3,,3,,2,3,,3,23,2,2,9,,3,0,,1,,,2,,,,,0,0,0,0,0,0,0,,0,0,0,0,0,0,0,0,0,0,0,,0,0,0,0,0,,0,0,0,0,,,,,,1
2,2024-10-16,13,148,3,2,,3,,3,,2,99,"Pozo artesiano",2,,2,2,4,,0,03,2,1,1,2,2,,,,,0,0,0,0,0,0,0,,0,0,0,0,0,0,0,0,0,0,0,,0,0,0,0,0,,0,0,0,0,,,,,,1
2,2024-10-17,13,153,3,2,,3,,3,,2,99,"Pozo artesiano",2,,2,1,,,0,03,3,1,1,3,2,,,,,0,0,0,0,0,0,0,,0,0,0,0,0,0,0,0,0,0,0,,0,0,0,0,0,,0,0,0,0,,,,,,1
2,2024-10-17,13,151,3,2,,3,,1,,2,99,"Pozo artesiano",2,,1,1,,,0,2,1,1,1,3,2,,,,,0,0,0,0,0,0,0,,0,0,0,0,0,0,0,0,0,0,0,,0,0,0,0,0,,0,0,0,0,,,,,,1
2,2024-10-17,13,105,3,2,,3,,3,,3,99,"Pozo artesiano",2,,2,1,,,0,4,2,1,1,3,1,2,1,2,Nauta,1,0,0,0,0,0,0,,0,0,0,0,0,0,0,0,0,0,1,"Técnico en identificación de árboles",0,1,0,0,0,,0,0,1,0,,,,1,,1
6,2024-10-17,13,111,3,99,Estera,3,,1,,1,3,,3,12,2,2,21,,1,0,,1,,,2,,,,,0,0,0,0,0,0,0,,0,0,0,0,0,0,0,0,0,0,0,,0,0,0,0,0,,0,0,0,0,,,,,,1
6,2024-10-17,13,124,2,99,Estera,3,,1,,1,3,,2,,2,2,20,,1,2,2,1,2,,2,,,,,0,0,0,0,0,0,0,,0,0,0,0,0,0,0,0,0,0,0,,0,0,0,0,0,,0,0,0,0,,,,,,1
6,2024-10-17,13,114,3,99,Estera,3,,1,,1,2,,1,,2,2,2,,0,1,3,1,1,2,2,,,,,0,0,0,0,0,0,0,,0,0,0,0,0,0,0,0,0,0,0,,0,0,0,0,0,,0,0,0,0,,,,,,1
6,2024-10-17,13,118,3,99,Madera,3,,1,,1,2,,1,,2,2,21,,0,1,3,1,1,3,1,1,1,20,"Alvarenga, Alto Nanay",1,0,0,0,0,0,0,,0,0,0,0,1,0,0,0,0,0,0,,1,0,0,0,0,,1,0,0,0,,2,,,,1
9,2024-10-17,13,134,3,2,,3,,1,,2,3,,2,,2,1,,,0,3,2,1,1,3,2,,,,,0,0,0,0,0,0,0,,0,0,0,0,0,0,0,0,0,0,0,,0,0,0,0,0,,0,0,0,0,,,,,,1
9,2024-10-17,13,146,3,2,,3,,3,,2,3,,2,,2,1,,,0,2,2,1,1,2,2,,,,,0,0,0,0,0,0,0,,0,0,0,0,0,0,0,0,0,0,0,,0,0,0,0,0,,0,0,0,0,,,,,,1
9,2024-10-17,13,110,3,2,,3,,1,,3,3,,2,,2,1,,,0,3,2,1,1,3,2,,,,,0,0,0,0,0,0,0,,0,0,0,0,0,0,0,0,0,0,0,,0,0,0,0,0,,0,0,0,0,,,,,,1
10,2024-10-17,13,115,2,2,,3,,1,,3,2,,1,,1,2,3,,0,3,3,1,2,,2,,,,,0,0,0,0,0,0,0,,0,0,0,0,0,0,0,0,0,0,0,,0,0,0,0,0,,0,0,0,0,,,,,,1
10,2024-10-17,13,123,3,1,,3,,3,,1,2,,2,,1,1,,,1,0,,1,,,2,,,,,0,0,0,0,0,0,0,,0,0,0,0,0,0,0,0,0,0,0,,0,0,0,0,0,,0,0,0,0,,,,,,1
5,2024-10-17,13,126,3,2,,3,,1,,1,3,,1,,2,1,,,2,2,2,1,2,,2,,,,,0,0,0,0,0,0,0,,0,0,0,0,0,0,0,0,0,0,0,,0,0,0,0,0,,0,0,0,0,,,,,,1
5,2024-10-17,13,145,3,2,,3,,1,,2,2,,2,,2,2,21,,3,0,,1,,,2,,,,,0,0,0,0,0,0,0,,0,0,0,0,0,0,0,0,0,0,0,,0,0,0,0,0,,0,0,0,0,,,,,,1
5,2024-10-17,13,106,3,1,,3,,3,,2,2,,2,,2,1,,,0,2,2,1,1,2,1,1,2,,,0,0,0,0,0,0,0,,0,0,0,0,0,0,0,0,0,0,0,,0,0,0,0,0,,0,0,0,0,,,,,,1
4,2024-10-17,13,116,3,2,,3,,1,,1,3,,2,,2,1,,,1,2,2,1,2,,2,,,,,0,0,0,0,0,0,0,,0,0,0,0,0,0,0,0,0,0,0,,0,0,0,0,0,,0,0,0,0,,,,,,1
,,,,,,,,,,,,,,,,,,,,,,,,,,,,,,,,,,,,,,,,,,,,,,,,,,,,,,,,,,,,,,,,,,
4,2024-10-17,13,451,1,2,,5,,1,,1,2,,2,,2,2,5,,1,1,3,1,2,,2,,,,,0,0,0,0,0,0,0,,0,0,0,0,0,0,0,0,0,0,0,,0,0,0,0,0,,0,0,0,0,,,,,,1
8,2024-10-17,13,122,2,2,,3,,3,,2,2,,2,,2,1,,,0,3,98,1,1,98,2,,,,,0,0,0,0,0,0,0,,0,0,0,0,0,0,0,0,0,0,0,,0,0,0,0,0,,0,0,0,0,,,,,,1
8,2024-10-17,13,121,2,2,,3,,1,,4,2,,2,,2,2,19,,0,5,98,1,1,3,2,,,,,0,0,0,0,0,0,0,,0,0,0,0,0,0,0,0,0,0,0,,0,0,0,0,0,,0,0,0,0,,,,,,1
8,2024-10-17,13,119,2,2,,3,,3,,1,2,,1,,2,2,3,,0,2,2,1,1,2,2,,,,,0,0,0,0,0,0,0,,0,0,0,0,0,0,0,0,0,0,0,,0,0,0,0,0,,0,0,0,0,,,,,,1
7,2024-10-17,13,112,3,2,,3,,1,,2,2,,2,,2,2,1,,2,3,2,1,1,2,2,,,,,0,0,0,0,0,0,0,,0,0,0,0,0,0,0,0,0,0,0,,0,0,0,0,0,,0,0,0,0,,,,,,1
7,2024-10-17,13,113,3,99,Triplay,3,,1,,1,2,,1,,2,1,,,2,0,,1,,,2,,,,,0,0,0,0,0,0,0,,0,0,0,0,0,0,0,0,0,0,0,,0,0,0,0,0,,0,0,0,0,,,,,,1
10,2024-10-18,13,400,3,2,,3,,3,,2,2,,2,,2,2,3,,1,1,3,1,2,,2,,,,,0,0,0,0,0,0,0,,0,0,0,0,0,0,0,0,0,0,0,,0,0,0,0,0,,0,0,0,0,,,,,,1
9,2024-10-18,13,108,3,1,,3,,3,,3,3,,2,,2,2,21,,4,1,3,1,2,,1,1,1,30,Leticia,0,0,1,0,0,0,0,,0,0,0,0,0,0,0,0,0,0,0,,1,0,0,0,0,,1,0,0,0,,1,,,,1
6,2024-10-18,13,107,3,99,Triplay,3,,2,,3,2,,2,,2,2,13,,2,2,3,1,2,,2,,,,,0,0,0,0,0,0,0,,0,0,0,0,0,0,0,0,0,0,0,,0,0,0,0,0,,0,0,0,0,,,,,,1
4,2024-10-18,13,103,3,2,,2,,3,,1,2,,2,,2,3,,10,0,0,,,,,2,,,,,0,0,0,0,0,0,0,,0,0,0,0,0,0,0,0,0,0,0,,0,0,0,0,0,,0,0,0,0,,,,,,1
4,2024-10-18,13,125,3,2,,3,,3,,4,2,,2,,2,2,2,,0,4,3,2,,,2,,,,,0,0,0,0,0,0,0,,0,0,0,0,0,0,0,0,0,0,0,,0,0,0,0,0,,0,0,0,0,,,,,,1
2,2024-10-18,13,101,3,2,,3,,3,,2,3,,2,,2,2,2,,4,0,,1,,,2,,,,,0,0,0,0,0,0,0,,0,0,0,0,0,0,0,0,0,0,0,,0,0,0,0,0,,0,0,0,0,,,,,,1
8,2024-10-19,02,286,3,2,,3,,3,,4,2,,2,,2,1,,,1,0,,1,,,2,,,,,0,0,0,0,0,0,0,,0,0,0,0,0,0,0,0,0,0,0,,0,0,0,0,0,,0,0,0,0,,,,,,1
2,2024-10-19,02,288,3,99,"Tripley y calamina",3,,1,,1,1,,2,,1,1,,,0,2,2,1,1,3,2,,,,,0,0,0,0,0,0,0,,0,0,0,0,0,0,0,0,0,0,0,,0,0,0,0,0,,0,0,0,0,,,,,,1
6,2024-10-19,02,478,3,99,Madera,3,,3,,3,1,,2,,2,2,21,,0,4,2,1,1,2,2,,,,,0,0,0,0,0,0,0,,0,0,0,0,0,0,0,0,0,0,0,,0,0,0,0,0,,0,0,0,0,,,,,,1
6,2024-10-19,02,277,3,2,,3,,2,,2,2,,2,,1,1,,,0,3,3,1,1,3,2,,,,,0,0,0,0,0,0,0,,0,0,0,0,0,0,0,0,0,0,0,,0,0,0,0,0,,0,0,0,0,,,,,,1
10,2024-10-19,02,477,3,1,,3,,3,,2,3,,2,,2,2,13,,0,4,3,1,1,3,2,,,,,0,0,0,0,0,0,0,,0,0,0,0,0,0,0,0,0,0,0,,0,0,0,0,0,,0,0,0,0,,,,,,1
10,2024-10-19,02,294,2,2,,3,,1,,2,2,,2,,1,1,,,0,2,98,1,2,,2,,,,,0,0,0,0,0,0,0,,0,0,0,0,0,0,0,0,0,0,0,,0,0,0,0,0,,0,0,0,0,,,,,,1
7,2024-10-19,02,287,3,1,,3,,3,,2,2,,2,,2,1,,,0,5,3,1,1,3,2,,,,,0,0,0,0,0,0,0,,0,0,0,0,0,0,0,0,0,0,0,,0,0,0,0,0,,0,0,0,0,,,,,,1
9,2024-10-19,02,476,3,1,,3,,3,,3,3,,2,,1,1,,,0,2,2,1,1,3,2,,,,,0,0,0,0,0,0,0,,0,0,0,0,0,0,0,0,0,0,0,,0,0,0,0,0,,0,0,0,0,,,,,,1
4,2024-10-19,02,289,3,1,,3,,3,,7,2,,2,,2,1,,,0,6,3,2,,,2,,,,,0,0,0,0,0,0,0,,0,0,0,0,0,0,0,0,0,0,0,,0,0,0,0,0,,0,0,0,0,,,,,,1
5,2024-10-19,02,278,3,1,,3,,3,,3,2,,2,,1,1,,,0,3,2,1,1,2,1,18,2,,,0,0,0,0,0,0,0,,0,0,0,0,0,0,0,0,0,0,0,,0,0,0,0,0,,0,0,0,0,,,,,,1
5,2024-10-19,02,291,3,1,,3,,3,,5,2,,2,,2,1,,,0,5,2,1,1,2,1,10,2,,,0,0,0,0,0,0,0,,0,0,0,0,0,0,0,0,0,0,0,,0,0,0,0,0,,0,0,0,0,,,,,,1
2,2024-10-21,02,316,3,1,,3,,3,,3,99,"Pozo artesiano",2,,1,1,,,0,3,3,1,1,3,2,,,,,0,0,0,0,0,0,0,,0,0,0,0,0,0,0,0,0,0,0,,0,0,0,0,0,,0,0,0,0,,,,,,1
2,2024-10-21,02,310,3,1,,3,,3,,4,99,"Pozo artesiano",2,,98,1,,,2,2,3,1,1,3,2,,,,,0,0,0,0,0,0,0,,0,0,0,0,0,0,0,0,0,0,0,,0,0,0,0,0,,0,0,0,0,,,,,,1
2,2024-10-21,02,308,3,1,,3,,3,,3,99,"Pozo artesiano",2,,1,2,4,,1,3,2,1,2,,2,,,,,0,0,0,0,0,0,0,,0,0,0,0,0,0,0,0,0,0,0,,0,0,0,0,0,,0,0,0,0,,,,,,1
6,2024-10-21,02,309,3,1,,3,,99,Cemento,2,2,,2,,2,2,21,,2,0,,1,,,2,,,,,0,0,0,0,0,0,0,,0,0,0,0,0,0,0,0,0,0,0,,0,0,0,0,0,,0,0,0,0,,,,,,1
6,2024-10-21,02,295,2,99,Triplay,3,,3,,3,2,,2,,98,1,,,0,4,3,1,1,3,2,,,,,0,0,0,0,0,0,0,,0,0,0,0,0,0,0,0,0,0,0,,0,0,0,0,0,,0,0,0,0,,,,,,1
6,2024-10-21,02,314,2,1,,3,,99,Cemento,2,2,,2,,98,3,,6,2,0,,1,,,2,,,,,0,0,0,0,0,0,0,,0,0,0,0,0,0,0,0,0,0,0,,0,0,0,0,0,,0,0,0,0,,,,,,1
6,2024-10-21,02,313,3,2,,3,,2,,3,2,,2,,2,1,,,3,2,3,2,,,2,,,,,0,0,0,0,0,0,0,,0,0,0,0,0,0,0,0,0,0,0,,0,0,0,0,0,,0,0,0,0,,,,,,1
7,2024-10-21,02,481,3,1,,3,,3,,3,2,,2,,1,2,2,,3,0,,1,,,2,,,,,0,0,0,0,0,0,0,,0,0,0,0,0,0,0,0,0,0,0,,0,0,0,0,0,,0,0,0,0,,,,,,1
7,2024-10-21,02,300,3,1,,3,,3,,3,2,,2,,1,1,,,0,3,2,2,,,2,,,,,0,0,0,0,0,0,0,,0,0,0,0,0,0,0,0,0,0,0,,0,0,0,0,0,,0,0,0,0,,,,,,1
9,2024-10-21,02,305,3,1,,3,,3,,3,3,,2,,2,1,,,3,1,3,2,,,2,,,,,0,0,0,0,0,0,0,,0,0,0,0,0,0,0,0,0,0,0,,0,0,0,0,0,,0,0,0,0,,,,,,1
9,2024-10-21,02,480,3,1,,3,,3,,4,3,,2,,1,2,21,,0,4,3,1,1,3,2,,,,,0,0,0,0,0,0,0,,0,0,0,0,0,0,0,0,0,0,0,,0,0,0,0,0,,0,0,0,0,,,,,,1
9,2024-10-21,02,293,3,1,,3,,3,,2,3,,2,,1,1,,,0,6,3,1,1,3,2,,,,,0,0,0,0,0,0,0,,0,0,0,0,0,0,0,0,0,0,0,,0,0,0,0,0,,0,0,0,0,,,,,,1
8,2024-10-21,02,307,3,1,,3,,3,,6,2,,2,,2,2,4,,0,6,3,1,1,3,2,,,,,0,0,0,0,0,0,0,,0,0,0,0,0,0,0,0,0,0,0,,0,0,0,0,0,,0,0,0,0,,,,,,1
8,2024-10-21,02,292,3,1,,3,,3,,3,2,,2,,2,1,,,0,4,2,1,1,2,2,,,,,0,0,0,0,0,0,0,,0,0,0,0,0,0,0,0,0,0,0,,0,0,0,0,0,,0,0,0,0,,,,,,1
8,2024-10-21,02,484,3,1,,3,,3,,2,2,,2,,2,1,,,0,2,98,1,1,98,2,,,,,0,0,0,0,0,0,0,,0,0,0,0,0,0,0,0,0,0,0,,0,0,0,0,0,,0,0,0,0,,,,,,1
5,2024-10-21,02,301,3,1,,3,,3,,4,2,,2,,2,2,20,,2,3,2,1,1,2,1,4,2,,,0,0,0,0,0,0,0,,0,0,0,0,0,0,0,0,0,0,0,,0,0,0,0,0,,0,0,0,0,,,,,,1
,,,,,,,,,,,,,,,,,,,,,,,,,,,,,,,,,,,,,,,,,,,,,,,,,,,,,,,,,,,,,,,,,,
5,2024-10-21,02,296,3,1,,3,,3,,4,2,,2,,2,2,21,,5,0,,1,,,1,20,2,,,0,0,0,0,0,0,0,,0,0,0,0,0,0,0,0,0,0,0,,0,0,0,0,0,,0,0,0,0,,,,,,1
4,2024-10-21,02,299,3,1,,3,,3,,3,99,"Tanque elevado",2,,2,1,,,5,5,3,1,1,3,2,,,,,0,0,0,0,0,0,0,,0,0,0,0,0,0,0,0,0,0,0,,0,0,0,0,0,,0,0,0,0,,,,,,1
10,2024-10-21,02,304,3,1,,3,,4,,4,2,,2,,2,1,,,0,4,3,1,2,,2,,,,,0,0,0,0,0,0,0,,0,0,0,0,0,0,0,0,0,0,0,,0,0,0,0,0,,0,0,0,0,,,,,,1
10,2024-10-21,02,315,2,2,,3,,3,,3,2,,2,,2,1,,,0,3,2,1,1,2,1,1,1,4,"Centro fuerte, Momon",1,0,0,0,0,0,0,,0,0,1,0,0,0,0,0,0,0,0,,1,0,0,0,0,,1,0,0,0,,2,,,,1
6,2024-10-22,02,271,3,1,,3,,99,Cemento,3,2,,2,,2,1,,,0,3,3,1,1,3,2,,,,,0,0,0,0,0,0,0,,0,0,0,0,0,0,0,0,0,0,0,,0,0,0,0,0,,0,0,0,0,,,,,,1
6,2024-10-22,02,257,2,1,,3,,99,Cemento,2,2,,2,,2,2,13,,0,0,,,,,2,,,,,0,0,0,0,0,0,0,,0,0,0,0,0,0,0,0,0,0,0,,0,0,0,0,0,,0,0,0,0,,,,,,1
,,,,,,,,,,,,,,,,,,,,,,,,,,,,,,,0,0,0,0,0,0,0,,0,0,0,0,0,0,0,0,0,0,0,,0,0,0,0,0,,0,0,0,0,,,,,,0
6,2024-10-22,02,185,2,1,,3,,3,,3,2,,2,,98,1,,,2,0,,2,,,2,,,,,0,0,0,0,0,0,0,,0,0,0,0,0,0,0,0,0,0,0,,0,0,0,0,0,,0,0,0,0,,,,,,1
6,2024-10-22,02,189,3,1,,3,,3,,2,2,,2,,2,1,,,1,1,3,1,1,3,2,,,,,0,0,0,0,0,0,0,,0,0,0,0,0,0,0,0,0,0,0,,0,0,0,0,0,,0,0,0,0,,,,,,1
,,,,,,,,,,,,,,,,,,,,,,,,,,,,,,,,,,,,,,,,,,,,,,,,,,,,,,,,,,,,,,,,,,
,,,,,,,,,,,,,,,,,,,,,,,,,,,,,,,,,,,,,,,,,,,,,,,,,,,,,,,,,,,,,,,,,,
,,,,,,,,,,,,,,,,,,,,,,,,,,,,,,,,,,,,,,,,,,,,,,,,,,,,,,,,,,,,,,,,,,
9,2024-10-22,02,269,3,1,,3,,3,,6,3,,2,,2,1,,,0,2,2,1,1,3,2,,,,,0,0,0,0,0,0,0,,0,0,0,0,0,0,0,0,0,0,0,,0,0,0,0,0,,0,0,0,0,,,,,,1
9,2024-10-22,02,259,3,1,,3,,3,,4,3,,2,,2,2,21,,0,2,3,1,1,3,2,,,,,0,0,0,0,0,0,0,,0,0,0,0,0,0,0,0,0,0,0,,0,0,0,0,0,,0,0,0,0,,,,,,1
9,2024-10-22,02,400,3,1,,3,,3,,2,3,,2,,2,2,10,,2,0,,1,,,2,,,,,0,0,0,0,0,0,0,,0,0,0,0,0,0,0,0,0,0,0,,0,0,0,0,0,,0,0,0,0,,,,,,1
9,2024-10-22,02,498,3,2,,3,,1,,2,3,,2,,2,3,,6,1,0,,1,,,2,,,,,0,0,0,0,0,0,0,,0,0,0,0,0,0,0,0,0,0,0,,0,0,0,0,0,,0,0,0,0,,,,,,1
7,2024-10-22,02,256,3,1,,3,,4,,2,2,,2,,2,1,,,0,0,,,,,2,,,,,0,0,0,0,0,0,0,,0,0,0,0,0,0,0,0,0,0,0,,0,0,0,0,0,,0,0,0,0,,,,,,1
7,2024-10-22,02,248,3,2,,3,,3,,1,99,Pilon,2,,2,2,1,,1,0,,1,,,2,,,,,0,0,0,0,0,0,0,,0,0,0,0,0,0,0,0,0,0,0,,0,0,0,0,0,,0,0,0,0,,,,,,1
7,2024-10-22,02,204,3,1,,3,,3,,2,2,,2,,2,2,3,,4,0,,1,,,2,,,,,0,0,0,0,0,0,0,,0,0,0,0,0,0,0,0,0,0,0,,0,0,0,0,0,,0,0,0,0,,,,,,1
,,,,,,,,,,,,,,,,,,,,,,,,,,,,,,,0,0,0,0,0,0,0,,0,0,0,0,0,0,0,0,0,0,0,,0,0,0,0,0,,0,0,0,0,,,,,,0
7,2024-10-22,02,510,3,2,,3,,1,,2,2,,1,,2,2,14,,2,1,3,1,2,,2,,,,,0,0,0,0,0,0,0,,0,0,0,0,0,0,0,0,0,0,0,,0,0,0,0,0,,0,0,0,0,,,,,,1
7,2024-10-22,02,197,3,2,,3,,1,,1,99,Pilon,2,,1,2,14,,3,0,,1,,,1,1,1,1,"San martin segunda zona",0,0,0,1,0,0,0,,0,0,0,0,0,0,0,0,0,0,0,,0,1,0,0,0,,0,0,1,0,,,,1,,1
,,,,,,,,,,,,,,,,,,,,,,,,,,,,,,,0,0,0,0,0,0,0,,0,0,0,0,0,0,0,0,0,0,0,,0,0,0,0,0,,0,0,0,0,,,,,,0
,,,,,,,,,,,,,,,,,,,,,,,,,,,,,,,0,0,0,0,0,0,0,,0,0,0,0,0,0,0,0,0,0,0,,0,0,0,0,0,,0,0,0,0,,,,,,0
10,2024-10-22,02,202,2,2,,3,,1,,2,2,,1,,2,3,,5,0,2,98,1,98,,2,,,,,0,0,0,0,0,0,0,,0,0,0,0,0,0,0,0,0,0,0,,0,0,0,0,0,,0,0,0,0,,,,,,1
10,2024-10-22,02,496,3,1,,3,,3,,3,2,,2,,98,1,,,0,3,98,1,98,,2,,,,,0,0,0,0,0,0,0,,0,0,0,0,0,0,0,0,0,0,0,,0,0,0,0,0,,0,0,0,0,,,,,,1
10,2024-10-22,02,497,2,2,,3,,1,,3,2,,2,,1,1,,,0,3,98,1,98,,2,,,,,0,0,0,0,0,0,0,,0,0,0,0,0,0,0,0,0,0,0,,0,0,0,0,0,,0,0,0,0,,,,,,1
8,2024-10-22,02,258,3,2,,3,,1,,1,2,,2,,2,1,,,1,0,,1,,,2,,,,,0,0,0,0,0,0,0,,0,0,0,0,0,0,0,0,0,0,0,,0,0,0,0,0,,0,0,0,0,,,,,,1
8,2024-10-22,02,215,3,1,,3,,3,,3,2,,2,,2,2,21,,3,0,,1,,,2,,,,,0,0,0,0,0,0,0,,0,0,0,0,0,0,0,0,0,0,0,,0,0,0,0,0,,0,0,0,0,,,,,,1
8,2024-10-22,02,267,3,1,,3,,3,,4,2,,2,,2,1,,,0,2,98,1,1,98,2,,,,,0,0,0,0,0,0,0,,0,0,0,0,0,0,0,0,0,0,0,,0,0,0,0,0,,0,0,0,0,,,,,,1
8,2024-10-22,02,182,3,2,,3,,3,,3,2,,2,,2,2,14,,0,3,2,1,1,2,2,,,,,0,0,0,0,0,0,0,,0,0,0,0,0,0,0,0,0,0,0,,0,0,0,0,0,,0,0,0,0,,,,,,1
8,2024-10-22,02,192,3,1,,3,,3,,3,2,,2,,2,2,18,,3,0,,1,,,2,,,,,0,0,0,0,0,0,0,,0,0,0,0,0,0,0,0,0,0,0,,0,0,0,0,0,,0,0,0,0,,,,,,1
2,2024-10-22,02,272,3,1,,3,,3,,3,99,"Pozo artesiano",2,,2,1,,,0,3,3,1,1,3,2,,,,,0,0,0,0,0,0,0,,0,0,0,0,0,0,0,0,0,0,0,,0,0,0,0,0,,0,0,0,0,,,,,,1
2,2024-10-22,02,704,3,1,,3,,3,,2,99,"Pozo artesiano",2,,2,2,3,,0,2,2,1,1,2,2,,,,,0,0,0,0,0,0,0,,0,0,0,0,0,0,0,0,0,0,0,,0,0,0,0,0,,0,0,0,0,,,,,,1
2,2024-10-22,02,186,3,99,Tripley,3,,99,"Cemento y tierra",4,99,"Pozo artesiano",2,,2,2,10,,0,4,98,1,1,3,2,,,,,0,0,0,0,0,0,0,,0,0,0,0,0,0,0,0,0,0,0,,0,0,0,0,0,,0,0,0,0,,,,,,1
4,2024-10-22,02,452,3,1,,3,,3,,2,2,,2,,1,2,7,,0,2,3,1,2,,2,,,,,0,0,0,0,0,0,0,,0,0,0,0,0,0,0,0,0,0,0,,0,0,0,0,0,,0,0,0,0,,,,,,1
4,2024-10-22,02,180,3,1,,3,,4,,4,2,,2,,2,1,,,1,3,3,2,,,2,,,,,0,0,0,0,0,0,0,,0,0,0,0,0,0,0,0,0,0,0,,0,0,0,0,0,,0,0,0,0,,,,,,1
5,2024-10-22,02,265,3,1,,3,,3,,4,2,,2,,98,1,,,1,4,2,1,1,2,1,10,2,,,0,0,0,0,0,0,0,,0,0,0,0,0,0,0,0,0,0,0,,0,0,0,0,0,,0,0,0,0,,,,,,1
5,2024-10-22,02,262,3,1,,3,,3,,2,2,,2,,1,2,21,,0,3,2,1,1,2,1,3,2,,,0,0,0,0,0,0,0,,0,0,0,0,0,0,0,0,0,0,0,,0,0,0,0,0,,0,0,0,0,,,,,,1
5,2024-10-22,02,179,3,1,,3,,3,,1,2,,2,,98,2,8,,2,2,2,1,2,,1,20,2,,,0,0,0,0,0,0,0,,0,0,0,0,0,0,0,0,0,0,0,,0,0,0,0,0,,0,0,0,0,,,,,,1
5,2024-10-22,02,188,3,2,,3,,3,,1,2,,2,,98,2,16,,0,4,2,1,1,2,1,1,2,,,0,0,0,0,0,0,0,,0,0,0,0,0,0,0,0,0,0,0,,0,0,0,0,0,,0,0,0,0,,,,,,1
8,2024-10-23,02,165,3,2,,3,,1,,1,2,,2,,2,1,,,0,2,98,1,1,98,2,,,,,0,0,0,0,0,0,0,,0,0,0,0,0,0,0,0,0,0,0,,0,0,0,0,0,,0,0,0,0,,,,,,1
,,,,,,,,,,,,,,,,,,,,,,,,,,,,,,,,,,,,,,,,,,,,,,,,,,,,,,,,,,,,,,,,,,
8,2024-10-23,02,175,3,99,Calamina,3,,1,,1,2,,1,,2,2,3,,0,2,98,1,1,2,2,,,,,0,0,0,0,0,0,0,,0,0,0,0,0,0,0,0,0,0,0,,0,0,0,0,0,,0,0,0,0,,,,,,2
8,2024-10-23,02,494,3,1,,3,,3,,4,2,,2,,2,1,,,0,4,98,2,,,1,8,1,7,Yanamono,1,0,0,0,0,0,0,,0,0,0,0,0,0,0,0,0,0,1,Motorista,1,0,0,0,0,,0,0,0,1,Albergue,,,,1,1
6,2024-10-23,02,264,3,1,,3,,99,Cemento,2,2,,2,,2,1,,,0,2,3,2,,,2,,,,,0,0,0,0,0,0,0,,0,0,0,0,0,0,0,0,0,0,0,,0,0,0,0,0,,0,0,0,0,,,,,,1
6,2024-10-23,02,141,3,1,,3,,99,Cemento,2,2,,2,,1,2,21,,0,2,2,1,1,2,2,,,,,0,0,0,0,0,0,0,,0,0,0,0,0,0,0,0,0,0,0,,0,0,0,0,0,,0,0,0,0,,,,,,1
6,2024-10-23,02,200,3,99,Madera,3,,3,,2,3,,2,,2,2,8,,0,2,3,1,1,3,2,,,,,0,0,0,0,0,0,0,,0,0,0,0,0,0,0,0,0,0,0,,0,0,0,0,0,,0,0,0,0,,,,,,1
6,2024-10-23,02,146,3,1,,3,,99,Cemento,4,2,,2,,98,2,18,,0,0,,,,,2,,,,,0,0,0,0,0,0,0,,0,0,0,0,0,0,0,0,0,0,0,,0,0,0,0,0,,0,0,0,0,,,,,,1
7,2024-10-23,02,240,3,1,,3,,3,,4,2,,2,,1,1,,,0,4,3,1,1,3,2,,,,,0,0,0,0,0,0,0,,0,0,0,0,0,0,0,0,0,0,0,,0,0,0,0,0,,0,0,0,0,,,,,,1
7,2024-10-23,02,170,3,1,,3,,3,,4,2,,2,,2,1,,,0,1,3,1,1,3,2,,,,,0,0,0,0,0,0,0,,0,0,0,0,0,0,0,0,0,0,0,,0,0,0,0,0,,0,0,0,0,,,,,,1
7,2024-10-23,02,166,3,2,,3,,3,,2,2,,2,,2,1,,,0,3,3,1,1,3,2,,,,,0,0,0,0,0,0,0,,0,0,0,0,0,0,0,0,0,0,0,,0,0,0,0,0,,0,0,0,0,,,,,,1
5,2024-10-23,02,243,3,1,,3,,4,,3,2,,2,,1,2,3,,0,3,2,1,1,2,1,8,2,,,0,0,0,0,0,0,0,,0,0,0,0,0,0,0,0,0,0,0,,0,0,0,0,0,,0,0,0,0,,,,,,1
5,2024-10-23,02,161,3,2,,3,,3,,1,2,,2,,2,1,,,1,1,2,1,1,2,1,2,2,,,0,0,0,0,0,0,0,,0,0,0,0,0,0,0,0,0,0,0,,0,0,0,0,0,,0,0,0,0,,,,,,1
5,2024-10-23,02,511,3,2,,3,,1,,3,2,,1,,2,2,2,,4,0,,1,,,1,3,2,,,0,0,0,0,0,0,0,,0,0,0,0,0,0,0,0,0,0,0,,0,0,0,0,0,,0,0,0,0,,,,,,1
2,2024-10-23,02,235,3,99,"Fibra cemento",3,,3,,3,99,"Pozo artesiano",2,,2,1,,,0,4,3,1,1,3,2,,,,,0,0,0,0,0,0,0,,0,0,0,0,0,0,0,0,0,0,0,,0,0,0,0,0,,0,0,0,0,,,,,,1
2,2024-10-23,02,184,3,2,,3,,1,,3,99,"Pozo artesiano ",1,,2,2,16,,0,3,3,1,1,3,2,,,,,0,0,0,0,0,0,0,,0,0,0,0,0,0,0,0,0,0,0,,0,0,0,0,0,,0,0,0,0,,,,,,1
2,2024-10-23,02,148,3,99,Tripley,3,,3,,2,99,"Pozo artesiano",2,,1,1,,,0,4,2,1,1,3,2,,,,,0,0,0,0,0,0,0,,0,0,0,0,0,0,0,0,0,0,0,,0,0,0,0,0,,0,0,0,0,,,,,,1
9,2024-10-23,02,234,3,1,,3,,1,,2,3,,2,,2,1,,,0,1,3,1,1,3,2,,,,,0,0,0,0,0,0,0,,0,0,0,0,0,0,0,0,0,0,0,,0,0,0,0,0,,0,0,0,0,,,,,,1
9,2024-10-23,02,236,3,1,,3,,4,,2,3,,2,,2,2,21,,0,2,2,1,1,3,2,,,,,0,0,0,0,0,0,0,,0,0,0,0,0,0,0,0,0,0,0,,0,0,0,0,0,,0,0,0,0,,,,,,1
,,,,,,,,,,,,,,,,,,,,,,,,,,,,,,,0,0,0,0,0,0,0,,0,0,0,0,0,0,0,0,0,0,0,,0,0,0,0,0,,0,0,0,0,,,,,,0
9,2024-10-23,02,167,3,2,,3,,1,,1,2,,1,,2,1,,,0,1,3,1,1,3,2,,,,,0,0,0,0,0,0,0,,0,0,0,0,0,0,0,0,0,0,0,,0,0,0,0,0,,0,0,0,0,,,,,,1
9,2024-10-23,02,187,3,2,,3,,3,,4,2,,2,,1,1,,,0,2,3,1,1,3,2,,,,,0,0,0,0,0,0,0,,0,0,0,0,0,0,0,0,0,0,0,,0,0,0,0,0,,0,0,0,0,,,,,,1
9,2024-10-23,02,145,3,2,,3,,3,,4,3,,2,,2,2,7,,1,3,3,1,1,3,2,,,,,0,0,0,0,0,0,0,,0,0,0,0,0,0,0,0,0,0,0,,0,0,0,0,0,,0,0,0,0,,,,,,1
4,2024-10-23,02,237,3,1,,3,,3,,4,3,,2,,1,2,3,,0,4,3,2,,,2,,,,,0,0,0,0,0,0,0,,0,0,0,0,0,0,0,0,0,0,0,,0,0,0,0,0,,0,0,0,0,,,,,,1
4,2024-10-23,02,160,3,2,,3,,3,,2,2,,2,,2,2,4,,1,1,3,2,,,2,,,,,0,0,0,0,0,0,0,,0,0,0,0,0,0,0,0,0,0,0,,0,0,0,0,0,,0,0,0,0,,,,,,1
4,2024-10-23,02,495,3,2,,3,,3,,3,2,,2,,2,1,,,3,0,,2,,,2,,,,,0,0,0,0,0,0,0,,0,0,0,0,0,0,0,0,0,0,0,,0,0,0,0,0,,0,0,0,0,,,,,,1
4,2024-10-23,02,147,3,1,,3,,3,,5,1,,2,,2,1,,,5,0,,2,,,2,,,,,0,0,0,0,0,0,0,,0,0,0,0,0,0,0,0,0,0,0,,0,0,0,0,0,,0,0,0,0,,,,,,1
10,2024-10-23,02,246,3,2,,3,,3,,1,2,,2,,2,1,,,0,1,2,1,1,2,2,,,,,0,0,0,0,0,0,0,,0,0,0,0,0,0,0,0,0,0,0,,0,0,0,0,0,,0,0,0,0,,,,,,1
10,2024-10-23,02,172,3,2,,3,,3,,2,2,,2,,1,2,3,,0,2,98,1,1,98,2,,,,,0,0,0,0,0,0,0,,0,0,0,0,0,0,0,0,0,0,0,,0,0,0,0,0,,0,0,0,0,,,,,,1
10,2024-10-23,02,201,2,2,,3,,2,,4,2,,2,,98,1,,,0,4,2,1,1,2,2,,,,,0,0,0,0,0,0,0,,0,0,0,0,0,0,0,0,0,0,0,,0,0,0,0,0,,0,0,0,0,,,,,,1
10,2024-10-23,02,142,3,2,,3,,3,,2,2,,2,,2,2,5,,0,2,3,1,1,3,2,,,,,0,0,0,0,0,0,0,,0,0,0,0,0,0,0,0,0,0,0,,0,0,0,0,0,,0,0,0,0,,,,,,1
,,,,,,,,,,,,,,,,,,,,,,,,,,,,,,,,,,,,,,,,,,,,,,,,,,,,,,,,,,,,,,,,,,
,,,,,,,,,,,,,,,,,,,,,,,,,,,,,,,,,,,,,,,,,,,,,,,,,,,,,,,,,,,,,,,,,,
,,,,,,,,,,,,,,,,,,,,,,,,,,,,,,,,,,,,,,,,,,,,,,,,,,,,,,,,,,,,,,,,,,
9,2024-10-24,02,164,3,2,,3,,3,,8,3,,2,,2,2,5,,3,0,,1,,,2,,,,,0,0,0,0,0,0,0,,0,0,0,0,0,0,0,0,0,0,0,,0,0,0,0,0,,0,0,0,0,,,,,,1
,,,,,,,,,,,,,,,,,,,,,,,,,,,,,,,0,0,0,0,0,0,0,,0,0,0,0,0,0,0,0,0,0,0,,0,0,0,0,0,,0,0,0,0,,,,,,0
4,2024-10-24,02,255,3,1,,3,,3,,1,2,,2,,2,3,,11,0,1,3,1,1,3,2,,,,,0,0,0,0,0,0,0,,0,0,0,0,0,0,0,0,0,0,0,,0,0,0,0,0,,0,0,0,0,,,,,,1
7,2024-10-25,02,326,3,99,Tripley,3,,3,,3,99,Pilon,2,,2,1,,,0,3,3,1,1,3,2,,,,,0,0,0,0,0,0,0,,0,0,0,0,0,0,0,0,0,0,0,,0,0,0,0,0,,0,0,0,0,,,,,,1
7,2024-10-25,02,325,3,99,Triplay,3,,3,,1,2,,2,,2,2,4,,0,2,2,1,1,2,2,,,,,0,0,0,0,0,0,0,,0,0,0,0,0,0,0,0,0,0,0,,0,0,0,0,0,,0,0,0,0,,,,,,1
5,2024-10-25,02,324,3,1,,3,,3,,4,2,,2,,1,2,21,,0,4,2,1,1,2,1,1,2,,,0,0,0,0,0,0,0,,0,0,0,0,0,0,0,0,0,0,0,,0,0,0,0,0,,0,0,0,0,,,,,,1
6,2024-10-25,02,403,3,1,,3,,3,,3,2,,2,,2,2,12,,0,2,3,1,1,3,2,,,,,0,0,0,0,0,0,0,,0,0,0,0,0,0,0,0,0,0,0,,0,0,0,0,0,,0,0,0,0,,,,,,1
8,2024-10-25,02,328,2,1,,3,,3,,4,2,,2,,2,1,,,0,3,98,1,1,98,2,,,,,0,0,0,0,0,0,0,,0,0,0,0,0,0,0,0,0,0,0,,0,0,0,0,0,,0,0,0,0,,,,,,1
8,2024-10-25,02,327,2,99,"Madera y cemento",3,,3,,2,2,,2,,2,2,21,,3,0,,1,,,2,,,,,0,0,0,0,0,0,0,,0,0,0,0,0,0,0,0,0,0,0,,0,0,0,0,0,,0,0,0,0,,,,,,1
9,2024-10-25,02,319,3,1,,3,,3,,2,3,,2,,2,1,,,2,0,,1,,,2,,,,,0,0,0,0,0,0,0,,0,0,0,0,0,0,0,0,0,0,0,,0,0,0,0,0,,0,0,0,0,,,,,,1
9,2024-10-25,02,320,3,1,,3,,3,,1,3,,2,,2,2,2,,0,1,2,1,1,2,2,,,,,0,0,0,0,0,0,0,,0,0,0,0,0,0,0,0,0,0,0,,0,0,0,0,0,,0,0,0,0,,,,,,1
4,2024-10-25,02,323,3,2,,3,,3,,3,99,Tanque,2,,2,1,,,6,0,,2,,,2,,,,,0,0,0,0,0,0,0,,0,0,0,0,0,0,0,0,0,0,0,,0,0,0,0,0,,0,0,0,0,,,,,,1
,,,,,,,,,,,,,,,,,,,,,,,,,,,,,,,,,,,,,,,,,,,,,,,,,,,,,,,,,,,,,,,,,,
,,,,,,,,,,,,,,,,,,,,,,,,,,,,,,,,,,,,,,,,,,,,,,,,,,,,,,,,,,,,,,,,,,
,,,,,,,,,,,,,,,,,,,,,,,,,,,,,,,,,,,,,,,,,,,,,,,,,,,,,,,,,,,,,,,,,,
4,2024-10-25,02,650,3,1,,3,,3,,2,2,,2,,2,1,,,0,1,3,2,,,2,,,,,0,0,0,0,0,0,0,,0,0,0,0,0,0,0,0,0,0,0,,0,0,0,0,0,,0,0,0,0,,,,,,1
,,,,,,,,,,,,,,,,,,,,,,,,,,,,,,,,,,,,,,,,,,,,,,,,,,,,,,,,,,,,,,,,,,
,,,,,,,,,,,,,,,,,,,,,,,,,,,,,,,,,,,,,,,,,,,,,,,,,,,,,,,,,,,,,,,,,,
,,,,,,,,,,,,,,,,,,,,,,,,,,,,,,,,,,,,,,,,,,,,,,,,,,,,,,,,,,,,,,,,,,
10,2024-10-25,02,329,3,2,,3,,2,,2,2,,2,,1,1,,,0,3,2,1,1,2,2,,,,,0,0,0,0,0,0,0,,0,0,0,0,0,0,0,0,0,0,0,,0,0,0,0,0,,0,0,0,0,,,,,,1
2,2024-10-25,02,322,3,2,,3,,3,,3,99,"Pozo artesiano",2,,2,2,9,,0,5,2,1,1,3,2,,,,,0,0,0,0,0,0,0,,0,0,0,0,0,0,0,0,0,0,0,,0,0,0,0,0,,0,0,0,0,,,,,,1
2,2024-10-25,02,318,2,99,Tripley,3,,3,,2,99,"Pozo artesiano",2,,98,1,,,0,4,98,1,1,3,2,,,,,0,0,0,0,0,0,0,,0,0,0,0,0,0,0,0,0,0,0,,0,0,0,0,0,,0,0,0,0,,,,,,1
6,2024-10-26,02,273,3,1,,3,,3,,3,2,,2,,2,2,19,,4,0,,1,,,2,,,,,0,0,0,0,0,0,0,,0,0,0,0,0,0,0,0,0,0,0,,0,0,0,0,0,,0,0,0,0,,,,,,1
6,2024-10-26,02,117,3,1,,3,,3,,2,2,,2,,2,2,3,,2,0,,1,,,2,,,,,0,0,0,0,0,0,0,,0,0,0,0,0,0,0,0,0,0,0,,0,0,0,0,0,,0,0,0,0,,,,,,1
4,2024-10-26,02,131,3,1,,3,,3,,2,2,,2,,2,2,15,,2,1,3,1,1,3,2,,,,,0,0,0,0,0,0,0,,0,0,0,0,0,0,0,0,0,0,0,,0,0,0,0,0,,0,0,0,0,,,,,,1
10,2024-10-26,02,285,3,1,,3,,3,,3,2,,2,,1,1,,,0,3,98,1,1,3,2,,,,,0,0,0,0,0,0,0,,0,0,0,0,0,0,0,0,0,0,0,,0,0,0,0,0,,0,0,0,0,,,,,,1
,,,,,,,,,,,,,,,,,,,,,,,,,,,,,,,,,,,,,,,,,,,,,,,,,,,,,,,,,,,,,,,,,,
10,2024-10-26,02,107,3,1,,3,,3,,1,2,,2,,98,1,,,0,1,98,1,98,,2,,,,,0,0,0,0,0,0,0,,0,0,0,0,0,0,0,0,0,0,0,,0,0,0,0,0,,0,0,0,0,,,,,,1
7,2024-10-26,02,483,3,1,,3,,3,,2,2,,2,,1,2,10,,1,3,2,1,1,2,2,,,,,0,0,0,0,0,0,0,,0,0,0,0,0,0,0,0,0,0,0,,0,0,0,0,0,,0,0,0,0,,,,,,1
7,2024-10-26,02,516,3,2,,3,,3,,1,2,,2,,2,1,,,1,1,1,1,1,1,2,,,,,0,0,0,0,0,0,0,,0,0,0,0,0,0,0,0,0,0,0,,0,0,0,0,0,,0,0,0,0,,,,,,1
7,2024-10-26,02,109,3,1,,3,,3,,4,2,,2,,1,1,,,0,0,,,,,2,,,,,0,0,0,0,0,0,0,,0,0,0,0,0,0,0,0,0,0,0,,0,0,0,0,0,,0,0,0,0,,,,,,1
7,2024-10-26,02,114,3,2,,3,,3,,3,2,,2,,1,2,10,,0,3,2,1,1,2,2,,,,,0,0,0,0,0,0,0,,0,0,0,0,0,0,0,0,0,0,0,,0,0,0,0,0,,0,0,0,0,,,,,,1
7,2024-10-26,02,658,3,2,,3,,4,,1,2,,2,,2,2,16,,0,3,2,1,1,2,2,,,,,0,0,0,0,0,0,0,,0,0,0,0,0,0,0,0,0,0,0,,0,0,0,0,0,,0,0,0,0,,,,,,1
9,2024-10-26,02,485,3,2,,3,,1,,1,2,,2,,2,1,,,0,1,3,1,1,3,2,,,,,0,0,0,0,0,0,0,,0,0,0,0,0,0,0,0,0,0,0,,0,0,0,0,0,,0,0,0,0,,,,,,1
9,2024-10-26,02,655,3,1,,3,,3,,2,2,,2,,1,2,21,,0,0,,,,,2,,,,,0,0,0,0,0,0,0,,0,0,0,0,0,0,0,0,0,0,0,,0,0,0,0,0,,0,0,0,0,,,,,,1
9,2024-10-26,02,656,3,1,,3,,3,,1,2,,2,,1,1,,,0,1,3,1,1,3,2,,,,,0,0,0,0,0,0,0,,0,0,0,0,0,0,0,0,0,0,0,,0,0,0,0,0,,0,0,0,0,,,,,,1
8,2024-10-26,02,249,2,1,,3,,3,,1,2,,2,,2,2,6,,0,0,,,,,2,,,,,0,0,0,0,0,0,0,,0,0,0,0,0,0,0,0,0,0,0,,0,0,0,0,0,,0,0,0,0,,,,,,1
8,2024-10-26,02,110,2,1,,3,,3,,6,2,,2,,2,1,,,1,0,,1,,,2,,,,,0,0,0,0,0,0,0,,0,0,0,0,0,0,0,0,0,0,0,,0,0,0,0,0,,0,0,0,0,,,,,,1
8,2024-10-26,02,116,2,2,,3,,3,,3,2,,2,,2,1,,,0,2,2,1,1,2,2,,,,,0,0,0,0,0,0,0,,0,0,0,0,0,0,0,0,0,0,0,,0,0,0,0,0,,0,0,0,0,,,,,,1
2,2024-10-26,02,263,3,1,,3,,3,,2,99,"Pozo artesiano",2,,2,2,10,,0,0,,,,,2,,,,,0,0,0,0,0,0,0,,0,0,0,0,0,0,0,0,0,0,0,,0,0,0,0,0,,0,0,0,0,,,,,,1
2,2024-10-26,02,118,3,1,,3,,3,,1,99,"Pozo artesiano",2,,1,2,12,,0,4,3,1,1,3,2,,,,,0,0,0,0,0,0,0,,0,0,0,0,0,0,0,0,0,0,0,,0,0,0,0,0,,0,0,0,0,,,,,,1
2,2024-10-26,02,121,3,99,Tripley,3,,3,,2,99,"Pozo artesiano",2,,2,1,,,0,1,98,1,1,3,2,,,,,0,0,0,0,0,0,0,,0,0,0,0,0,0,0,0,0,0,0,,0,0,0,0,0,,0,0,0,0,,,,,,1
5,2024-10-26,02,149,3,2,,3,,1,,3,2,,2,,2,2,6,,0,2,2,1,1,2,1,15,2,,,0,0,0,0,0,0,0,,0,0,0,0,0,0,0,0,0,0,0,,0,0,0,0,0,,0,0,0,0,,,,,,1
5,2024-10-26,02,151,3,1,,3,,3,,2,2,,2,,2,2,7,,0,0,,,,,1,20,2,,,0,0,0,0,0,0,0,,0,0,0,0,0,0,0,0,0,0,0,,0,0,0,0,0,,0,0,0,0,,,,,,1
5,2024-10-26,02,657,3,2,,3,,3,,1,2,,2,,2,2,13,,0,1,3,1,1,3,1,2,2,,,0,0,0,0,0,0,0,,0,0,0,0,0,0,0,0,0,0,0,,0,0,0,0,0,,0,0,0,0,,,,,,1
,,,,,,,,,,,,,,,,,,,,,,,,,,,,,,,0,0,0,0,0,0,0,,0,0,0,0,0,0,0,0,0,0,0,,0,0,0,0,0,,0,0,0,0,,,,,,0
,,,,,,,,,,,,,,,,,,,,,,,,,,,,,,,0,0,0,0,0,0,0,,0,0,0,0,0,0,0,0,0,0,0,,0,0,0,0,0,,0,0,0,0,,,,,,0
6,2024-10-27,02,217,3,99,Madera,3,,3,,1,2,,2,,1,2,21,,0,1,2,1,1,2,2,,,,,0,0,0,0,0,0,0,,0,0,0,0,0,0,0,0,0,0,0,,0,0,0,0,0,,0,0,0,0,,,,,,1
6,2024-10-27,02,242,3,99,Triplay,3,,3,,4,2,,1,,2,2,20,,4,0,,1,,,2,,,,,0,0,0,0,0,0,0,,0,0,0,0,0,0,0,0,0,0,0,,0,0,0,0,0,,0,0,0,0,,,,,,1
6,2024-10-27,02,105,3,99,Triplay,3,,3,,3,2,,2,,2,2,8,,3,0,,2,,,2,,,,,0,0,0,0,0,0,0,,0,0,0,0,0,0,0,0,0,0,0,,0,0,0,0,0,,0,0,0,0,,,,,,1
6,2024-10-27,02,106,3,99,Triplay,3,,99,Cemento,1,2,,2,,2,2,3,,2,0,,1,,,2,,,,,0,0,0,0,0,0,0,,0,0,0,0,0,0,0,0,0,0,0,,0,0,0,0,0,,0,0,0,0,,,,,,1
9,2024-10-27,02,244,3,2,,3,,3,,2,2,,2,,1,2,4,,0,3,2,1,1,2,2,,,,,0,0,0,0,0,0,0,,0,0,0,0,0,0,0,0,0,0,0,,0,0,0,0,0,,0,0,0,0,,,,,,1
9,2024-10-27,02,209,3,1,,3,,4,,3,2,,2,,1,1,,,0,3,3,1,1,3,2,,,,,0,0,0,0,0,0,0,,0,0,0,0,0,0,0,0,0,0,0,,0,0,0,0,0,,0,0,0,0,,,,,,1
2,2024-10-27,02,660,3,99,Tripley,3,,3,,4,99,"Pozo artesiano",2,,2,2,21,,0,4,98,1,1,2,2,,,,,0,0,0,0,0,0,0,,0,0,0,0,0,0,0,0,0,0,0,,0,0,0,0,0,,0,0,0,0,,,,,,1
2,2024-10-27,02,703,3,1,,3,,3,,3,99,"Pozo artesiano",2,,2,2,20,,0,0,,,,,2,,,,,0,0,0,0,0,0,0,,0,0,0,0,0,0,0,0,0,0,0,,0,0,0,0,0,,0,0,0,0,,,,,,1
10,2024-10-27,02,252,3,1,,3,,4,,2,2,,2,,98,2,10,,0,3,2,1,1,2,2,,,,,0,0,0,0,0,0,0,,0,0,0,0,0,0,0,0,0,0,0,,0,0,0,0,0,,0,0,0,0,,,,,,1
,,,,,,,,,,,,,,,,,,,,,,,,,,,,,,,,,,,,,,,,,,,,,,,,,,,,,,,,,,,,,,,,,,
,,,,,,,,,,,,,,,,,,,,,,,,,,,,,,,,,,,,,,,,,,,,,,,,,,,,,,,,,,,,,,,,,,
,,,,,,,,,,,,,,,,,,,,,,,,,,,,,,,,,,,,,,,,,,,,,,,,,,,,,,,,,,,,,,,,,,
10,2024-10-27,02,168,2,2,,3,,1,,1,2,,2,,2,2,2,,0,1,98,1,98,,2,,,,,0,0,0,0,0,0,0,,0,0,0,0,0,0,0,0,0,0,0,,0,0,0,0,0,,0,0,0,0,,,,,,1
,,,,,,,,,,,,,,,,,,,,,,,,,,,,,,,,,,,,,,,,,,,,,,,,,,,,,,,,,,,,,,,,,,
,,,,,,,,,,,,,,,,,,,,,,,,,,,,,,,,,,,,,,,,,,,,,,,,,,,,,,,,,,,,,,,,,,
,,,,,,,,,,,,,,,,,,,,,,,,,,,,,,,,,,,,,,,,,,,,,,,,,,,,,,,,,,,,,,,,,,
,,,,,,,,,,,,,,,,,,,,,,,,,,,,,,,0,0,0,0,0,0,0,,0,0,0,0,0,0,0,0,0,0,0,,0,0,0,0,0,,0,0,0,0,,,,,,0
,,,,,,,,,,,,,,,,,,,,,,,,,,,,,,,,,,,,,,,,,,,,,,,,,,,,,,,,,,,,,,,,,,
,,,,,,,,,,,,,,,,,,,,,,,,,,,,,,,,,,,,,,,,,,,,,,,,,,,,,,,,,,,,,,,,,,
,,,,,,,,,,,,,,,,,,,,,,,,,,,,,,,,,,,,,,,,,,,,,,,,,,,,,,,,,,,,,,,,,,
4,2024-10-27,02,247,3,1,,3,,3,,4,2,,2,,1,2,21,,0,3,3,1,1,3,2,,,,,0,0,0,0,0,0,0,,0,0,0,0,0,0,0,0,0,0,0,,0,0,0,0,0,,0,0,0,0,,,,,,1
,,,,,,,,,,,,,,,,,,,,,,,,,,,,,,,,,,,,,,,,,,,,,,,,,,,,,,,,,,,,,,,,,,
,,,,,,,,,,,,,,,,,,,,,,,,,,,,,,,,,,,,,,,,,,,,,,,,,,,,,,,,,,,,,,,,,,
,,,,,,,,,,,,,,,,,,,,,,,,,,,,,,,,,,,,,,,,,,,,,,,,,,,,,,,,,,,,,,,,,,
4,2024-10-27,02,122,3,2,,3,,3,,4,2,,2,,2,2,7,,1,4,3,2,,,2,,,,,0,0,0,0,0,0,0,,0,0,0,0,0,0,0,0,0,0,0,,0,0,0,0,0,,0,0,0,0,,,,,,1
,,,,,,,,,,,,,,,,,,,,,,,,,,,,,,,,,,,,,,,,,,,,,,,,,,,,,,,,,,,,,,,,,,
,,,,,,,,,,,,,,,,,,,,,,,,,,,,,,,,,,,,,,,,,,,,,,,,,,,,,,,,,,,,,,,,,,
,,,,,,,,,,,,,,,,,,,,,,,,,,,,,,,,,,,,,,,,,,,,,,,,,,,,,,,,,,,,,,,,,,
7,2024-10-27,02,515,3,1,,3,,3,,3,2,,1,,2,1,,,0,3,2,1,1,2,2,,,,,0,0,0,0,0,0,0,,0,0,0,0,0,0,0,0,0,0,0,,0,0,0,0,0,,0,0,0,0,,,,,,1
7,2024-10-27,02,127,3,2,,3,,3,,3,2,,2,,2,1,,,3,0,,1,,,2,,,,,0,0,0,0,0,0,0,,0,0,0,0,0,0,0,0,0,0,0,,0,0,0,0,0,,0,0,0,0,,,,,,1
7,2024-10-27,02,210,3,99,Triplay,3,,3,,2,99,Pilon,2,,2,1,,,0,2,3,1,1,3,1,2,1,2,"Centro arenal",0,0,0,1,0,0,0,,0,0,0,0,0,0,0,0,0,0,0,,0,1,1,0,0,,1,0,0,0,,1,,,,1
7,2024-10-27,02,129,3,1,,3,,3,,3,2,,2,,2,1,,,2,1,3,1,1,3,2,,,,,0,0,0,0,0,0,0,,0,0,0,0,0,0,0,0,0,0,0,,0,0,0,0,0,,0,0,0,0,,,,,,1
5,2024-10-27,02,102,3,1,,3,,4,,3,2,,2,,1,1,,,0,4,2,1,1,2,1,5,2,,,0,0,0,0,0,0,0,,0,0,0,0,0,0,0,0,0,0,0,,0,0,0,0,0,,0,0,0,0,,,,,,1
5,2024-10-27,02,133,3,99,Calamina,3,,1,,3,2,,2,,2,2,10,,3,0,,1,,,1,2,2,,,0,0,0,0,0,0,0,,0,0,0,0,0,0,0,0,0,0,0,,0,0,0,0,0,,0,0,0,0,,,,,,1
8,2024-10-27,02,230,3,1,,3,,3,,1,2,,2,,2,1,,,0,2,98,1,1,98,2,,,,,0,0,0,0,0,0,0,,0,0,0,0,0,0,0,0,0,0,0,,0,0,0,0,0,,0,0,0,0,,,,,,1
8,2024-10-27,02,218,2,2,,3,,3,,2,2,,2,,2,1,,,0,2,98,1,1,3,2,,,,,0,0,0,0,0,0,0,,0,0,0,0,0,0,0,0,0,0,0,,0,0,0,0,0,,0,0,0,0,,,,,,1
8,2024-10-27,02,241,2,2,,3,,3,,2,2,,2,,2,2,10,,0,3,98,1,1,98,2,,,,,0,0,0,0,0,0,0,,0,0,0,0,0,0,0,0,0,0,0,,0,0,0,0,0,,0,0,0,0,,,,,,1
8,2024-10-27,02,514,2,2,,3,,3,,2,2,,2,,2,2,7,,0,1,3,1,1,3,2,,,,,0,0,0,0,0,0,0,,0,0,0,0,0,0,0,0,0,0,0,,0,0,0,0,0,,0,0,0,0,,,,,,1
,,,,,,,,,,,,,,,,,,,,,,,,,,,,,,,0,0,0,0,0,0,0,,0,0,0,0,0,0,0,0,0,0,0,,0,0,0,0,0,,0,0,0,0,,,,,,0
7,2024-10-28,02,720,3,1,,3,,3,,5,2,,2,,1,1,,,0,5,3,1,1,3,2,,,,,0,0,0,0,0,0,0,,0,0,0,0,0,0,0,0,0,0,0,,0,0,0,0,0,,0,0,0,0,,,,,,1
7,2024-10-28,02,111,3,99,Triplay,3,,3,,2,2,,2,,2,1,,,0,4,2,1,1,2,2,,,,,0,0,0,0,0,0,0,,0,0,0,0,0,0,0,0,0,0,0,,0,0,0,0,0,,0,0,0,0,,,,,,1
6,2024-10-28,02,758,3,99,Madera,3,,1,,2,2,,1,,1,2,21,,0,5,2,1,1,2,2,,,,,0,0,0,0,0,0,0,,0,0,0,0,0,0,0,0,0,0,0,,0,0,0,0,0,,0,0,0,0,,,,,,1
6,2024-10-28,02,756,2,2,,3,,2,,1,2,,1,,2,2,1,,1,0,,1,,,2,,,,,0,0,0,0,0,0,0,,0,0,0,0,0,0,0,0,0,0,0,,0,0,0,0,0,,0,0,0,0,,,,,,1
,,,,,,,,,,,,,,,,,,,,,,,,,,,,,,,0,0,0,0,0,0,0,,0,0,0,0,0,0,0,0,0,0,0,,0,0,0,0,0,,0,0,0,0,,,,,,0
,,,,,,,,,,,,,,,,,,,,,,,,,,,,,,,0,0,0,0,0,0,0,,0,0,0,0,0,0,0,0,0,0,0,,0,0,0,0,0,,0,0,0,0,,,,,,0
,,,,,,,,,,,,,,,,,,,,,,,,,,,,,,,0,0,0,0,0,0,0,,0,0,0,0,0,0,0,0,0,0,0,,0,0,0,0,0,,0,0,0,0,,,,,,0
,,,,,,,,,,,,,,,,,,,,,,,,,,,,,,,0,0,0,0,0,0,0,,0,0,0,0,0,0,0,0,0,0,0,,0,0,0,0,0,,0,0,0,0,,,,,,0
,,,,,,,,,,,,,,,,,,,,,,,,,,,,,,,0,0,0,0,0,0,0,,0,0,0,0,0,0,0,0,0,0,0,,0,0,0,0,0,,0,0,0,0,,,,,,0
6,2024-10-28,02,763,2,99,Triplay,3,,3,,2,2,,1,,2,2,3,,3,0,,1,,,2,,,,,0,0,0,0,0,0,0,,0,0,0,0,0,0,0,0,0,0,0,,0,0,0,0,0,,0,0,0,0,,,,,,1
9,2024-10-28,02,766,3,2,,3,,1,,1,2,,1,,2,2,1,,1,0,,1,,,2,,,,,0,0,0,0,0,0,0,,0,0,0,0,0,0,0,0,0,0,0,,0,0,0,0,0,,0,0,0,0,,,,,,1
9,2024-10-28,02,765,3,2,,3,,1,,1,2,,1,,2,2,21,,0,1,3,1,1,3,2,,,,,0,0,0,0,0,0,0,,0,0,0,0,0,0,0,0,0,0,0,,0,0,0,0,0,,0,0,0,0,,,,,,1
2,2024-10-28,02,764,2,99,"Esteras ",3,,1,,1,5,,1,,1,3,,1,2,0,,1,,,2,,,,,0,0,0,0,0,0,0,,0,0,0,0,0,0,0,0,0,0,0,,0,0,0,0,0,,0,0,0,0,,,,,,1
2,2024-10-28,02,754,2,2,,3,,3,,1,5,,1,,2,3,,10,1,0,,1,,,2,,,,,0,0,0,0,0,0,0,,0,0,0,0,0,0,0,0,0,0,0,,0,0,0,0,0,,0,0,0,0,,,,,,1
4,2024-10-28,02,486,3,1,,3,,3,,3,2,,2,,2,2,3,,0,1,98,2,,,2,,,,,0,0,0,0,0,0,0,,0,0,0,0,0,0,0,0,0,0,0,,0,0,0,0,0,,0,0,0,0,,,,,,1
8,2024-10-28,02,132,3,1,,3,,3,,2,2,,2,,2,2,6,,4,0,,1,,,2,,,,,0,0,0,0,0,0,0,,0,0,0,0,0,0,0,0,0,0,0,,0,0,0,0,0,,0,0,0,0,,,,,,1
8,2024-10-28,02,216,3,1,,3,,3,,2,2,,2,,2,2,5,,2,0,,1,,,2,,,,,0,0,0,0,0,0,0,,0,0,0,0,0,0,0,0,0,0,0,,0,0,0,0,0,,0,0,0,0,,,,,,1
,,,,,,,,,,,,,,,,,,,,,,,,,,,,,,,,,,,,,,,,,,,,,,,,,,,,,,,,,,,,,,,,,,
,,,,,,,,,,,,,,,,,,,,,,,,,,,,,,,,,,,,,,,,,,,,,,,,,,,,,,,,,,,,,,,,,,
,,,,,,,,,,,,,,,,,,,,,,,,,,,,,,,,,,,,,,,,,,,,,,,,,,,,,,,,,,,,,,,,,,
8,2024-10-28,02,139,3,1,,3,,3,,4,2,,2,,2,98,,,0,2,98,1,1,98,2,,,,,0,0,0,0,0,0,0,,0,0,0,0,0,0,0,0,0,0,0,,0,0,0,0,0,,0,0,0,0,,,,,,1
,,,,,,,,,,,,,,,,,,,,,,,,,,,,,,,,,,,,,,,,,,,,,,,,,,,,,,,,,,,,,,,,,,
,,,,,,,,,,,,,,,,,,,,,,,,,,,,,,,,,,,,,,,,,,,,,,,,,,,,,,,,,,,,,,,,,,
,,,,,,,,,,,,,,,,,,,,,,,,,,,,,,,,,,,,,,,,,,,,,,,,,,,,,,,,,,,,,,,,,,
8,2024-10-28,02,108,3,1,,3,,3,,2,2,,2,,2,2,2,,1,0,,2,,,2,,,,,0,0,0,0,0,0,0,,0,0,0,0,0,0,0,0,0,0,0,,0,0,0,0,0,,0,0,0,0,,,,,,1
,,,,,,,,,,,,,,,,,,,,,,,,,,,,,,,,,,,,,,,,,,,,,,,,,,,,,,,,,,,,,,,,,,
,,,,,,,,,,,,,,,,,,,,,,,,,,,,,,,,,,,,,,,,,,,,,,,,,,,,,,,,,,,,,,,,,,
,,,,,,,,,,,,,,,,,,,,,,,,,,,,,,,,,,,,,,,,,,,,,,,,,,,,,,,,,,,,,,,,,,
10,2024-10-28,02,135,3,2,,3,,3,,2,2,,1,,2,2,15,,0,2,2,1,1,2,2,,,,,0,0,0,0,0,0,0,,0,0,0,0,0,0,0,0,0,0,0,,0,0,0,0,0,,0,0,0,0,,,,,,1
10,2024-10-28,02,518,3,2,,3,,3,,2,2,,2,,1,1,,,0,5,2,1,1,2,2,,,,,0,0,0,0,0,0,0,,0,0,0,0,0,0,0,0,0,0,0,,0,0,0,0,0,,0,0,0,0,,,,,,1
,,,,,,,,,,,,,,,,,,,,,,,,,,,,,,,0,0,0,0,0,0,0,,0,0,0,0,0,0,0,0,0,0,0,,0,0,0,0,0,,0,0,0,0,,,,,,0
10,2024-10-28,02,212,3,1,,3,,3,,3,2,,2,,98,1,,,0,3,3,1,1,3,2,,,,,0,0,0,0,0,0,0,,0,0,0,0,0,0,0,0,0,0,0,,0,0,0,0,0,,0,0,0,0,,,,,,1
,,,,,,,,,,,,,,,,,,,,,,,,,,,,,,,,,,,,,,,,,,,,,,,,,,,,,,,,,,,,,,,,,,
,,,,,,,,,,,,,,,,,,,,,,,,,,,,,,,,,,,,,,,,,,,,,,,,,,,,,,,,,,,,,,,,,,
,,,,,,,,,,,,,,,,,,,,,,,,,,,,,,,,,,,,,,,,,,,,,,,,,,,,,,,,,,,,,,,,,,
10,2024-10-28,02,213,3,1,,3,,3,,1,2,,2,,98,2,1,,0,1,98,1,98,,2,,,,,0,0,0,0,0,0,0,,0,0,0,0,0,0,0,0,0,0,0,,0,0,0,0,0,,0,0,0,0,,,,,,1
,,,,,,,,,,,,,,,,,,,,,,,,,,,,,,,,,,,,,,,,,,,,,,,,,,,,,,,,,,,,,,,,,,
,,,,,,,,,,,,,,,,,,,,,,,,,,,,,,,,,,,,,,,,,,,,,,,,,,,,,,,,,,,,,,,,,,
,,,,,,,,,,,,,,,,,,,,,,,,,,,,,,,,,,,,,,,,,,,,,,,,,,,,,,,,,,,,,,,,,,
5,2024-10-28,02,750,3,1,,3,,3,,1,2,,1,,2,3,,4,0,0,,,,,2,,,,,0,0,0,0,0,0,0,,0,0,0,0,0,0,0,0,0,0,0,,0,0,0,0,0,,0,0,0,0,,,,,,1
5,2024-10-28,02,751,3,2,,3,,2,,1,2,,3,4,2,2,2,,3,0,,1,,,1,20,2,,,0,0,0,0,0,0,0,,0,0,0,0,0,0,0,0,0,0,0,,0,0,0,0,0,,0,0,0,0,,,,,,1
5,2024-10-28,02,760,2,2,,3,,1,,1,2,,1,,2,2,10,,0,2,2,1,1,2,1,4,2,,,0,0,0,0,0,0,0,,0,0,0,0,0,0,0,0,0,0,0,,0,0,0,0,0,,0,0,0,0,,,,,,1
5,2024-10-28,02,761,2,2,,3,,1,,1,2,,1,,2,2,9,,1,0,,1,,,2,,,,,0,0,0,0,0,0,0,,0,0,0,0,0,0,0,0,0,0,0,,0,0,0,0,0,,0,0,0,0,,,,,,1
2,2024-10-29,02,157,3,99,"Ladrillo y Tripley",3,,3,,3,1,,2,,1,2,9,,0,3,3,1,1,3,2,,,,,0,0,0,0,0,0,0,,0,0,0,0,0,0,0,0,0,0,0,,0,0,0,0,0,,0,0,0,0,,,,,,1
6,2024-10-29,02,130,3,1,,3,,4,,1,2,,2,,2,1,,,0,1,3,1,1,3,2,,,,,0,0,0,0,0,0,0,,0,0,0,0,0,0,0,0,0,0,0,,0,0,0,0,0,,0,0,0,0,,,,,,1
,,,,,,,,,,,,,,,,,,,,,,,,,,,,,,,0,0,0,0,0,0,0,,0,0,0,0,0,0,0,0,0,0,0,,0,0,0,0,0,,0,0,0,0,,,,,,0
10,2024-10-29,02,112,2,2,,3,,1,,1,2,,1,,2,3,,3,1,0,,1,,,2,,,,,0,0,0,0,0,0,0,,0,0,0,0,0,0,0,0,0,0,0,,0,0,0,0,0,,0,0,0,0,,,,,,1
7,2024-10-29,02,154,3,1,,3,,3,,3,2,,2,,2,2,20,,0,3,2,1,1,2,1,1,1,3,"Santa rosa de atun caño, quebrada",1,0,0,0,0,0,0,,0,0,0,0,0,0,0,0,0,0,1,"Guia turismo",0,0,0,0,1,Deslizador,1,0,0,0,,1,,,,1
,,,,,,,,,,,,,,,,,,,,,,,,,,,,,,,0,0,0,0,0,0,0,,0,0,0,0,0,0,0,0,0,0,0,,0,0,0,0,0,,0,0,0,0,,,,,,0
7,2024-10-29,02,156,3,1,,3,,4,,4,2,,2,,1,2,3,,0,0,,,,,1,1,1,12,"Buenos aires",0,0,0,1,0,0,0,,0,0,0,0,0,0,0,0,0,0,0,,0,0,0,0,1,Avion,1,0,0,0,,2,,,,1
9,2024-10-29,02,671,3,1,,3,,1,,1,2,,2,,2,3,,3,1,0,,1,,,2,,,,,0,0,0,0,0,0,0,,0,0,0,0,0,0,0,0,0,0,0,,0,0,0,0,0,,0,0,0,0,,,,,,1
9,2024-10-29,02,767,3,2,,3,,1,,2,2,,1,,2,2,21,,1,0,,1,,,2,,,,,0,0,0,0,0,0,0,,0,0,0,0,0,0,0,0,0,0,0,,0,0,0,0,0,,0,0,0,0,,,,,,1
,,,,,,,,,,,,,,,,,,,,,,,,,,,,,,,0,0,0,0,0,0,0,,0,0,0,0,0,0,0,0,0,0,0,,0,0,0,0,0,,0,0,0,0,,,,,,0
9,2024-10-29,02,752,3,1,,3,,3,,4,2,,1,,2,2,4,,4,0,,1,,,2,,,,,0,0,0,0,0,0,0,,0,0,0,0,0,0,0,0,0,0,0,,0,0,0,0,0,,0,0,0,0,,,,,,1
4,2024-10-29,02,601,3,2,,3,,3,,3,2,,2,,98,2,8,,2,0,,2,,,2,,,,,0,0,0,0,0,0,0,,0,0,0,0,0,0,0,0,0,0,0,,0,0,0,0,0,,0,0,0,0,,,,,,1
4,2024-10-29,02,153,3,1,,3,,3,,3,2,,2,,2,1,,,3,0,,2,,,2,,,,,0,0,0,0,0,0,0,,0,0,0,0,0,0,0,0,0,0,0,,0,0,0,0,0,,0,0,0,0,,,,,,1
,,,,,,,,,,,,,,,,,,,,,,,,,,,,,,,,,,,,,,,,,,,,,,,,,,,,,,,,,,,,,,,,,,
,,,,,,,,,,,,,,,,,,,,,,,,,,,,,,,,,,,,,,,,,,,,,,,,,,,,,,,,,,,,,,,,,,
,,,,,,,,,,,,,,,,,,,,,,,,,,,,,,,,,,,,,,,,,,,,,,,,,,,,,,,,,,,,,,,,,,
8,2024-10-29,02,155,3,1,,3,,3,,4,2,,2,,2,2,20,,0,4,98,1,1,98,2,,,,,0,0,0,0,0,0,0,,0,0,0,0,0,0,0,0,0,0,0,,0,0,0,0,0,,0,0,0,0,,,,,,1
8,2024-10-29,02,768,3,1,,3,,3,,4,2,,2,,2,2,1,,0,0,,,,,2,,,,,0,0,0,0,0,0,0,,0,0,0,0,0,0,0,0,0,0,0,,0,0,0,0,0,,0,0,0,0,,,,,,1
8,2024-10-29,02,770,2,2,,3,,1,,1,99,"Agua potable",2,,1,2,13,,0,0,,,,,2,,,,,0,0,0,0,0,0,0,,0,0,0,0,0,0,0,0,0,0,0,,0,0,0,0,0,,0,0,0,0,,,,,,1
,,,,,,,,,,,,,,,,,,,,,,,,,,,,,,,0,0,0,0,0,0,0,,0,0,0,0,0,0,0,0,0,0,0,,0,0,0,0,0,,0,0,0,0,,,,,,0
8,2024-10-29,02,771,2,99,"Ladrillo y tripley",3,,3,,1,2,,1,,2,2,3,,4,0,,1,,,2,,,,,0,0,0,0,0,0,0,,0,0,0,0,0,0,0,0,0,0,0,,0,0,0,0,0,,0,0,0,0,,,,,,1
5,2024-10-29,02,208,3,1,,3,,3,,2,2,,2,,2,2,21,,0,3,2,1,1,2,1,20,2,,,0,0,0,0,0,0,0,,0,0,0,0,0,0,0,0,0,0,0,,0,0,0,0,0,,0,0,0,0,,,,,,1
,,,,,,,,,,,,,,,,,,,,,,,,,,,,,,,,,,,,,,,,,,,,,,,,,,,,,,,,,,,,,,,,,,
,,,,,,,,,,,,,,,,,,,,,,,,,,,,,,,,,,,,,,,,,,,,,,,,,,,,,,,,,,,,,,,,,,
,,,,,,,,,,,,,,,,,,,,,,,,,,,,,,,,,,,,,,,,,,,,,,,,,,,,,,,,,,,,,,,,,,
6,2024-11-01,01,105,2,99,Triplay,3,,3,,1,2,,2,,2,2,1,,0,2,1,1,1,1,2,,,,,0,0,0,0,0,0,0,,0,0,0,0,0,0,0,0,0,0,0,,0,0,0,0,0,,0,0,0,0,,,,,,1
,,,,,,,,,,,,,,,,,,,,,,,,,,,,,,,,,,,,,,,,,,,,,,,,,,,,,,,,,,,,,,,,,,
,,,,,,,,,,,,,,,,,,,,,,,,,,,,,,,,,,,,,,,,,,,,,,,,,,,,,,,,,,,,,,,,,,
,,,,,,,,,,,,,,,,,,,,,,,,,,,,,,,,,,,,,,,,,,,,,,,,,,,,,,,,,,,,,,,,,,
,,,,,,,,,,,,,,,,,,,,,,,,,,,,,,,,,,,,,,,,,,,,,,,,,,,,,,,,,,,,,,,,,,
,,,,,,,,,,,,,,,,,,,,,,,,,,,,,,,,,,,,,,,,,,,,,,,,,,,,,,,,,,,,,,,,,,
,,,,,,,,,,,,,,,,,,,,,,,,,,,,,,,,,,,,,,,,,,,,,,,,,,,,,,,,,,,,,,,,,,
,,,,,,,,,,,,,,,,,,,,,,,,,,,,,,,,,,,,,,,,,,,,,,,,,,,,,,,,,,,,,,,,,,
,,,,,,,,,,,,,,,,,,,,,,,,,,,,,,,,,,,,,,,,,,,,,,,,,,,,,,,,,,,,,,,,,,
,,,,,,,,,,,,,,,,,,,,,,,,,,,,,,,,,,,,,,,,,,,,,,,,,,,,,,,,,,,,,,,,,,
,,,,,,,,,,,,,,,,,,,,,,,,,,,,,,,,,,,,,,,,,,,,,,,,,,,,,,,,,,,,,,,,,,
,,,,,,,,,,,,,,,,,,,,,,,,,,,,,,,,,,,,,,,,,,,,,,,,,,,,,,,,,,,,,,,,,,
,,,,,,,,,,,,,,,,,,,,,,,,,,,,,,,,,,,,,,,,,,,,,,,,,,,,,,,,,,,,,,,,,,
6,2024-11-01,01,152,3,1,,3,,3,,1,2,,2,,2,1,,,0,2,1,1,1,1,2,,,,,0,0,0,0,0,0,0,,0,0,0,0,0,0,0,0,0,0,0,,0,0,0,0,0,,0,0,0,0,,,,,,1
,,,,,,,,,,,,,,,,,,,,,,,,,,,,,,,,,,,,,,,,,,,,,,,,,,,,,,,,,,,,,,,,,,
,,,,,,,,,,,,,,,,,,,,,,,,,,,,,,,,,,,,,,,,,,,,,,,,,,,,,,,,,,,,,,,,,,
,,,,,,,,,,,,,,,,,,,,,,,,,,,,,,,,,,,,,,,,,,,,,,,,,,,,,,,,,,,,,,,,,,
,,,,,,,,,,,,,,,,,,,,,,,,,,,,,,,,,,,,,,,,,,,,,,,,,,,,,,,,,,,,,,,,,,
,,,,,,,,,,,,,,,,,,,,,,,,,,,,,,,,,,,,,,,,,,,,,,,,,,,,,,,,,,,,,,,,,,
,,,,,,,,,,,,,,,,,,,,,,,,,,,,,,,,,,,,,,,,,,,,,,,,,,,,,,,,,,,,,,,,,,
,,,,,,,,,,,,,,,,,,,,,,,,,,,,,,,,,,,,,,,,,,,,,,,,,,,,,,,,,,,,,,,,,,
,,,,,,,,,,,,,,,,,,,,,,,,,,,,,,,,,,,,,,,,,,,,,,,,,,,,,,,,,,,,,,,,,,
,,,,,,,,,,,,,,,,,,,,,,,,,,,,,,,,,,,,,,,,,,,,,,,,,,,,,,,,,,,,,,,,,,
,,,,,,,,,,,,,,,,,,,,,,,,,,,,,,,,,,,,,,,,,,,,,,,,,,,,,,,,,,,,,,,,,,
,,,,,,,,,,,,,,,,,,,,,,,,,,,,,,,,,,,,,,,,,,,,,,,,,,,,,,,,,,,,,,,,,,
,,,,,,,,,,,,,,,,,,,,,,,,,,,,,,,,,,,,,,,,,,,,,,,,,,,,,,,,,,,,,,,,,,
,,,,,,,,,,,,,,,,,,,,,,,,,,,,,,,0,0,0,0,0,0,0,,0,0,0,0,0,0,0,0,0,0,0,,0,0,0,0,0,,0,0,0,0,,,,,,0
7,2024-11-01,01,113,3,2,,3,,3,,2,2,,2,,2,2,20,,1,3,1,1,1,1,2,,,,,0,0,0,0,0,0,0,,0,0,0,0,0,0,0,0,0,0,0,,0,0,0,0,0,,0,0,0,0,,,,,,1
7,2024-11-01,01,139,3,2,,3,,1,,1,2,,2,,2,1,,,0,3,1,1,1,1,2,,,,,0,0,0,0,0,0,0,,0,0,0,0,0,0,0,0,0,0,0,,0,0,0,0,0,,0,0,0,0,,,,,,1
,,,,,,,,,,,,,,,,,,,,,,,,,,,,,,,,,,,,,,,,,,,,,,,,,,,,,,,,,,,,,,,,,,
4,2024-11-01,01,104,3,2,,3,,1,,2,2,,2,,2,2,2,,1,2,1,2,,,2,,,,,0,0,0,0,0,0,0,,0,0,0,0,0,0,0,0,0,0,0,,0,0,0,0,0,,0,0,0,0,,,,,,1
4,2024-11-01,01,456,3,1,,3,,3,,4,2,,2,,2,2,21,,2,2,1,2,,,2,,,,,0,0,0,0,0,0,0,,0,0,0,0,0,0,0,0,0,0,0,,0,0,0,0,0,,0,0,0,0,,,,,,1
,,,,,,,,,,,,,,,,,,,,,,,,,,,,,,,0,0,0,0,0,0,0,,0,0,0,0,0,0,0,0,0,0,0,,0,0,0,0,0,,0,0,0,0,,,,,,0
2,2024-11-01,01,450,2,99,Tripley,3,,1,,2,99,"No tiene en su casa, trae de la casa de su mamá",2,,2,1,,,1,2,1,1,1,3,1,4,1,7,"Indiana, Loreto",1,0,0,0,0,0,0,,0,0,0,0,0,1,0,0,0,0,0,,1,0,0,0,0,,1,0,0,0,,1,,,,1
2,2024-11-01,01,600,2,99,Tripley,3,,3,,3,99,"Pozo artesiano",2,,1,2,10,,0,3,1,1,1,2,2,,,,,0,0,0,0,0,0,0,,0,0,0,0,0,0,0,0,0,0,0,,0,0,0,0,0,,0,0,0,0,,,,,,1
10,2024-11-01,01,453,3,1,,3,,3,,2,2,,2,,1,1,,,0,0,,,,,2,,,,,0,0,0,0,0,0,0,,0,0,0,0,0,0,0,0,0,0,0,,0,0,0,0,0,,0,0,0,0,,,,,,1
10,2024-11-01,01,458,2,2,,3,,3,,2,2,,2,,98,2,3,,0,3,98,1,98,,2,,,,,0,0,0,0,0,0,0,,0,0,0,0,0,0,0,0,0,0,0,,0,0,0,0,0,,0,0,0,0,,,,,,1
,,,,,,,,,,,,,,,,,,,,,,,,,,,,,,,0,0,0,0,0,0,0,,0,0,0,0,0,0,0,0,0,0,0,,0,0,0,0,0,,0,0,0,0,,,,,,0
9,2024-11-01,01,114,3,1,,3,,3,,3,2,,2,,1,1,,,0,3,3,1,1,3,2,,,,,0,0,0,0,0,0,0,,0,0,0,0,0,0,0,0,0,0,0,,0,0,0,0,0,,0,0,0,0,,,,,,1
9,2024-11-01,01,147,3,1,,3,,3,,5,2,,2,,1,2,15,,0,6,3,1,1,3,2,,,,,0,0,0,0,0,0,0,,0,0,0,0,0,0,0,0,0,0,0,,0,0,0,0,0,,0,0,0,0,,,,,,1
5,2024-11-01,01,452,3,1,,3,,4,,1,2,,2,,2,2,2,,0,3,1,1,1,1,1,4,2,,,0,0,0,0,0,0,0,,0,0,0,0,0,0,0,0,0,0,0,,0,0,0,0,0,,0,0,0,0,,,,,,1
8,2024-11-01,01,700,2,2,,3,,3,,3,2,,2,,2,1,,,0,4,1,1,1,1,2,,,,,0,0,0,0,0,0,0,,0,0,0,0,0,0,0,0,0,0,0,,0,0,0,0,0,,0,0,0,0,,,,,,1
8,2024-11-01,01,150,2,2,,3,,3,,1,2,,2,,2,1,,,0,2,2,1,1,2,2,,,,,0,0,0,0,0,0,0,,0,0,0,0,0,0,0,0,0,0,0,,0,0,0,0,0,,0,0,0,0,,,,,,1
,,,,,,,,,,,,,,,,,,,,,,,,,,,,,,,,,,,,,,,,,,,,,,,,,,,,,,,,,,,,,,,,,,
6,2024-11-02,01,148,2,99,Triplay,3,,3,,1,2,,2,,2,2,21,,0,3,1,1,1,1,2,,,,,0,0,0,0,0,0,0,,0,0,0,0,0,0,0,0,0,0,0,,0,0,0,0,0,,0,0,0,0,,,,,,1
2,2024-11-02,01,107,3,1,,3,,3,,2,99,"Pozo artesiano",2,,1,1,,,0,2,1,1,1,3,2,,,,,0,0,0,0,0,0,0,,0,0,0,0,0,0,0,0,0,0,0,,0,0,0,0,0,,0,0,0,0,,,,,,1
9,2024-11-02,01,137,3,2,,3,,3,,1,2,,2,,1,1,,,0,2,3,1,1,3,2,,,,,0,0,0,0,0,0,0,,0,0,0,0,0,0,0,0,0,0,0,,0,0,0,0,0,,0,0,0,0,,,,,,1
9,2024-11-02,01,470,3,2,,3,,3,,1,2,,2,,2,2,2,,0,2,2,1,1,2,2,,,,,0,0,0,0,0,0,0,,0,0,0,0,0,0,0,0,0,0,0,,0,0,0,0,0,,0,0,0,0,,,,,,1
9,2024-11-02,01,487,3,2,,3,,1,,1,2,,2,,1,2,5,,0,1,2,1,1,2,2,,,,,0,0,0,0,0,0,0,,0,0,0,0,0,0,0,0,0,0,0,,0,0,0,0,0,,0,0,0,0,,,,,,2
,,,,,,,,,,,,,,,,,,,,,,,,,,,,,,,,,,,,,,,,,,,,,,,,,,,,,,,,,,,,,,,,,,
,,,,,,,,,,,,,,,,,,,,,,,,,,,,,,,,,,,,,,,,,,,,,,,,,,,,,,,,,,,,,,,,,,
,,,,,,,,,,,,,,,,,,,,,,,,,,,,,,,,,,,,,,,,,,,,,,,,,,,,,,,,,,,,,,,,,,
4,2024-11-02,01,483,3,2,,3,,2,,1,5,,1,,2,2,3,,0,1,3,2,,,2,,,,,0,0,0,0,0,0,0,,0,0,0,0,0,0,0,0,0,0,0,,0,0,0,0,0,,0,0,0,0,,,,,,1
,,,,,,,,,,,,,,,,,,,,,,,,,,,,,,,,,,,,,,,,,,,,,,,,,,,,,,,,,,,,,,,,,,
,,,,,,,,,,,,,,,,,,,,,,,,,,,,,,,,,,,,,,,,,,,,,,,,,,,,,,,,,,,,,,,,,,
,,,,,,,,,,,,,,,,,,,,,,,,,,,,,,,,,,,,,,,,,,,,,,,,,,,,,,,,,,,,,,,,,,
4,2024-11-02,01,463,3,2,,3,,1,,3,2,,2,,2,2,6,,3,0,,2,,,2,,,,,0,0,0,0,0,0,0,,0,0,0,0,0,0,0,0,0,0,0,,0,0,0,0,0,,0,0,0,0,,,,,,1
,,,,,,,,,,,,,,,,,,,,,,,,,,,,,,,,,,,,,,,,,,,,,,,,,,,,,,,,,,,,,,,,,,
,,,,,,,,,,,,,,,,,,,,,,,,,,,,,,,,,,,,,,,,,,,,,,,,,,,,,,,,,,,,,,,,,,
,,,,,,,,,,,,,,,,,,,,,,,,,,,,,,,,,,,,,,,,,,,,,,,,,,,,,,,,,,,,,,,,,,
,,,,,,,,,,,,,,,,,,,,,,,,,,,,,,,0,0,0,0,0,0,0,,0,0,0,0,0,0,0,0,0,0,0,,0,0,0,0,0,,0,0,0,0,,,,,,0
,,,,,,,,,,,,,,,,,,,,,,,,,,,,,,,,,,,,,,,,,,,,,,,,,,,,,,,,,,,,,,,,,,
,,,,,,,,,,,,,,,,,,,,,,,,,,,,,,,,,,,,,,,,,,,,,,,,,,,,,,,,,,,,,,,,,,
,,,,,,,,,,,,,,,,,,,,,,,,,,,,,,,,,,,,,,,,,,,,,,,,,,,,,,,,,,,,,,,,,,
,,,,,,,,,,,,,,,,,,,,,,,,,,,,,,,0,0,0,0,0,0,0,,0,0,0,0,0,0,0,0,0,0,0,,0,0,0,0,0,,0,0,0,0,,,,,,0
10,2024-11-02,01,467,3,2,,3,,2,,2,2,,2,,98,2,8,,0,2,98,1,98,,2,,,,,0,0,0,0,0,0,0,,0,0,0,0,0,0,0,0,0,0,0,,0,0,0,0,0,,0,0,0,0,,,,,,1
10,2024-11-02,01,465,3,2,,3,,3,,1,2,,2,,1,3,,2,0,1,98,1,98,,2,,,,,0,0,0,0,0,0,0,,0,0,0,0,0,0,0,0,0,0,0,,0,0,0,0,0,,0,0,0,0,,,,,,1
8,2024-11-02,01,146,2,2,,3,,1,,1,2,,2,,2,1,,,0,4,98,1,1,98,2,,,,,0,0,0,0,0,0,0,,0,0,0,0,0,0,0,0,0,0,0,,0,0,0,0,0,,0,0,0,0,,,,,,1
7,2024-11-02,01,138,3,2,,3,,3,,1,2,,2,,1,2,4,,0,2,1,1,1,1,2,,,,,0,0,0,0,0,0,0,,0,0,0,0,0,0,0,0,0,0,0,,0,0,0,0,0,,0,0,0,0,,,,,,1
5,2024-11-02,01,454,3,1,,3,,3,,3,2,,2,,2,2,3,,1,0,,1,,,1,3,1,7,Iquitos,0,0,0,1,0,0,0,,0,0,0,0,0,0,0,0,0,0,0,,0,0,1,0,0,,1,0,0,0,,1,,,,1
5,2024-11-02,01,469,3,2,,3,,3,,2,2,,2,,2,2,5,,0,2,1,1,1,1,1,4,1,2,Iquitos,0,0,0,1,0,0,0,,0,0,0,0,0,0,0,0,0,0,0,,0,0,1,0,0,,1,0,0,0,,1,,,,1
,,,,,,,,,,,,,,,,,,,,,,,,,,,,,,,0,0,0,0,0,0,0,,0,0,0,0,0,0,0,0,0,0,0,,0,0,0,0,0,,0,0,0,0,,,,,,0
7,2024-11-03,01,468,3,1,,3,,3,,6,2,,2,,98,2,8,,1,3,1,1,1,1,2,,,,,0,0,0,0,0,0,0,,0,0,0,0,0,0,0,0,0,0,0,,0,0,0,0,0,,0,0,0,0,,,,,,1
7,2024-11-03,01,490,3,99,Calamina,3,,1,,1,3,,2,,1,2,12,,0,2,1,1,1,1,2,,,,,0,0,0,0,0,0,0,,0,0,0,0,0,0,0,0,0,0,0,,0,0,0,0,0,,0,0,0,0,,,,,,1
7,2024-11-03,01,133,3,1,,3,,3,,2,2,,2,,1,2,16,,0,3,1,1,1,1,2,,,,,0,0,0,0,0,0,0,,0,0,0,0,0,0,0,0,0,0,0,,0,0,0,0,0,,0,0,0,0,,,,,,1
,,,,,,,,,,,,,,,,,,,,,,,,,,,,,,,0,0,0,0,0,0,0,,0,0,0,0,0,0,0,0,0,0,0,,0,0,0,0,0,,0,0,0,0,,,,,,0
6,2024-11-03,01,130,2,99,Esteras,3,,3,,1,2,,2,,1,2,1,,2,0,,1,,,2,,,,,0,0,0,0,0,0,0,,0,0,0,0,0,0,0,0,0,0,0,,0,0,0,0,0,,0,0,0,0,,,,,,1
6,2024-11-03,01,485,2,99,Estera,3,,1,,1,2,,2,,2,2,3,,1,2,1,1,1,1,2,,,,,0,0,0,0,0,0,0,,0,0,0,0,0,0,0,0,0,0,0,,0,0,0,0,0,,0,0,0,0,,,,,,1
4,2024-11-03,01,131,3,2,,3,,2,,1,2,,2,,2,2,10,,1,0,,1,,,2,,,,,0,0,0,0,0,0,0,,0,0,0,0,0,0,0,0,0,0,0,,0,0,0,0,0,,0,0,0,0,,,,,,1
4,2024-11-03,01,486,3,2,,3,,3,,4,2,,2,,2,1,,,0,2,1,2,,,2,,,,,0,0,0,0,0,0,0,,0,0,0,0,0,0,0,0,0,0,0,,0,0,0,0,0,,0,0,0,0,,,,,,1
10,2024-11-03,01,489,3,1,,3,,1,,1,2,,2,,2,1,,,0,1,98,1,98,,2,,,,,0,0,0,0,0,0,0,,0,0,0,0,0,0,0,0,0,0,0,,0,0,0,0,0,,0,0,0,0,,,,,,1
,,,,,,,,,,,,,,,,,,,,,,,,,,,,,,,,,,,,,,,,,,,,,,,,,,,,,,,,,,,,,,,,,,
10,2024-11-03,01,488,3,2,,3,,1,,1,2,,2,,98,2,1,,0,2,2,1,1,2,2,,,,,0,0,0,0,0,0,0,,0,0,0,0,0,0,0,0,0,0,0,,0,0,0,0,0,,0,0,0,0,,,,,,1
,,,,,,,,,,,,,,,,,,,,,,,,,,,,,,,0,0,0,0,0,0,0,,0,0,0,0,0,0,0,0,0,0,0,,0,0,0,0,0,,0,0,0,0,,,,,,0
2,2024-11-03,01,481,3,2,,3,,3,,3,99,"Pozo artesiano",2,,2,2,20,,0,3,1,1,1,3,2,,,,,0,0,0,0,0,0,0,,0,0,0,0,0,0,0,0,0,0,0,,0,0,0,0,0,,0,0,0,0,,,,,,1
,,,,,,,,,,,,,,,,,,,,,,,,,,,,,,,0,0,0,0,0,0,0,,0,0,0,0,0,0,0,0,0,0,0,,0,0,0,0,0,,0,0,0,0,,,,,,0
9,2024-11-03,01,124,3,1,,3,,3,,2,2,,2,,2,2,21,,0,4,2,1,1,3,2,,,,,0,0,0,0,0,0,0,,0,0,0,0,0,0,0,0,0,0,0,,0,0,0,0,0,,0,0,0,0,,,,,,1
,,,,,,,,,,,,,,,,,,,,,,,,,,,,,,,0,0,0,0,0,0,0,,0,0,0,0,0,0,0,0,0,0,0,,0,0,0,0,0,,0,0,0,0,,,,,,0
5,2024-11-03,01,477,3,2,,3,,3,,1,2,,2,,1,2,3,,2,0,,1,,,1,20,2,,,0,0,0,0,0,0,0,,0,0,0,0,0,0,0,0,0,0,0,,0,0,0,0,0,,0,0,0,0,,,,,,1
5,2024-11-03,01,471,3,2,,3,,2,,2,2,,2,,2,2,21,,0,3,1,1,1,1,1,1,2,,,0,0,0,0,0,0,0,,0,0,0,0,0,0,0,0,0,0,0,,0,0,0,0,0,,0,0,0,0,,,,,,1
5,2024-11-03,01,480,3,2,,3,,3,,1,2,,1,,1,2,8,,0,3,1,1,1,1,1,4,2,,,0,0,0,0,0,0,0,,0,0,0,0,0,0,0,0,0,0,0,,0,0,0,0,0,,0,0,0,0,,,,,,1
,,,,,,,,,,,,,,,,,,,,,,,,,,,,,,,,,,,,,,,,,,,,,,,,,,,,,,,,,,,,,,,,,,
8,2024-11-03,01,132,2,2,,3,,1,,2,2,,2,,2,2,13,,0,2,98,1,1,98,2,,,,,0,0,0,0,0,0,0,,0,0,0,0,0,0,0,0,0,0,0,,0,0,0,0,0,,0,0,0,0,,,,,,1
8,2024-11-03,01,478,3,1,,3,,3,,1,2,,2,,2,2,6,,0,2,2,1,1,98,2,,,,,0,0,0,0,0,0,0,,0,0,0,0,0,0,0,0,0,0,0,,0,0,0,0,0,,0,0,0,0,,,,,,1
6,2024-11-04,01,178,2,99,Triplay,3,,3,,2,2,,2,,2,2,21,,1,5,1,1,1,1,2,,,,,0,0,0,0,0,0,0,,0,0,0,0,0,0,0,0,0,0,0,,0,0,0,0,0,,0,0,0,0,,,,,,1
,,,,,,,,,,,,,,,,,,,,,,,,,,,,,,,,,,,,,,,,,,,,,,,,,,,,,,,,,,,,,,,,,,
6,2024-11-04,01,507,2,2,,3,,2,,1,2,,2,,2,1,,,1,0,,1,,,1,1,1,1,"Nauta, Iquitos",0,0,1,0,0,0,0,,0,0,0,0,0,0,0,0,0,0,0,,0,0,1,0,0,,1,0,0,0,,1,,,,1
6,2024-11-04,01,512,1,2,,3,,2,,1,2,,1,,2,1,,,1,0,,1,,,2,,,,,0,0,0,0,0,0,0,,0,0,0,0,0,0,0,0,0,0,0,,0,0,0,0,0,,0,0,0,0,,,,,,1
10,2024-11-04,01,179,3,2,,3,,3,,2,2,,2,,98,1,,,0,2,1,1,1,1,2,,,,,0,0,0,0,0,0,0,,0,0,0,0,0,0,0,0,0,0,0,,0,0,0,0,0,,0,0,0,0,,,,,,1
10,2024-11-04,01,206,3,2,,3,,3,,3,2,,2,,98,1,,,0,3,1,1,1,1,2,,,,,0,0,0,0,0,0,0,,0,0,0,0,0,0,0,0,0,0,0,,0,0,0,0,0,,0,0,0,0,,,,,,1
10,2024-11-04,01,207,3,1,,3,,3,,3,2,,2,,98,1,,,3,3,1,1,1,1,2,,,,,0,0,0,0,0,0,0,,0,0,0,0,0,0,0,0,0,0,0,,0,0,0,0,0,,0,0,0,0,,,,,,1
10,2024-11-04,01,219,3,1,,3,,3,,3,2,,2,,98,1,,,0,3,1,1,1,1,1,7,1,6,"Rio Nanay",1,0,0,0,0,0,0,,0,0,1,0,0,0,0,0,0,0,0,,1,0,0,0,0,,1,0,0,0,,1,,,,1
,,,,,,,,,,,,,,,,,,,,,,,,,,,,,,,0,0,0,0,0,0,0,,0,0,0,0,0,0,0,0,0,0,0,,0,0,0,0,0,,0,0,0,0,,,,,,0
9,2024-11-04,01,173,3,2,,3,,1,,4,2,,2,,2,2,4,,0,4,3,1,1,3,2,,,,,0,0,0,0,0,0,0,,0,0,0,0,0,0,0,0,0,0,0,,0,0,0,0,0,,0,0,0,0,,,,,,1
,,,,,,,,,,,,,,,,,,,,,,,,,,,,,,,,,,,,,,,,,,,,,,,,,,,,,,,,,,,,,,,,,,
9,2024-11-04,01,193,3,1,,3,,3,,1,2,,2,,2,1,,,0,1,1,1,1,3,2,,,,,0,0,0,0,0,0,0,,0,0,0,0,0,0,0,0,0,0,0,,0,0,0,0,0,,0,0,0,0,,,,,,1
9,2024-11-04,01,197,3,2,,3,,3,,1,2,,2,,2,2,1,,0,2,98,1,1,1,2,,,,,0,0,0,0,0,0,0,,0,0,0,0,0,0,0,0,0,0,0,,0,0,0,0,0,,0,0,0,0,,,,,,1
9,2024-11-04,01,203,3,1,,3,,3,,1,2,,2,,2,1,,,0,1,98,1,1,1,2,,,,,0,0,0,0,0,0,0,,0,0,0,0,0,0,0,0,0,0,0,,0,0,0,0,0,,0,0,0,0,,,,,,1
,,,,,,,,,,,,,,,,,,,,,,,,,,,,,,,,,,,,,,,,,,,,,,,,,,,,,,,,,,,,,,,,,,
9,2024-11-04,01,202,3,2,,3,,3,,1,2,,2,,2,3,,6,0,2,98,1,1,1,2,,,,,0,0,0,0,0,0,0,,0,0,0,0,0,0,0,0,0,0,0,,0,0,0,0,0,,0,0,0,0,,,,,,1
8,2024-11-04,01,174,2,2,,3,,3,,1,2,,2,,2,2,18,,0,1,98,1,1,98,2,,,,,0,0,0,0,0,0,0,,0,0,0,0,0,0,0,0,0,0,0,,0,0,0,0,0,,0,0,0,0,,,,,,1
8,2024-11-04,01,192,3,1,,3,,3,,2,2,,2,,2,2,7,,0,3,98,2,,,2,,,,,0,0,0,0,0,0,0,,0,0,0,0,0,0,0,0,0,0,0,,0,0,0,0,0,,0,0,0,0,,,,,,1
8,2024-11-04,01,198,2,2,,3,,1,,1,2,,2,,2,3,,8,0,2,1,1,1,1,2,,,,,0,0,0,0,0,0,0,,0,0,0,0,0,0,0,0,0,0,0,,0,0,0,0,0,,0,0,0,0,,,,,,1
8,2024-11-04,01,199,2,2,,3,,3,,3,2,,2,,98,2,5,,0,4,98,1,1,3,2,,,,,0,0,0,0,0,0,0,,0,0,0,0,0,0,0,0,0,0,0,,0,0,0,0,0,,0,0,0,0,,,,,,1
7,2024-11-04,01,180,3,99,Triplay,3,,3,,1,2,,2,,1,2,21,,0,2,1,1,1,1,2,,,,,0,0,0,0,0,0,0,,0,0,0,0,0,0,0,0,0,0,0,,0,0,0,0,0,,0,0,0,0,,,,,,1
7,2024-11-04,01,183,3,99,Triplay,3,,1,,2,2,,2,,1,1,,,3,2,1,1,2,,2,,,,,0,0,0,0,0,0,0,,0,0,0,0,0,0,0,0,0,0,0,,0,0,0,0,0,,0,0,0,0,,,,,,1
7,2024-11-04,01,503,3,1,,1,,3,,3,3,,1,,2,2,1,,4,0,,1,,,2,,,,,0,0,0,0,0,0,0,,0,0,0,0,0,0,0,0,0,0,0,,0,0,0,0,0,,0,0,0,0,,,,,,1
7,2024-11-04,01,493,3,99,Calamina,3,,1,,3,2,,1,,2,2,16,,0,5,1,1,1,1,2,,,,,0,0,0,0,0,0,0,,0,0,0,0,0,0,0,0,0,0,0,,0,0,0,0,0,,0,0,0,0,,,,,,1
7,2024-11-04,01,209,3,1,,3,,3,,3,2,,2,,1,1,,,0,3,1,1,1,1,2,,,,,0,0,0,0,0,0,0,,0,0,0,0,0,0,0,0,0,0,0,,0,0,0,0,0,,0,0,0,0,,,,,,1
7,2024-11-04,01,511,3,2,,3,,3,,2,2,,2,,1,1,,,0,3,1,1,1,1,2,,,,,0,0,0,0,0,0,0,,0,0,0,0,0,0,0,0,0,0,0,,0,0,0,0,0,,0,0,0,0,,,,,,1
2,2024-11-04,01,495,3,1,,3,,4,,3,99,"Pozo artesiano",2,,1,1,,,0,3,1,1,1,3,2,,,,,0,0,0,0,0,0,0,,0,0,0,0,0,0,0,0,0,0,0,,0,0,0,0,0,,0,0,0,0,,,,,,1
2,2024-11-04,01,497,2,99,Tripley,3,,1,,3,99,"Pozo artesiano",2,,1,2,21,,0,3,98,1,1,1,2,,,,,0,0,0,0,0,0,0,,0,0,0,0,0,0,0,0,0,0,0,,0,0,0,0,0,,0,0,0,0,,,,,,1
2,2024-11-04,01,172,3,2,,3,,3,,2,99,"De la posta",2,,2,2,2,,0,2,1,1,1,1,2,,,,,0,0,0,0,0,0,0,,0,0,0,0,0,0,0,0,0,0,0,,0,0,0,0,0,,0,0,0,0,,,,,,1
2,2024-11-04,01,181,3,99,"Ladrillo y tripley",3,,1,,2,99,"Pozo artesiano",2,,98,1,,,0,3,1,1,1,3,2,,,,,0,0,0,0,0,0,0,,0,0,0,0,0,0,0,0,0,0,0,,0,0,0,0,0,,0,0,0,0,,,,,,1
5,2024-11-04,01,494,3,1,,3,,3,,1,1,,2,,2,3,,1,1,0,,1,,,1,20,2,,,0,0,0,0,0,0,0,,0,0,0,0,0,0,0,0,0,0,0,,0,0,0,0,0,,0,0,0,0,,,,,,1
5,2024-11-04,01,189,3,2,,3,,1,,2,2,,2,,2,2,20,,3,0,,1,,,2,,,,,0,0,0,0,0,0,0,,0,0,0,0,0,0,0,0,0,0,0,,0,0,0,0,0,,0,0,0,0,,,,,,1
5,2024-11-04,01,195,3,2,,3,,1,,3,2,,2,,2,2,5,,1,3,1,1,1,1,1,5,2,,,0,0,0,0,0,0,0,,0,0,0,0,0,0,0,0,0,0,0,,0,0,0,0,0,,0,0,0,0,,,,,,1
5,2024-11-04,01,182,3,2,,3,,3,,2,2,,2,,1,2,5,,0,4,1,1,1,1,1,1,2,,,0,0,0,0,0,0,0,,0,0,0,0,0,0,0,0,0,0,0,,0,0,0,0,0,,0,0,0,0,,,,,,1
,,,,,,,,,,,,,,,,,,,,,,,,,,,,,,,,,,,,,,,,,,,,,,,,,,,,,,,,,,,,,,,,,,
4,2024-11-04,01,156,3,1,,3,,3,,5,2,,2,,2,2,21,,0,6,1,1,1,3,2,,,,,0,0,0,0,0,0,0,,0,0,0,0,0,0,0,0,0,0,0,,0,0,0,0,0,,0,0,0,0,,,,,,1
4,2024-11-04,01,141,3,2,,1,,1,,2,2,,2,,2,2,20,,0,3,1,1,1,1,2,,,,,0,0,0,0,0,0,0,,0,0,0,0,0,0,0,0,0,0,0,,0,0,0,0,0,,0,0,0,0,,,,,,1
4,2024-11-04,01,155,3,1,,3,,1,,2,2,,2,,2,1,,,2,3,1,2,,,2,,,,,0,0,0,0,0,0,0,,0,0,0,0,0,0,0,0,0,0,0,,0,0,0,0,0,,0,0,0,0,,,,,,1
4,2024-11-04,01,210,3,1,,1,,3,,3,2,,2,,2,1,,,0,2,1,1,1,1,2,,,,,0,0,0,0,0,0,0,,0,0,0,0,0,0,0,0,0,0,0,,0,0,0,0,0,,0,0,0,0,,,,,,1
6,2024-11-06,01,524,2,99,Triplay,3,,3,,1,2,,1,,2,2,1,,1,0,,1,,,1,1,1,14,"Palmeras, Bajo Amazonas",0,0,1,0,0,0,0,,0,0,0,0,0,0,0,0,0,0,0,,1,0,0,0,0,,1,0,0,0,,1,,,,1
6,2024-11-06,01,521,3,99,Tabla,3,,3,,4,2,,2,,2,2,17,,0,4,1,1,1,1,2,,,,,0,0,0,0,0,0,0,,0,0,0,0,0,0,0,0,0,0,0,,0,0,0,0,0,,0,0,0,0,,,,,,1
,,,,,,,,,,,,,,,,,,,,,,,,,,,,,,,,,,,,,,,,,,,,,,,,,,,,,,,,,,,,,,,,,,
8,2024-11-06,01,229,3,1,,3,,3,,2,2,,2,,2,2,21,,0,2,2,1,1,3,2,,,,,0,0,0,0,0,0,0,,0,0,0,0,0,0,0,0,0,0,0,,0,0,0,0,0,,0,0,0,0,,,,,,1
8,2024-11-06,01,520,3,1,,3,,3,,2,2,,2,,2,2,21,,0,2,2,1,1,3,2,,,,,0,0,0,0,0,0,0,,0,0,0,0,0,0,0,0,0,0,0,,0,0,0,0,0,,0,0,0,0,,,,,,1
8,2024-11-06,01,242,3,1,,3,,3,,2,2,,2,,2,1,,,0,1,1,1,1,3,2,,,,,0,0,0,0,0,0,0,,0,0,0,0,0,0,0,0,0,0,0,,0,0,0,0,0,,0,0,0,0,,,,,,1
2,2024-11-06,01,461,2,99,Esteras,3,,1,,1,1,,2,,1,2,10,,1,0,,1,,,2,,,,,0,0,0,0,0,0,0,,0,0,0,0,0,0,0,0,0,0,0,,0,0,0,0,0,,0,0,0,0,,,,,,1
2,2024-11-06,01,460,3,2,,3,,3,,2,99,"Pozo artesiano",2,,2,2,6,,0,3,2,1,1,3,2,,,,,0,0,0,0,0,0,0,,0,0,0,0,0,0,0,0,0,0,0,,0,0,0,0,0,,0,0,0,0,,,,,,1
9,2024-11-06,01,227,3,1,,3,,3,,2,2,,2,,2,2,5,,2,0,,1,,,2,,,,,0,0,0,0,0,0,0,,0,0,0,0,0,0,0,0,0,0,0,,0,0,0,0,0,,0,0,0,0,,,,,,1
,,,,,,,,,,,,,,,,,,,,,,,,,,,,,,,,,,,,,,,,,,,,,,,,,,,,,,,,,,,,,,,,,,
9,2024-11-06,01,519,3,1,,3,,3,,3,2,,2,,2,1,,,0,3,3,1,1,3,2,,,,,0,0,0,0,0,0,0,,0,0,0,0,0,0,0,0,0,0,0,,0,0,0,0,0,,0,0,0,0,,,,,,1
4,2024-11-06,01,226,3,2,,3,,3,,1,2,,2,,2,2,8,,0,2,1,1,1,3,2,,,,,0,0,0,0,0,0,0,,0,0,0,0,0,0,0,0,0,0,0,,0,0,0,0,0,,0,0,0,0,,,,,,1
4,2024-11-06,01,224,3,1,,3,,3,,3,2,,2,,2,2,5,,4,0,,1,,,2,,,,,0,0,0,0,0,0,0,,0,0,0,0,0,0,0,0,0,0,0,,0,0,0,0,0,,0,0,0,0,,,,,,1
7,2024-11-06,01,230,3,2,,3,,3,,4,2,,2,,2,1,,,5,0,,1,,,2,,,,,0,0,0,0,0,0,0,,0,0,0,0,0,0,0,0,0,0,0,,0,0,0,0,0,,0,0,0,0,,,,,,1
7,2024-11-06,01,221,3,1,,3,,3,,2,2,,2,,1,2,15,,3,2,1,1,2,,2,,,,,0,0,0,0,0,0,0,,0,0,0,0,0,0,0,0,0,0,0,,0,0,0,0,0,,0,0,0,0,,,,,,1
10,2024-11-06,01,518,3,2,,3,,3,,3,2,,2,,2,2,16,,0,3,1,1,1,1,2,,,,,0,0,0,0,0,0,0,,0,0,0,0,0,0,0,0,0,0,0,,0,0,0,0,0,,0,0,0,0,,,,,,1
10,2024-11-06,01,522,3,2,,3,,3,,3,2,,2,,1,2,7,,0,2,1,1,1,1,2,,,,,0,0,0,0,0,0,0,,0,0,0,0,0,0,0,0,0,0,0,,0,0,0,0,0,,0,0,0,0,,,,,,1
5,2024-11-06,01,509,3,2,,3,,3,,3,2,,2,,1,2,21,,0,3,2,1,1,2,1,4,2,,,0,0,0,0,0,0,0,,0,0,0,0,0,0,0,0,0,0,0,,0,0,0,0,0,,0,0,0,0,,,,,,1
5,2024-11-06,01,510,3,1,,3,,3,,1,5,,2,,1,2,2,,1,1,1,1,1,1,2,,,,,0,0,0,0,0,0,0,,0,0,0,0,0,0,0,0,0,0,0,,0,0,0,0,0,,0,0,0,0,,,,,,1
6,2024-11-07,01,231,3,99,Madera,3,,3,,2,2,,2,,1,2,21,,0,3,1,1,1,1,2,,,,,0,0,0,0,0,0,0,,0,0,0,0,0,0,0,0,0,0,0,,0,0,0,0,0,,0,0,0,0,,,,,,1
,,,,,,,,,,,,,,,,,,,,,,,,,,,,,,,,,,,,,,,,,,,,,,,,,,,,,,,,,,,,,,,,,,
,,,,,,,,,,,,,,,,,,,,,,,,,,,,,,,,,,,,,,,,,,,,,,,,,,,,,,,,,,,,,,,,,,
,,,,,,,,,,,,,,,,,,,,,,,,,,,,,,,,,,,,,,,,,,,,,,,,,,,,,,,,,,,,,,,,,,
,,,,,,,,,,,,,,,,,,,,,,,,,,,,,,,,,,,,,,,,,,,,,,,,,,,,,,,,,,,,,,,,,,
,,,,,,,,,,,,,,,,,,,,,,,,,,,,,,,,,,,,,,,,,,,,,,,,,,,,,,,,,,,,,,,,,,
,,,,,,,,,,,,,,,,,,,,,,,,,,,,,,,,,,,,,,,,,,,,,,,,,,,,,,,,,,,,,,,,,,
,,,,,,,,,,,,,,,,,,,,,,,,,,,,,,,,,,,,,,,,,,,,,,,,,,,,,,,,,,,,,,,,,,
,,,,,,,,,,,,,,,,,,,,,,,,,,,,,,,,,,,,,,,,,,,,,,,,,,,,,,,,,,,,,,,,,,
,,,,,,,,,,,,,,,,,,,,,,,,,,,,,,,,,,,,,,,,,,,,,,,,,,,,,,,,,,,,,,,,,,
,,,,,,,,,,,,,,,,,,,,,,,,,,,,,,,,,,,,,,,,,,,,,,,,,,,,,,,,,,,,,,,,,,
,,,,,,,,,,,,,,,,,,,,,,,,,,,,,,,,,,,,,,,,,,,,,,,,,,,,,,,,,,,,,,,,,,
,,,,,,,,,,,,,,,,,,,,,,,,,,,,,,,,,,,,,,,,,,,,,,,,,,,,,,,,,,,,,,,,,,
6,2024-11-07,01,266,3,99,Maderq,3,,3,,1,2,,2,,1,2,10,,0,2,1,1,1,1,2,,,,,0,0,0,0,0,0,0,,0,0,0,0,0,0,0,0,0,0,0,,0,0,0,0,0,,0,0,0,0,,,,,,1
,,,,,,,,,,,,,,,,,,,,,,,,,,,,,,,,,,,,,,,,,,,,,,,,,,,,,,,,,,,,,,,,,,
,,,,,,,,,,,,,,,,,,,,,,,,,,,,,,,,,,,,,,,,,,,,,,,,,,,,,,,,,,,,,,,,,,
,,,,,,,,,,,,,,,,,,,,,,,,,,,,,,,,,,,,,,,,,,,,,,,,,,,,,,,,,,,,,,,,,,
,,,,,,,,,,,,,,,,,,,,,,,,,,,,,,,,,,,,,,,,,,,,,,,,,,,,,,,,,,,,,,,,,,
,,,,,,,,,,,,,,,,,,,,,,,,,,,,,,,,,,,,,,,,,,,,,,,,,,,,,,,,,,,,,,,,,,
,,,,,,,,,,,,,,,,,,,,,,,,,,,,,,,,,,,,,,,,,,,,,,,,,,,,,,,,,,,,,,,,,,
,,,,,,,,,,,,,,,,,,,,,,,,,,,,,,,,,,,,,,,,,,,,,,,,,,,,,,,,,,,,,,,,,,
,,,,,,,,,,,,,,,,,,,,,,,,,,,,,,,,,,,,,,,,,,,,,,,,,,,,,,,,,,,,,,,,,,
,,,,,,,,,,,,,,,,,,,,,,,,,,,,,,,,,,,,,,,,,,,,,,,,,,,,,,,,,,,,,,,,,,
,,,,,,,,,,,,,,,,,,,,,,,,,,,,,,,,,,,,,,,,,,,,,,,,,,,,,,,,,,,,,,,,,,
,,,,,,,,,,,,,,,,,,,,,,,,,,,,,,,,,,,,,,,,,,,,,,,,,,,,,,,,,,,,,,,,,,
,,,,,,,,,,,,,,,,,,,,,,,,,,,,,,,,,,,,,,,,,,,,,,,,,,,,,,,,,,,,,,,,,,
6,2024-11-07,01,265,3,1,,3,,3,,2,2,,2,,1,2,4,,0,3,1,1,1,1,2,,,,,0,0,0,0,0,0,0,,0,0,0,0,0,0,0,0,0,0,0,,0,0,0,0,0,,0,0,0,0,,,,,,1
,,,,,,,,,,,,,,,,,,,,,,,,,,,,,,,,,,,,,,,,,,,,,,,,,,,,,,,,,,,,,,,,,,
,,,,,,,,,,,,,,,,,,,,,,,,,,,,,,,,,,,,,,,,,,,,,,,,,,,,,,,,,,,,,,,,,,
,,,,,,,,,,,,,,,,,,,,,,,,,,,,,,,,,,,,,,,,,,,,,,,,,,,,,,,,,,,,,,,,,,
,,,,,,,,,,,,,,,,,,,,,,,,,,,,,,,,,,,,,,,,,,,,,,,,,,,,,,,,,,,,,,,,,,
,,,,,,,,,,,,,,,,,,,,,,,,,,,,,,,,,,,,,,,,,,,,,,,,,,,,,,,,,,,,,,,,,,
,,,,,,,,,,,,,,,,,,,,,,,,,,,,,,,,,,,,,,,,,,,,,,,,,,,,,,,,,,,,,,,,,,
,,,,,,,,,,,,,,,,,,,,,,,,,,,,,,,,,,,,,,,,,,,,,,,,,,,,,,,,,,,,,,,,,,
,,,,,,,,,,,,,,,,,,,,,,,,,,,,,,,,,,,,,,,,,,,,,,,,,,,,,,,,,,,,,,,,,,
,,,,,,,,,,,,,,,,,,,,,,,,,,,,,,,,,,,,,,,,,,,,,,,,,,,,,,,,,,,,,,,,,,
,,,,,,,,,,,,,,,,,,,,,,,,,,,,,,,,,,,,,,,,,,,,,,,,,,,,,,,,,,,,,,,,,,
,,,,,,,,,,,,,,,,,,,,,,,,,,,,,,,,,,,,,,,,,,,,,,,,,,,,,,,,,,,,,,,,,,
,,,,,,,,,,,,,,,,,,,,,,,,,,,,,,,,,,,,,,,,,,,,,,,,,,,,,,,,,,,,,,,,,,
9,2024-11-07,01,523,3,1,,3,,3,,2,2,,2,,2,2,7,,0,3,3,1,1,3,2,,,,,0,0,0,0,0,0,0,,0,0,0,0,0,0,0,0,0,0,0,,0,0,0,0,0,,0,0,0,0,,,,,,1
9,2024-11-07,01,538,3,2,,3,,1,,1,2,,2,,2,3,,2,0,1,98,1,1,98,2,,,,,0,0,0,0,0,0,0,,0,0,0,0,0,0,0,0,0,0,0,,0,0,0,0,0,,0,0,0,0,,,,,,1
,,,,,,,,,,,,,,,,,,,,,,,,,,,,,,,0,0,0,0,0,0,0,,0,0,0,0,0,0,0,0,0,0,0,,0,0,0,0,0,,0,0,0,0,,,,,,0
2,2024-11-07,01,528,3,1,,3,,3,,2,99,"Pozo artesiano",2,,1,1,,,0,1,1,1,1,3,2,,,,,0,0,0,0,0,0,0,,0,0,0,0,0,0,0,0,0,0,0,,0,0,0,0,0,,0,0,0,0,,,,,,1
2,2024-11-07,01,264,3,1,,3,,3,,2,99,"Pozo artesiano",2,,1,2,8,,0,2,1,1,1,3,2,,,,,0,0,0,0,0,0,0,,0,0,0,0,0,0,0,0,0,0,0,,0,0,0,0,0,,0,0,0,0,,,,,,1
2,2024-11-07,01,473,2,2,,3,,3,,2,99,"De la casa de su mamá",2,,1,1,,,1,3,1,1,2,,2,,,,,0,0,0,0,0,0,0,,0,0,0,0,0,0,0,0,0,0,0,,0,0,0,0,0,,0,0,0,0,,,,,,1
,,,,,,,,,,,,,,,,,,,,,,,,,,,,,,,,,,,,,,,,,,,,,,,,,,,,,,,,,,,,,,,,,,
2,2024-11-07,01,499,2,2,,3,,3,,2,99,"Pozo artesiano",2,,1,1,,,0,2,1,1,1,3,2,,,,,0,0,0,0,0,0,0,,0,0,0,0,0,0,0,0,0,0,0,,0,0,0,0,0,,0,0,0,0,,,,,,1
4,2024-11-07,01,527,3,1,,3,,3,,3,2,,2,,2,2,15,,0,2,2,1,1,2,2,,,,,0,0,0,0,0,0,0,,0,0,0,0,0,0,0,0,0,0,0,,0,0,0,0,0,,0,0,0,0,,,,,,1
4,2024-11-07,01,530,3,1,,3,,3,,3,2,,2,,2,2,13,,2,1,1,1,1,1,2,,,,,0,0,0,0,0,0,0,,0,0,0,0,0,0,0,0,0,0,0,,0,0,0,0,0,,0,0,0,0,,,,,,1
4,2024-11-07,01,533,3,2,,3,,1,,2,2,,2,,2,2,4,,0,2,1,1,1,2,2,,,,,0,0,0,0,0,0,0,,0,0,0,0,0,0,0,0,0,0,0,,0,0,0,0,0,,0,0,0,0,,,,,,1
,,,,,,,,,,,,,,,,,,,,,,,,,,,,,,,,,,,,,,,,,,,,,,,,,,,,,,,,,,,,,,,,,,
4,2024-11-07,01,536,3,2,,3,,1,,2,2,,1,,2,2,2,,1,1,1,1,1,2,2,,,,,0,0,0,0,0,0,0,,0,0,0,0,0,0,0,0,0,0,0,,0,0,0,0,0,,0,0,0,0,,,,,,1
,,,,,,,,,,,,,,,,,,,,,,,,,,,,,,,0,0,0,0,0,0,0,,0,0,0,0,0,0,0,0,0,0,0,,0,0,0,0,0,,0,0,0,0,,,,,,0
,,,,,,,,,,,,,,,,,,,,,,,,,,,,,,,0,0,0,0,0,0,0,,0,0,0,0,0,0,0,0,0,0,0,,0,0,0,0,0,,0,0,0,0,,,,,,0
,,,,,,,,,,,,,,,,,,,,,,,,,,,,,,,0,0,0,0,0,0,0,,0,0,0,0,0,0,0,0,0,0,0,,0,0,0,0,0,,0,0,0,0,,,,,,0
5,2024-11-07,01,241,3,1,,3,,3,,4,2,,2,,1,2,21,,2,2,1,1,1,1,1,5,2,,,0,0,0,0,0,0,0,,0,0,0,0,0,0,0,0,0,0,0,,0,0,0,0,0,,0,0,0,0,,,,,,1
5,2024-11-07,01,205,3,2,,3,,2,,3,2,,2,,1,2,21,,5,4,1,1,1,1,1,3,2,,,0,0,0,0,0,0,0,,0,0,0,0,0,0,0,0,0,0,0,,0,0,0,0,0,,0,0,0,0,,,,,,1
10,2024-11-07,01,243,3,2,,3,,3,,2,2,,2,,2,1,,,0,3,1,1,1,1,2,,,,,0,0,0,0,0,0,0,,0,0,0,0,0,0,0,0,0,0,0,,0,0,0,0,0,,0,0,0,0,,,,,,1
10,2024-11-07,01,244,3,1,,3,,3,,2,2,,2,,2,1,,,0,2,1,1,1,1,2,,,,,0,0,0,0,0,0,0,,0,0,0,0,0,0,0,0,0,0,0,,0,0,0,0,0,,0,0,0,0,,,,,,1
10,2024-11-07,01,280,3,2,,3,,1,,2,2,,1,,2,2,3,,0,2,1,1,1,1,2,,,,,0,0,0,0,0,0,0,,0,0,0,0,0,0,0,0,0,0,0,,0,0,0,0,0,,0,0,0,0,,,,,,1
10,2024-11-07,01,279,3,2,,3,,3,,1,2,,1,,2,2,10,,0,1,1,1,1,1,2,,,,,0,0,0,0,0,0,0,,0,0,0,0,0,0,0,0,0,0,0,,0,0,0,0,0,,0,0,0,0,,,,,,1
10,2024-11-07,01,245,3,2,,3,,99,Cemento,5,2,,2,,2,1,,,0,4,1,1,1,1,2,,,,,0,0,0,0,0,0,0,,0,0,0,0,0,0,0,0,0,0,0,,0,0,0,0,0,,0,0,0,0,,,,,,1
,,,,,,,,,,,,,,,,,,,,,,,,,,,,,,,0,0,0,0,0,0,0,,0,0,0,0,0,0,0,0,0,0,0,,0,0,0,0,0,,0,0,0,0,,,,,,0
7,2024-11-07,01,263,3,2,,3,,3,,1,2,,2,,1,1,,,0,3,1,1,1,1,2,,,,,0,0,0,0,0,0,0,,0,0,0,0,0,0,0,0,0,0,0,,0,0,0,0,0,,0,0,0,0,,,,,,1
,,,,,,,,,,,,,,,,,,,,,,,,,,,,,,,0,0,0,0,0,0,0,,0,0,0,0,0,0,0,0,0,0,0,,0,0,0,0,0,,0,0,0,0,,,,,,0
,,,,,,,,,,,,,,,,,,,,,,,,,,,,,,,0,0,0,0,0,0,0,,0,0,0,0,0,0,0,0,0,0,0,,0,0,0,0,0,,0,0,0,0,,,,,,0
,,,,,,,,,,,,,,,,,,,,,,,,,,,,,,,0,0,0,0,0,0,0,,0,0,0,0,0,0,0,0,0,0,0,,0,0,0,0,0,,0,0,0,0,,,,,,0
,,,,,,,,,,,,,,,,,,,,,,,,,,,,,,,0,0,0,0,0,0,0,,0,0,0,0,0,0,0,0,0,0,0,,0,0,0,0,0,,0,0,0,0,,,,,,0
8,2024-11-07,01,259,2,2,,3,,3,,1,2,,2,,2,2,3,,0,1,98,1,1,3,2,,,,,0,0,0,0,0,0,0,,0,0,0,0,0,0,0,0,0,0,0,,0,0,0,0,0,,0,0,0,0,,,,,,1
8,2024-11-07,01,258,2,2,,3,,2,,1,2,,2,,2,2,21,,0,3,98,1,1,98,2,,,,,0,0,0,0,0,0,0,,0,0,0,0,0,0,0,0,0,0,0,,0,0,0,0,0,,0,0,0,0,,,,,,1
8,2024-11-07,01,537,2,2,,3,,3,,2,2,,2,,2,2,1,,0,1,1,1,1,2,2,,,,,0,0,0,0,0,0,0,,0,0,0,0,0,0,0,0,0,0,0,,0,0,0,0,0,,0,0,0,0,,,,,,1
8,2024-11-08,01,547,3,2,,3,,3,,1,2,,2,,2,1,,,0,2,1,1,1,3,2,,,,,0,0,0,0,0,0,0,,0,0,0,0,0,0,0,0,0,0,0,,0,0,0,0,0,,0,0,0,0,,,,,,1
8,2024-11-08,01,548,3,2,,3,,3,,1,2,,2,,2,1,,,1,0,,1,,,1,15,2,,,0,0,0,0,0,0,0,,0,0,0,0,0,0,0,0,0,0,0,,0,0,0,0,0,,0,0,0,0,,,,,,1
8,2024-11-08,01,543,3,2,,3,,3,,4,2,,2,,2,1,,,0,4,1,1,1,1,2,,,,,0,0,0,0,0,0,0,,0,0,0,0,0,0,0,0,0,0,0,,0,0,0,0,0,,0,0,0,0,,,,,,1
10,2024-11-08,01,552,3,2,,3,,3,,1,2,,2,,2,2,10,,0,1,1,1,1,1,2,,,,,0,0,0,0,0,0,0,,0,0,0,0,0,0,0,0,0,0,0,,0,0,0,0,0,,0,0,0,0,,,,,,1
10,2024-11-08,01,555,3,2,,3,,3,,2,2,,1,,98,1,,,0,3,1,1,1,1,2,,,,,0,0,0,0,0,0,0,,0,0,0,0,0,0,0,0,0,0,0,,0,0,0,0,0,,0,0,0,0,,,,,,1
10,2024-11-08,01,568,3,2,,3,,1,,4,2,,2,,2,2,11,,0,5,1,1,1,1,2,,,,,0,0,0,0,0,0,0,,0,0,0,0,0,0,0,0,0,0,0,,0,0,0,0,0,,0,0,0,0,,,,,,1
2,2024-11-08,01,214,3,99,"Fibro cemento",3,,3,,2,99,"Pozo artesiano",2,,1,1,,,1,2,1,1,2,,2,,,,,0,0,0,0,0,0,0,,0,0,0,0,0,0,0,0,0,0,0,,0,0,0,0,0,,0,0,0,0,,,,,,1
,,,,,,,,,,,,,,,,,,,,,,,,,,,,,,,,,,,,,,,,,,,,,,,,,,,,,,,,,,,,,,,,,,
,,,,,,,,,,,,,,,,,,,,,,,,,,,,,,,,,,,,,,,,,,,,,,,,,,,,,,,,,,,,,,,,,,
,,,,,,,,,,,,,,,,,,,,,,,,,,,,,,,,,,,,,,,,,,,,,,,,,,,,,,,,,,,,,,,,,,
,,,,,,,,,,,,,,,,,,,,,,,,,,,,,,,,,,,,,,,,,,,,,,,,,,,,,,,,,,,,,,,,,,
,,,,,,,,,,,,,,,,,,,,,,,,,,,,,,,,,,,,,,,,,,,,,,,,,,,,,,,,,,,,,,,,,,
,,,,,,,,,,,,,,,,,,,,,,,,,,,,,,,,,,,,,,,,,,,,,,,,,,,,,,,,,,,,,,,,,,
,,,,,,,,,,,,,,,,,,,,,,,,,,,,,,,,,,,,,,,,,,,,,,,,,,,,,,,,,,,,,,,,,,
,,,,,,,,,,,,,,,,,,,,,,,,,,,,,,,,,,,,,,,,,,,,,,,,,,,,,,,,,,,,,,,,,,
,,,,,,,,,,,,,,,,,,,,,,,,,,,,,,,,,,,,,,,,,,,,,,,,,,,,,,,,,,,,,,,,,,
,,,,,,,,,,,,,,,,,,,,,,,,,,,,,,,,,,,,,,,,,,,,,,,,,,,,,,,,,,,,,,,,,,
,,,,,,,,,,,,,,,,,,,,,,,,,,,,,,,,,,,,,,,,,,,,,,,,,,,,,,,,,,,,,,,,,,
,,,,,,,,,,,,,,,,,,,,,,,,,,,,,,,,,,,,,,,,,,,,,,,,,,,,,,,,,,,,,,,,,,
2,2024-11-08,01,145,3,99,Tripley,3,,1,,4,1,,1,,2,2,3,,0,4,1,1,1,3,2,,,,,0,0,0,0,0,0,0,,0,0,0,0,0,0,0,0,0,0,0,,0,0,0,0,0,,0,0,0,0,,,,,,1
,,,,,,,,,,,,,,,,,,,,,,,,,,,,,,,,,,,,,,,,,,,,,,,,,,,,,,,,,,,,,,,,,,
,,,,,,,,,,,,,,,,,,,,,,,,,,,,,,,,,,,,,,,,,,,,,,,,,,,,,,,,,,,,,,,,,,
,,,,,,,,,,,,,,,,,,,,,,,,,,,,,,,,,,,,,,,,,,,,,,,,,,,,,,,,,,,,,,,,,,
,,,,,,,,,,,,,,,,,,,,,,,,,,,,,,,,,,,,,,,,,,,,,,,,,,,,,,,,,,,,,,,,,,
,,,,,,,,,,,,,,,,,,,,,,,,,,,,,,,,,,,,,,,,,,,,,,,,,,,,,,,,,,,,,,,,,,
,,,,,,,,,,,,,,,,,,,,,,,,,,,,,,,,,,,,,,,,,,,,,,,,,,,,,,,,,,,,,,,,,,
,,,,,,,,,,,,,,,,,,,,,,,,,,,,,,,,,,,,,,,,,,,,,,,,,,,,,,,,,,,,,,,,,,
,,,,,,,,,,,,,,,,,,,,,,,,,,,,,,,,,,,,,,,,,,,,,,,,,,,,,,,,,,,,,,,,,,
,,,,,,,,,,,,,,,,,,,,,,,,,,,,,,,,,,,,,,,,,,,,,,,,,,,,,,,,,,,,,,,,,,
,,,,,,,,,,,,,,,,,,,,,,,,,,,,,,,,,,,,,,,,,,,,,,,,,,,,,,,,,,,,,,,,,,
,,,,,,,,,,,,,,,,,,,,,,,,,,,,,,,,,,,,,,,,,,,,,,,,,,,,,,,,,,,,,,,,,,
,,,,,,,,,,,,,,,,,,,,,,,,,,,,,,,,,,,,,,,,,,,,,,,,,,,,,,,,,,,,,,,,,,
4,2024-11-08,01,500,3,2,,3,,1,,2,2,,2,,2,1,,,0,4,1,1,1,2,2,,,,,0,0,0,0,0,0,0,,0,0,0,0,0,0,0,0,0,0,0,,0,0,0,0,0,,0,0,0,0,,,,,,1
4,2024-11-08,01,306,3,2,,3,,4,,2,2,,2,,2,2,2,,0,1,2,2,,,2,,,,,0,0,0,0,0,0,0,,0,0,0,0,0,0,0,0,0,0,0,,0,0,0,0,0,,0,0,0,0,,,,,,1
4,2024-11-08,01,315,3,2,,3,,3,,2,,,1,,2,2,2,,0,1,2,1,1,2,2,,,,,0,0,0,0,0,0,0,,0,0,0,0,0,0,0,0,0,0,0,,0,0,0,0,0,,0,0,0,0,,,,,,1
6,2024-11-08,01,285,2,2,,4,,2,,1,2,,2,,2,2,21,,0,1,1,1,1,1,2,,,,,0,0,0,0,0,0,0,,0,0,0,0,0,0,0,0,0,0,0,,0,0,0,0,0,,0,0,0,0,,,,,,1
6,2024-11-08,01,248,3,1,,3,,3,,3,2,,2,,1,2,21,,1,0,,1,,,2,,,,,0,0,0,0,0,0,0,,0,0,0,0,0,0,0,0,0,0,0,,0,0,0,0,0,,0,0,0,0,,,,,,1
6,2024-11-08,01,312,2,99,Esteras,3,,1,,1,2,,1,,2,2,3,,0,3,1,1,1,1,2,,,,,0,0,0,0,0,0,0,,0,0,0,0,0,0,0,0,0,0,0,,0,0,0,0,0,,0,0,0,0,,,,,,1
,,,,,,,,,,,,,,,,,,,,,,,,,,,,,,,0,0,0,0,0,0,0,,0,0,0,0,0,0,0,0,0,0,0,,0,0,0,0,0,,0,0,0,0,,,,,,0
5,2024-11-08,01,702,3,2,,3,,3,,3,2,,2,,1,2,21,,0,3,1,1,1,1,1,4,2,,,0,0,0,0,0,0,0,,0,0,0,0,0,0,0,0,0,0,0,,0,0,0,0,0,,0,0,0,0,,,,,,1
5,2024-11-08,01,561,3,2,,3,,1,,2,2,,2,,1,2,12,,7,0,,1,,,2,,,,,0,0,0,0,0,0,0,,0,0,0,0,0,0,0,0,0,0,0,,0,0,0,0,0,,0,0,0,0,,,,,,1
9,2024-11-08,01,549,3,1,,3,,4,,1,2,,2,,1,2,1,,0,1,98,1,1,2,2,,,,,0,0,0,0,0,0,0,,0,0,0,0,0,0,0,0,0,0,0,,0,0,0,0,0,,0,0,0,0,,,,,,1
9,2024-11-08,01,544,3,2,,3,,1,,2,2,,2,,1,1,,,0,2,1,1,1,3,2,,,,,0,0,0,0,0,0,0,,0,0,0,0,0,0,0,0,0,0,0,,0,0,0,0,0,,0,0,0,0,,,,,,1
9,2024-11-08,01,560,3,2,,3,,1,,4,2,,2,,1,2,2,,4,0,,1,,,2,,,,,0,0,0,0,0,0,0,,0,0,0,0,0,0,0,0,0,0,0,,0,0,0,0,0,,0,0,0,0,,,,,,1
7,2024-11-08,01,550,3,2,,3,,2,,1,2,,2,,2,2,2,,0,2,1,1,1,1,1,1,2,,,0,0,0,0,0,0,0,,0,0,0,0,0,0,0,0,0,0,0,,0,0,0,0,0,,0,0,0,0,,,,,,1
,,,,,,,,,,,,,,,,,,,,,,,,,,,,,,,0,0,0,0,0,0,0,,0,0,0,0,0,0,0,0,0,0,0,,0,0,0,0,0,,0,0,0,0,,,,,,0
7,2024-11-08,01,534,3,99,Triplay,3,,1,,1,2,,1,,1,2,2,,0,3,1,1,1,1,2,,,,,0,0,0,0,0,0,0,,0,0,0,0,0,0,0,0,0,0,0,,0,0,0,0,0,,0,0,0,0,,,,,,1
7,2024-11-08,01,314,2,2,,3,,2,,1,2,,1,,2,3,,4,0,5,1,1,1,1,2,,,,,0,0,0,0,0,0,0,,0,0,0,0,0,0,0,0,0,0,0,,0,0,0,0,0,,0,0,0,0,,,,,,1
8,2024-11-09,01,290,2,2,,3,,3,,5,2,,2,,2,2,10,,0,4,98,1,1,98,2,,,,,0,0,0,0,0,0,0,,0,0,0,0,0,0,0,0,0,0,0,,0,0,0,0,0,,0,0,0,0,,,,,,1
8,2024-11-09,01,292,3,1,,3,,3,,1,2,,2,,2,2,21,,0,2,98,1,1,98,2,,,,,0,0,0,0,0,0,0,,0,0,0,0,0,0,0,0,0,0,0,,0,0,0,0,0,,0,0,0,0,,,,,,1
8,2024-11-09,01,329,2,1,,3,,3,,1,5,,1,,2,2,21,,0,4,98,1,1,98,2,,,,,0,0,0,0,0,0,0,,0,0,0,0,0,0,0,0,0,0,0,,0,0,0,0,0,,0,0,0,0,,,,,,1
10,2024-11-09,01,559,2,2,,3,,3,,3,2,,1,,2,1,,,0,2,1,1,1,1,2,,,,,0,0,0,0,0,0,0,,0,0,0,0,0,0,0,0,0,0,0,,0,0,0,0,0,,0,0,0,0,,,,,,1
10,2024-11-09,01,328,3,2,,3,,1,,1,2,,1,,2,2,18,,0,1,1,1,1,1,2,,,,,0,0,0,0,0,0,0,,0,0,0,0,0,0,0,0,0,0,0,,0,0,0,0,0,,0,0,0,0,,,,,,1
4,2024-11-09,01,187,3,1,,3,,99,"Cemento completo",3,2,,2,,2,2,20,,0,5,1,1,1,2,2,,,,,0,0,0,0,0,0,0,,0,0,0,0,0,0,0,0,0,0,0,,0,0,0,0,0,,0,0,0,0,,,,,,1
4,2024-11-09,01,505,3,1,,3,,99,"Cemento terminado",1,2,,2,,2,2,1,,2,1,1,1,2,,2,,,,,0,0,0,0,0,0,0,,0,0,0,0,0,0,0,0,0,0,0,,0,0,0,0,0,,0,0,0,0,,,,,,1
3,2024-11-09,01,569,3,1,,3,,3,,3,99,"Pozo artesiano",2,,1,1,,,0,3,1,1,1,3,2,,,,,0,0,0,0,0,0,0,,0,0,0,0,0,0,0,0,0,0,0,,0,0,0,0,0,,0,0,0,0,,,,,,1
2,2024-11-09,01,570,2,2,,3,,2,,1,99,"Pozo artesiano",2,,2,2,10,,1,0,,1,,,2,,,,,0,0,0,0,0,0,0,,0,0,0,0,0,0,0,0,0,0,0,,0,0,0,0,0,,0,0,0,0,,,,,,1
,,,,,,,,,,,,,,,,,,,,,,,,,,,,,,,0,0,0,0,0,0,0,,0,0,0,0,0,0,0,0,0,0,0,,0,0,0,0,0,,0,0,0,0,,,,,,0
6,2024-11-09,01,580,2,1,,3,,99,Cemento,3,2,,2,,2,3,,1,1,1,1,1,1,1,2,,,,,0,0,0,0,0,0,0,,0,0,0,0,0,0,0,0,0,0,0,,0,0,0,0,0,,0,0,0,0,,,,,,1
6,2024-11-09,01,515,2,99,Madera,3,,1,,2,5,,1,,2,2,17,,0,3,1,1,1,1,2,,,,,0,0,0,0,0,0,0,,0,0,0,0,0,0,0,0,0,0,0,,0,0,0,0,0,,0,0,0,0,,,,,,1
7,2024-11-09,01,514,3,1,,3,,3,,2,2,,2,,2,1,,,0,2,1,1,1,1,2,,,,,0,0,0,0,0,0,0,,0,0,0,0,0,0,0,0,0,0,0,,0,0,0,0,0,,0,0,0,0,,,,,,1
9,2024-11-09,01,297,3,2,,3,,3,,2,2,,2,,2,1,,,0,2,2,1,1,3,2,,,,,0,0,0,0,0,0,0,,0,0,0,0,0,0,0,0,0,0,0,,0,0,0,0,0,,0,0,0,0,,,,,,1
,,,,,,,,,,,,,,,,,,,,,,,,,,,,,,,0,0,0,0,0,0,0,,0,0,0,0,0,0,0,0,0,0,0,,0,0,0,0,0,,0,0,0,0,,,,,,0
,,,,,,,,,,,,,,,,,,,,,,,,,,,,,,,0,0,0,0,0,0,0,,0,0,0,0,0,0,0,0,0,0,0,,0,0,0,0,0,,0,0,0,0,,,,,,0
,,,,,,,,,,,,,,,,,,,,,,,,,,,,,,,0,0,0,0,0,0,0,,0,0,0,0,0,0,0,0,0,0,0,,0,0,0,0,0,,0,0,0,0,,,,,,0
9,2024-11-09,01,581,3,1,,3,,3,,5,2,,2,,2,3,,5,0,5,98,1,1,1,2,,,,,0,0,0,0,0,0,0,,0,0,0,0,0,0,0,0,0,0,0,,0,0,0,0,0,,0,0,0,0,,,,,,1
5,2024-11-09,01,558,3,2,,3,,2,,1,2,,3,5,2,1,,,0,2,2,1,1,2,1,4,2,,,0,0,0,0,0,0,0,,0,0,0,0,0,0,0,0,0,0,0,,0,0,0,0,0,,0,0,0,0,,,,,,1
,,,,,,,,,,,,,,,,,,,,,,,,,,,,,,,0,0,0,0,0,0,0,,0,0,0,0,0,0,0,0,0,0,0,,0,0,0,0,0,,0,0,0,0,,,,,,0
5,2024-11-09,01,579,3,2,,3,,1,,1,2,,1,,1,2,10,,0,1,2,1,1,2,1,1,2,,,0,0,0,0,0,0,0,,0,0,0,0,0,0,0,0,0,0,0,,0,0,0,0,0,,0,0,0,0,,,,,,1
9,2024-11-10,01,176,3,1,,3,,3,,3,2,,2,,2,1,,,0,4,2,1,1,3,2,,,,,0,0,0,0,0,0,0,,0,0,0,0,0,0,0,0,0,0,0,,0,0,0,0,0,,0,0,0,0,,,,,,1
9,2024-11-10,01,201,3,2,,3,,3,,1,2,,2,,1,2,2,,0,2,2,1,1,2,2,,,,,0,0,0,0,0,0,0,,0,0,0,0,0,0,0,0,0,0,0,,0,0,0,0,0,,0,0,0,0,,,,,,1
3,2024-11-10,01,331,2,99,"Calamina y madera",3,,1,,1,1,,1,,2,2,6,,0,5,1,1,1,3,2,,,,,0,0,0,0,0,0,0,,0,0,0,0,0,0,0,0,0,0,0,,0,0,0,0,0,,0,0,0,0,,,,,,1
6,2024-11-10,01,574,3,1,,3,,99,Cemento,2,2,,2,,2,2,3,,1,0,,1,,,2,,,,,0,0,0,0,0,0,0,,0,0,0,0,0,0,0,0,0,0,0,,0,0,0,0,0,,0,0,0,0,,,,,,1
6,2024-11-10,01,587,2,1,,3,,99,Cemento,1,5,,1,,1,2,6,,0,3,1,1,1,1,2,,,,,0,0,0,0,0,0,0,,0,0,0,0,0,0,0,0,0,0,0,,0,0,0,0,0,,0,0,0,0,,,,,,1
6,2024-11-10,01,589,3,1,,3,,1,,1,2,,1,,1,2,12,,0,1,2,1,1,2,2,,,,,0,0,0,0,0,0,0,,0,0,0,0,0,0,0,0,0,0,0,,0,0,0,0,0,,0,0,0,0,,,,,,1
10,2024-11-10,01,588,2,2,,3,,1,,5,2,,2,,2,2,2,,0,5,1,1,1,1,2,,,,,0,0,0,0,0,0,0,,0,0,0,0,0,0,0,0,0,0,0,,0,0,0,0,0,,0,0,0,0,,,,,,1
7,2024-11-10,01,584,3,99,Triplay,3,,1,,1,99,Pilon,1,,2,1,,,0,3,2,1,1,2,2,,,,,0,0,0,0,0,0,0,,0,0,0,0,0,0,0,0,0,0,0,,0,0,0,0,0,,0,0,0,0,,,,,,1
,,,,,,,,,,,,,,,,,,,,,,,,,,,,,,,0,0,0,0,0,0,0,,0,0,0,0,0,0,0,0,0,0,0,,0,0,0,0,0,,0,0,0,0,,,,,,0
5,2024-11-10,01,299,3,1,,3,,3,,3,2,,2,,1,1,,,0,3,1,1,1,2,1,4,2,,,0,0,0,0,0,0,0,,0,0,0,0,0,0,0,0,0,0,0,,0,0,0,0,0,,0,0,0,0,,,,,,1
9,2024-11-13,01,516,3,1,,3,,3,,2,2,,2,,2,3,,4,2,0,,1,,,2,,,,,0,0,0,0,0,0,0,,0,0,0,0,0,0,0,0,0,0,0,,0,0,0,0,0,,0,0,0,0,,,,,,1
,,,,,,,,,,,,,,,,,,,,,,,,,,,,,,,,,,,,,,,,,,,,,,,,,,,,,,,,,,,,,,,,,,
2,2024-11-13,01,106,3,99,"Ladrillo y esteras",3,,3,,3,6,,2,,2,1,,,0,3,1,1,1,3,2,,,,,0,0,0,0,0,0,0,,0,0,0,0,0,0,0,0,0,0,0,,0,0,0,0,0,,0,0,0,0,,,,,,1
7,2024-11-13,01,650,2,99,Calamina,3,,1,,1,2,,1,,2,2,12,,2,2,2,1,1,2,2,,,,,0,0,0,0,0,0,0,,0,0,0,0,0,0,0,0,0,0,0,,0,0,0,0,0,,0,0,0,0,,,,,,1
6,2024-11-13,01,117,3,99,Madera,3,,3,,2,2,,2,,1,2,12,,2,0,,1,,,2,,,,,0,0,0,0,0,0,0,,0,0,0,0,0,0,0,0,0,0,0,,0,0,0,0,0,,0,0,0,0,,,,,,1
,,,,,,,,,,,,,,,,,,,,,,,,,,,,,,,0,0,0,0,0,0,0,,0,0,0,0,0,0,0,0,0,0,0,,0,0,0,0,0,,0,0,0,0,,,,,,0
8,2024-11-13,01,459,2,6,,3,,1,,1,2,,1,,2,2,21,,1,0,,2,,,2,,,,,0,0,0,0,0,0,0,,0,0,0,0,0,0,0,0,0,0,0,,0,0,0,0,0,,0,0,0,0,,,,,,1
5,2024-11-13,01,476,3,2,,3,,3,,1,2,,2,,2,2,1,,0,2,3,1,1,3,1,20,2,,,0,0,0,0,0,0,0,,0,0,0,0,0,0,0,0,0,0,0,,0,0,0,0,0,,0,0,0,0,,,,,,1
5,2024-11-13,01,171,3,2,,3,,2,,2,2,,2,,1,1,,,0,2,1,1,1,1,2,,,,,0,0,0,0,0,0,0,,0,0,0,0,0,0,0,0,0,0,0,,0,0,0,0,0,,0,0,0,0,,,,,,1
4,2024-11-13,01,498,3,2,,3,,3,,2,2,,2,,2,1,,,0,3,1,1,1,1,2,,,,,0,0,0,0,0,0,0,,0,0,0,0,0,0,0,0,0,0,0,,0,0,0,0,0,,0,0,0,0,,,,,,1
,,,,,,,,,,,,,,,,,,,,,,,,,,,,,,,,,,,,,,,,,,,,,,,,,,,,,,,,,,,,,,,,,,
,,,,,,,,,,,,,,,,,,,,,,,,,,,,,,,,,,,,,,,,,,,,,,,,,,,,,,,,,,,,,,,,,,
,,,,,,,,,,,,,,,,,,,,,,,,,,,,,,,,,,,,,,,,,,,,,,,,,,,,,,,,,,,,,,,,,,
,,,,,,,,,,,,,,,,,,,,,,,,,,,,,,,,,,,,,,,,,,,,,,,,,,,,,,,,,,,,,,,,,,
,,,,,,,,,,,,,,,,,,,,,,,,,,,,,,,,,,,,,,,,,,,,,,,,,,,,,,,,,,,,,,,,,,
,,,,,,,,,,,,,,,,,,,,,,,,,,,,,,,,,,,,,,,,,,,,,,,,,,,,,,,,,,,,,,,,,,
,,,,,,,,,,,,,,,,,,,,,,,,,,,,,,,,,,,,,,,,,,,,,,,,,,,,,,,,,,,,,,,,,,
,,,,,,,,,,,,,,,,,,,,,,,,,,,,,,,,,,,,,,,,,,,,,,,,,,,,,,,,,,,,,,,,,,
,,,,,,,,,,,,,,,,,,,,,,,,,,,,,,,,,,,,,,,,,,,,,,,,,,,,,,,,,,,,,,,,,,
,,,,,,,,,,,,,,,,,,,,,,,,,,,,,,,,,,,,,,,,,,,,,,,,,,,,,,,,,,,,,,,,,,
,,,,,,,,,,,,,,,,,,,,,,,,,,,,,,,,,,,,,,,,,,,,,,,,,,,,,,,,,,,,,,,,,,
,,,,,,,,,,,,,,,,,,,,,,,,,,,,,,,,,,,,,,,,,,,,,,,,,,,,,,,,,,,,,,,,,,
6,2024-11-14,01,501,2,99,Madera,3,,3,,1,2,,2,,1,2,21,,1,1,1,1,1,1,2,,,,,0,0,0,0,0,0,0,,0,0,0,0,0,0,0,0,0,0,0,,0,0,0,0,0,,0,0,0,0,,,,,,1
6,2024-11-14,01,211,3,1,,3,,1,,2,6,,2,,1,1,,,1,1,1,1,1,1,1,3,1,4,"Nauta,Loreto",1,0,0,0,0,0,0,,0,0,0,0,0,0,0,0,0,0,1,"Asistente de campo",0,1,0,0,0,,0,0,1,0,,,,2,,1
4,2024-11-14,01,513,3,99,Calamina,3,,1,,1,2,,2,,2,3,,1,1,0,,1,,,2,,,,,0,0,0,0,0,0,0,,0,0,0,0,0,0,0,0,0,0,0,,0,0,0,0,0,,0,0,0,0,,,,,,1
2,2024-11-14,01,267,3,1,,3,,3,,2,1,,2,,1,1,,,0,3,1,1,1,3,2,,,,,0,0,0,0,0,0,0,,0,0,0,0,0,0,0,0,0,0,0,,0,0,0,0,0,,0,0,0,0,,,,,,1
,,,,,,,,,,,,,,,,,,,,,,,,,,,,,,,0,0,0,0,0,0,0,,0,0,0,0,0,0,0,0,0,0,0,,0,0,0,0,0,,0,0,0,0,,,,,,0
,,,,,,,,,,,,,,,,,,,,,,,,,,,,,,,0,0,0,0,0,0,0,,0,0,0,0,0,0,0,0,0,0,0,,0,0,0,0,0,,0,0,0,0,,,,,,0
9,2024-11-14,01,576,3,2,,3,,2,,1,2,,2,,2,2,3,,0,4,2,1,1,2,2,,,,,0,0,0,0,0,0,0,,0,0,0,0,0,0,0,0,0,0,0,,0,0,0,0,0,,0,0,0,0,,,,,,1
9,2024-11-14,01,651,3,2,,3,,1,,1,2,,2,,2,2,4,,1,0,,1,,,2,,,,,0,0,0,0,0,0,0,,0,0,0,0,0,0,0,0,0,0,0,,0,0,0,0,0,,0,0,0,0,,,,,,1
,,,,,,,,,,,,,,,,,,,,,,,,,,,,,,,0,0,0,0,0,0,0,,0,0,0,0,0,0,0,0,0,0,0,,0,0,0,0,0,,0,0,0,0,,,,,,0
,,,,,,,,,,,,,,,,,,,,,,,,,,,,,,,0,0,0,0,0,0,0,,0,0,0,0,0,0,0,0,0,0,0,,0,0,0,0,0,,0,0,0,0,,,,,,0
,,,,,,,,,,,,,,,,,,,,,,,,,,,,,,,0,0,0,0,0,0,0,,0,0,0,0,0,0,0,0,0,0,0,,0,0,0,0,0,,0,0,0,0,,,,,,0
,,,,,,,,,,,,,,,,,,,,,,,,,,,,,,,0,0,0,0,0,0,0,,0,0,0,0,0,0,0,0,0,0,0,,0,0,0,0,0,,0,0,0,0,,,,,,0
,,,,,,,,,,,,,,,,,,,,,,,,,,,,,,,0,0,0,0,0,0,0,,0,0,0,0,0,0,0,0,0,0,0,,0,0,0,0,0,,0,0,0,0,,,,,,0
5,2024-11-14,01,218,3,2,,3,,2,,2,2,,1,,1,2,18,,0,2,1,1,1,1,2,,,,,0,0,0,0,0,0,0,,0,0,0,0,0,0,0,0,0,0,0,,0,0,0,0,0,,0,0,0,0,,,,,,1
,,,,,,,,,,,,,,,,,,,,,,,,,,,,,,,0,0,0,0,0,0,0,,0,0,0,0,0,0,0,0,0,0,0,,0,0,0,0,0,,0,0,0,0,,,,,,0
,,,,,,,,,,,,,,,,,,,,,,,,,,,,,,,0,0,0,0,0,0,0,,0,0,0,0,0,0,0,0,0,0,0,,0,0,0,0,0,,0,0,0,0,,,,,,0
7,2024-11-14,01,235,3,6,,3,,1,,2,6,,2,,2,1,,,0,4,2,1,1,2,1,3,1,3,"Alto amazonas",0,0,0,0,0,0,1,"Predicar el evangelio",0,0,0,0,0,0,0,0,0,0,0,,0,0,0,0,1,Rápido,0,1,0,0,,,2,,,1
,,,,,,,,,,,,,,,,,,,,,,,,,,,,,,,0,0,0,0,0,0,0,,0,0,0,0,0,0,0,0,0,0,0,,0,0,0,0,0,,0,0,0,0,,,,,,0
,,,,,,,,,,,,,,,,,,,,,,,,,,,,,,,0,0,0,0,0,0,0,,0,0,0,0,0,0,0,0,0,0,0,,0,0,0,0,0,,0,0,0,0,,,,,,0
,,,,,,,,,,,,,,,,,,,,,,,,,,,,,,,0,0,0,0,0,0,0,,0,0,0,0,0,0,0,0,0,0,0,,0,0,0,0,0,,0,0,0,0,,,,,,0
,,,,,,,,,,,,,,,,,,,,,,,,,,,,,,,0,0,0,0,0,0,0,,0,0,0,0,0,0,0,0,0,0,0,,0,0,0,0,0,,0,0,0,0,,,,,,0
,,,,,,,,,,,,,,,,,,,,,,,,,,,,,,,0,0,0,0,0,0,0,,0,0,0,0,0,0,0,0,0,0,0,,0,0,0,0,0,,0,0,0,0,,,,,,0
,,,,,,,,,,,,,,,,,,,,,,,,,,,,,,,0,0,0,0,0,0,0,,0,0,0,0,0,0,0,0,0,0,0,,0,0,0,0,0,,0,0,0,0,,,,,,0
,,,,,,,,,,,,,,,,,,,,,,,,,,,,,,,0,0,0,0,0,0,0,,0,0,0,0,0,0,0,0,0,0,0,,0,0,0,0,0,,0,0,0,0,,,,,,0
10,2024-11-14,01,601,3,2,,3,,3,,1,2,,2,,2,2,3,,0,1,1,1,1,1,2,,,,,0,0,0,0,0,0,0,,0,0,0,0,0,0,0,0,0,0,0,,0,0,0,0,0,,0,0,0,0,,,,,,1
10,2024-11-14,01,268,2,2,,3,,1,,2,2,,2,,2,2,3,,0,4,1,1,1,1,2,,,,,0,0,0,0,0,0,0,,0,0,0,0,0,0,0,0,0,0,0,,0,0,0,0,0,,0,0,0,0,,,,,,1
,,,,,,,,,,,,,,,,,,,,,,,,,,,,,,,0,0,0,0,0,0,0,,0,0,0,0,0,0,0,0,0,0,0,,0,0,0,0,0,,0,0,0,0,,,,,,0
,,,,,,,,,,,,,,,,,,,,,,,,,,,,,,,0,0,0,0,0,0,0,,0,0,0,0,0,0,0,0,0,0,0,,0,0,0,0,0,,0,0,0,0,,,,,,0
,,,,,,,,,,,,,,,,,,,,,,,,,,,,,,,0,0,0,0,0,0,0,,0,0,0,0,0,0,0,0,0,0,0,,0,0,0,0,0,,0,0,0,0,,,,,,0
,,,,,,,,,,,,,,,,,,,,,,,,,,,,,,,0,0,0,0,0,0,0,,0,0,0,0,0,0,0,0,0,0,0,,0,0,0,0,0,,0,0,0,0,,,,,,0
,,,,,,,,,,,,,,,,,,,,,,,,,,,,,,,0,0,0,0,0,0,0,,0,0,0,0,0,0,0,0,0,0,0,,0,0,0,0,0,,0,0,0,0,,,,,,0
,,,,,,,,,,,,,,,,,,,,,,,,,,,,,,,0,0,0,0,0,0,0,,0,0,0,0,0,0,0,0,0,0,0,,0,0,0,0,0,,0,0,0,0,,,,,,0
,,,,,,,,,,,,,,,,,,,,,,,,,,,,,,,0,0,0,0,0,0,0,,0,0,0,0,0,0,0,0,0,0,0,,0,0,0,0,0,,0,0,0,0,,,,,,0
,,,,,,,,,,,,,,,,,,,,,,,,,,,,,,,0,0,0,0,0,0,0,,0,0,0,0,0,0,0,0,0,0,0,,0,0,0,0,0,,0,0,0,0,,,,,,0
8,2024-11-14,01,482,2,6,,3,,3,,1,2,,1,,2,2,3,,0,2,98,1,1,98,2,,,,,0,0,0,0,0,0,0,,0,0,0,0,0,0,0,0,0,0,0,,0,0,0,0,0,,0,0,0,0,,,,,,1
,,,,,,,,,,,,,,,,,,,,,,,,,,,,,,,0,0,0,0,0,0,0,,0,0,0,0,0,0,0,0,0,0,0,,0,0,0,0,0,,0,0,0,0,,,,,,0
,,,,,,,,,,,,,,,,,,,,,,,,,,,,,,,0,0,0,0,0,0,0,,0,0,0,0,0,0,0,0,0,0,0,,0,0,0,0,0,,0,0,0,0,,,,,,0
,,,,,,,,,,,,,,,,,,,,,,,,,,,,,,,0,0,0,0,0,0,0,,0,0,0,0,0,0,0,0,0,0,0,,0,0,0,0,0,,0,0,0,0,,,,,,0
,,,,,,,,,,,,,,,,,,,,,,,,,,,,,,,0,0,0,0,0,0,0,,0,0,0,0,0,0,0,0,0,0,0,,0,0,0,0,0,,0,0,0,0,,,,,,0
8,2024-11-14,01,213,3,2,,3,,1,,1,2,,2,,2,2,18,,3,0,,1,,,2,,,,,0,0,0,0,0,0,0,,0,0,0,0,0,0,0,0,0,0,0,,0,0,0,0,0,,0,0,0,0,,,,,,1
9,2024-11-18,15,102,3,2,,3,,2,,7,2,,2,,2,1,,,0,4,2,1,1,3,2,,,,,0,0,0,0,0,0,0,,0,0,0,0,0,0,0,0,0,0,0,,0,0,0,0,0,,0,0,0,0,,,,,,1
9,2024-11-18,15,451,3,2,,3,,2,,2,2,,2,,2,2,1,,0,2,1,1,1,1,2,,,,,0,0,0,0,0,0,0,,0,0,0,0,0,0,0,0,0,0,0,,0,0,0,0,0,,0,0,0,0,,,,,,1
2,2024-11-18,15,109,3,1,,3,,3,,2,4,,2,,1,2,21,,2,0,,1,,,2,,,,,0,0,0,0,0,0,0,,0,0,0,0,0,0,0,0,0,0,0,,0,0,0,0,0,,0,0,0,0,,,,,,1
2,2024-11-18,15,600,2,6,,3,,3,,1,4,,2,,2,2,2,,1,1,2,1,1,3,2,,,,,0,0,0,0,0,0,0,,0,0,0,0,0,0,0,0,0,0,0,,0,0,0,0,0,,0,0,0,0,,,,,,1
6,2024-11-18,15,101,2,6,,3,,1,,2,2,,1,,2,3,,1,3,1,1,1,2,,2,,,,,0,0,0,0,0,0,0,,0,0,0,0,0,0,0,0,0,0,0,,0,0,0,0,0,,0,0,0,0,,,,,,1
6,2024-11-18,15,452,2,99,Madera,3,,1,,2,4,,2,,2,2,11,,1,4,1,1,2,,2,,,,,0,0,0,0,0,0,0,,0,0,0,0,0,0,0,0,0,0,0,,0,0,0,0,0,,0,0,0,0,,,,,,1
7,2024-11-18,15,111,3,1,,3,,3,,4,99,"Compran agua",2,,2,1,,,0,0,,,,,2,,,,,0,0,0,0,0,0,0,,0,0,0,0,0,0,0,0,0,0,0,,0,0,0,0,0,,0,0,0,0,,,,,,1
7,2024-11-18,15,122,3,2,,3,,3,,2,4,,2,,2,2,15,,0,2,2,1,1,2,2,,,,,0,0,0,0,0,0,0,,0,0,0,0,0,0,0,0,0,0,0,,0,0,0,0,0,,0,0,0,0,,,,,,1
8,2024-11-18,15,450,3,1,,3,,3,,3,4,,2,,2,1,,,3,0,,1,,,2,,,,,0,0,0,0,0,0,0,,0,0,0,0,0,0,0,0,0,0,0,,0,0,0,0,0,,0,0,0,0,,,,,,1
8,2024-11-18,15,121,2,2,,3,,3,,3,4,,2,,2,2,21,,0,1,2,1,1,3,2,,,,,0,0,0,0,0,0,0,,0,0,0,0,0,0,0,0,0,0,0,,0,0,0,0,0,,0,0,0,0,,,,,,1
4,2024-11-18,15,107,3,1,,3,,99,"Cemento completo",3,2,,2,,2,2,21,,1,1,2,1,1,2,2,,,,,0,0,0,0,0,0,0,,0,0,0,0,0,0,0,0,0,0,0,,0,0,0,0,0,,0,0,0,0,,,,,,1
4,2024-11-18,15,113,3,1,,3,,3,,3,5,,2,,2,2,7,,3,0,,1,,,2,,,,,0,0,0,0,0,0,0,,0,0,0,0,0,0,0,0,0,0,0,,0,0,0,0,0,,0,0,0,0,,,,,,1
,,,,,,,,,,,,,,,,,,,,,,,,,,,,,,,0,0,0,0,0,0,0,,0,0,0,0,0,0,0,0,0,0,0,,0,0,0,0,0,,0,0,0,0,,,,,,0
10,2024-11-18,15,105,3,1,,3,,3,,2,2,,2,,2,1,,,0,2,2,1,1,2,2,,,,,0,0,0,0,0,0,0,,0,0,0,0,0,0,0,0,0,0,0,,0,0,0,0,0,,0,0,0,0,,,,,,1
10,2024-11-18,15,118,3,2,,3,,2,,2,2,,2,,2,1,,,0,2,2,1,1,2,2,,,,,0,0,0,0,0,0,0,,0,0,0,0,0,0,0,0,0,0,0,,0,0,0,0,0,,0,0,0,0,,,,,,1
5,2024-11-18,15,104,3,1,,3,,4,,2,2,,2,,2,2,2,,1,1,1,1,2,,1,8,2,,,0,0,0,0,0,0,0,,0,0,0,0,0,0,0,0,0,0,0,,0,0,0,0,0,,0,0,0,0,,,,,,1
5,2024-11-18,15,114,3,1,,3,,3,,2,2,,2,,2,2,21,,0,1,2,1,1,2,1,2,2,,,0,0,0,0,0,0,0,,0,0,0,0,0,0,0,0,0,0,0,,0,0,0,0,0,,0,0,0,0,,,,,,1
9,2024-11-19,15,146,3,2,,3,,3,,3,2,,2,,2,1,,,0,3,3,1,1,3,2,,,,,0,0,0,0,0,0,0,,0,0,0,0,0,0,0,0,0,0,0,,0,0,0,0,0,,0,0,0,0,,,,,,1
9,2024-11-19,15,135,3,2,,3,,3,,4,2,,2,,2,2,21,,0,4,2,1,1,3,2,,,,,0,0,0,0,0,0,0,,0,0,0,0,0,0,0,0,0,0,0,,0,0,0,0,0,,0,0,0,0,,,,,,1
9,2024-11-19,15,158,3,2,,3,,1,,2,2,,2,,2,2,5,,3,0,,1,,,2,,,,,0,0,0,0,0,0,0,,0,0,0,0,0,0,0,0,0,0,0,,0,0,0,0,0,,0,0,0,0,,,,,,1
9,2024-11-19,15,103,3,1,,3,,3,,1,2,,2,,2,2,2,,1,0,,1,,,2,,,,,0,0,0,0,0,0,0,,0,0,0,0,0,0,0,0,0,0,0,,0,0,0,0,0,,0,0,0,0,,,,,,1
2,2024-11-19,15,173,2,99,"Ladrillo y tabla",3,,3,,2,4,,2,,1,2,6,,0,1,98,1,1,2,2,,,,,0,0,0,0,0,0,0,,0,0,0,0,0,0,0,0,0,0,0,,0,0,0,0,0,,0,0,0,0,,,,,,1
2,2024-11-19,15,460,2,2,,3,,2,,1,5,,2,,2,2,11,,6,0,,1,,,2,,,,,0,0,0,0,0,0,0,,0,0,0,0,0,0,0,0,0,0,0,,0,0,0,0,0,,0,0,0,0,,,,,,1
2,2024-11-19,15,117,3,2,,3,,3,,2,4,,2,,2,2,13,,0,2,98,1,1,2,2,,,,,0,0,0,0,0,0,0,,0,0,0,0,0,0,0,0,0,0,0,,0,0,0,0,0,,0,0,0,0,,,,,,1
7,2024-11-19,15,141,3,2,,3,,3,,1,99,Reservorio,2,,2,1,,,2,0,,1,,,2,,,,,0,0,0,0,0,0,0,,0,0,0,0,0,0,0,0,0,0,0,,0,0,0,0,0,,0,0,0,0,,,,,,1
7,2024-11-19,15,172,3,2,,3,,1,,1,4,,2,,2,1,,,2,0,,1,,,2,,,,,0,0,0,0,0,0,0,,0,0,0,0,0,0,0,0,0,0,0,,0,0,0,0,0,,0,0,0,0,,,,,,1
7,2024-11-19,15,157,3,6,,3,,3,,1,6,,2,,2,2,3,,0,4,1,1,1,1,2,,,,,0,0,0,0,0,0,0,,0,0,0,0,0,0,0,0,0,0,0,,0,0,0,0,0,,0,0,0,0,,,,,,1
7,2024-11-19,15,151,3,2,,3,,3,,1,6,,2,,2,2,12,,2,0,,1,,,2,,,,,0,0,0,0,0,0,0,,0,0,0,0,0,0,0,0,0,0,0,,0,0,0,0,0,,0,0,0,0,,,,,,1
7,2024-11-19,15,134,2,2,,3,,1,,2,4,,2,,2,1,,,2,0,,1,,,2,,,,,0,0,0,0,0,0,0,,0,0,0,0,0,0,0,0,0,0,0,,0,0,0,0,0,,0,0,0,0,,,,,,1
6,2024-11-19,15,454,2,99,Tabla,3,,3,,1,4,,2,,2,2,3,,0,2,1,1,1,1,2,,,,,0,0,0,0,0,0,0,,0,0,0,0,0,0,0,0,0,0,0,,0,0,0,0,0,,0,0,0,0,,,,,,1
6,2024-11-19,15,150,3,6,,3,,3,,1,4,,1,,2,2,2,,1,1,2,1,2,,2,,,,,0,0,0,0,0,0,0,,0,0,0,0,0,0,0,0,0,0,0,,0,0,0,0,0,,0,0,0,0,,,,,,1
6,2024-11-19,15,144,3,99,Madera,3,,1,,3,4,,2,,2,2,20,,0,3,2,1,1,2,2,,,,,0,0,0,0,0,0,0,,0,0,0,0,0,0,0,0,0,0,0,,0,0,0,0,0,,0,0,0,0,,,,,,1
6,2024-11-19,15,119,3,99,Madera,3,,1,,1,4,,2,,2,2,2,,1,0,,1,,,2,,,,,0,0,0,0,0,0,0,,0,0,0,0,0,0,0,0,0,0,0,,0,0,0,0,0,,0,0,0,0,,,,,,1
10,2024-11-19,15,140,3,2,,3,,3,,3,2,,2,,2,2,16,,0,1,1,1,1,1,2,,,,,0,0,0,0,0,0,0,,0,0,0,0,0,0,0,0,0,0,0,,0,0,0,0,0,,0,0,0,0,,,,,,1
10,2024-11-19,15,161,3,2,,3,,1,,1,4,,2,,2,1,,,0,1,1,1,1,1,2,,,,,0,0,0,0,0,0,0,,0,0,0,0,0,0,0,0,0,0,0,,0,0,0,0,0,,0,0,0,0,,,,,,1
10,2024-11-19,15,463,3,1,,3,,3,,2,4,,2,,2,2,15,,0,2,2,1,1,2,2,,,,,0,0,0,0,0,0,0,,0,0,0,0,0,0,0,0,0,0,0,,0,0,0,0,0,,0,0,0,0,,,,,,1
,,,,,,,,,,,,,,,,,,,,,,,,,,,,,,,0,0,0,0,0,0,0,,0,0,0,0,0,0,0,0,0,0,0,,0,0,0,0,0,,0,0,0,0,,,,,,0
,,,,,,,,,,,,,,,,,,,,,,,,,,,,,,,0,0,0,0,0,0,0,,0,0,0,0,0,0,0,0,0,0,0,,0,0,0,0,0,,0,0,0,0,,,,,,0
10,2024-11-19,15,116,3,1,,3,,3,,1,4,,2,,2,2,3,,0,1,1,1,1,1,2,,,,,0,0,0,0,0,0,0,,0,0,0,0,0,0,0,0,0,0,0,,0,0,0,0,0,,0,0,0,0,,,,,,1
8,2024-11-19,15,155,2,2,,3,,1,,1,4,,2,,2,1,,,3,0,,1,,,2,,,,,0,0,0,0,0,0,0,,0,0,0,0,0,0,0,0,0,0,0,,0,0,0,0,0,,0,0,0,0,,,,,,1
8,2024-11-19,15,160,3,2,,3,,1,,3,4,,2,,2,2,21,,0,2,98,1,1,98,2,,,,,0,0,0,0,0,0,0,,0,0,0,0,0,0,0,0,0,0,0,,0,0,0,0,0,,0,0,0,0,,,,,,1
8,2024-11-19,15,133,3,2,,3,,3,,2,4,,2,,2,1,,,4,0,,1,,,2,,,,,0,0,0,0,0,0,0,,0,0,0,0,0,0,0,0,0,0,0,,0,0,0,0,0,,0,0,0,0,,,,,,1
5,2024-11-19,15,137,3,2,,3,,2,,2,4,,2,,2,2,3,,2,0,,1,,,1,2,2,,,0,0,0,0,0,0,0,,0,0,0,0,0,0,0,0,0,0,0,,0,0,0,0,0,,0,0,0,0,,,,,,1
5,2024-11-19,15,171,3,2,,3,,2,,1,4,,2,,1,2,8,,2,1,1,1,1,1,2,0,,,,0,0,0,0,0,0,0,,0,0,0,0,0,0,0,0,0,0,0,,0,0,0,0,0,,0,0,0,0,,,,,,1
5,2024-11-19,15,453,3,1,,3,,3,,1,2,,2,,2,2,1,,0,0,,,,,1,1,2,,,0,0,0,0,0,0,0,,0,0,0,0,0,0,0,0,0,0,0,,0,0,0,0,0,,0,0,0,0,,,,,,1
5,2024-11-19,15,147,3,6,,3,,3,,2,2,,2,,1,2,21,,4,0,,1,,,2,,,,,0,0,0,0,0,0,0,,0,0,0,0,0,0,0,0,0,0,0,,0,0,0,0,0,,0,0,0,0,,,,,,1
4,2024-11-19,15,143,3,1,,3,,3,,2,2,,2,,2,2,10,,0,1,2,1,1,2,2,,,,,0,0,0,0,0,0,0,,0,0,0,0,0,0,0,0,0,0,0,,0,0,0,0,0,,0,0,0,0,,,,,,1
4,2024-11-19,15,455,3,2,,3,,1,,1,4,,2,,2,3,,6,1,0,,1,,,2,,,,,0,0,0,0,0,0,0,,0,0,0,0,0,0,0,0,0,0,0,,0,0,0,0,0,,0,0,0,0,,,,,,1
4,2024-11-19,15,125,3,2,,3,,1,,2,2,,2,,2,2,4,,3,0,,1,,,2,,,,,0,0,0,0,0,0,0,,0,0,0,0,0,0,0,0,0,0,0,,0,0,0,0,0,,0,0,0,0,,,,,,1
,,,,,,,,,,,,,,,,,,,,,,,,,,,,,,,0,0,0,0,0,0,0,,0,0,0,0,0,0,0,0,0,0,0,,0,0,0,0,0,,0,0,0,0,,,,,,0
1,2024-11-19,15,138,3,2,,3,,3,,5,1,,2,,2,2,2,,0,2,2,1,1,2,2,,,,,0,0,0,0,0,0,0,,0,0,0,0,0,0,0,0,0,0,0,,0,0,0,0,0,,0,0,0,0,,,,,,1
1,2024-11-19,15,170,2,6,,3,,1,,1,4,,1,,1,3,,1,0,2,2,1,1,2,2,,,,,0,0,0,0,0,0,0,,0,0,0,0,0,0,0,0,0,0,0,,0,0,0,0,0,,0,0,0,0,,,,,,1
8,2024-11-21,09,129,3,1,,3,,3,,1,4,,2,,2,2,3,,0,2,98,1,1,98,2,,,,,0,0,0,0,0,0,0,,0,0,0,0,0,0,0,0,0,0,0,,0,0,0,0,0,,0,0,0,0,,,,,,1
8,2024-11-21,09,134,3,2,,3,,3,,1,4,,2,,2,2,19,,1,0,,1,,,1,4,2,,,0,0,0,0,0,0,0,,0,0,0,0,0,0,0,0,0,0,0,,0,0,0,0,0,,0,0,0,0,,,,,,1
4,2024-11-21,09,136,3,2,,3,,2,,1,4,,2,,2,2,6,,1,0,,1,,,2,,,,,0,0,0,0,0,0,0,,0,0,0,0,0,0,0,0,0,0,0,,0,0,0,0,0,,0,0,0,0,,,,,,1
6,2024-11-21,09,123,3,99,Madera,3,,3,,2,2,,2,,2,1,,,2,0,,1,,,2,,,,,0,0,0,0,0,0,0,,0,0,0,0,0,0,0,0,0,0,0,,0,0,0,0,0,,0,0,0,0,,,,,,1
6,2024-11-21,09,124,2,7,,3,,3,,1,4,,2,,2,2,21,,1,0,,1,,,2,,,,,0,0,0,0,0,0,0,,0,0,0,0,0,0,0,0,0,0,0,,0,0,0,0,0,,0,0,0,0,,,,,,1
9,2024-11-21,09,126,3,2,,3,,1,,1,2,,2,,2,2,4,,3,0,,1,,,2,,,,,0,0,0,0,0,0,0,,0,0,0,0,0,0,0,0,0,0,0,,0,0,0,0,0,,0,0,0,0,,,,,,1
2,2024-11-21,09,122,2,2,,3,,3,,2,2,,2,,2,2,4,,3,0,,1,,,2,,,,,0,0,0,0,0,0,0,,0,0,0,0,0,0,0,0,0,0,0,,0,0,0,0,0,,0,0,0,0,,,,,,1
1,2024-11-21,09,200,3,2,,3,,2,,2,6,,2,,2,2,4,,4,0,,1,,,2,,,,,0,0,0,0,0,0,0,,0,0,0,0,0,0,0,0,0,0,0,,0,0,0,0,0,,0,0,0,0,,,,,,1
7,2024-11-21,09,133,2,2,,3,,1,,1,6,,2,,2,1,,,1,0,,1,,,2,,,,,0,0,0,0,0,0,0,,0,0,0,0,0,0,0,0,0,0,0,,0,0,0,0,0,,0,0,0,0,,,,,,1
7,2024-11-21,09,132,3,2,,3,,3,,1,6,,2,,1,1,,,3,0,,1,,,2,,,,,0,0,0,0,0,0,0,,0,0,0,0,0,0,0,0,0,0,0,,0,0,0,0,0,,0,0,0,0,,,,,,1
10,2024-11-21,09,131,3,2,,3,,1,,2,2,,2,,2,2,20,,2,0,,1,,,2,,,,,0,0,0,0,0,0,0,,0,0,0,0,0,0,0,0,0,0,0,,0,0,0,0,0,,0,0,0,0,,,,,,1
10,2024-11-21,09,142,3,2,,3,,3,,2,2,,2,,2,1,,,2,0,,1,,,2,,,,,0,0,0,0,0,0,0,,0,0,0,0,0,0,0,0,0,0,0,,0,0,0,0,0,,0,0,0,0,,,,,,1
5,2024-11-21,09,125,3,2,,5,,2,,2,2,,2,,2,2,18,,4,0,,1,,,1,4,2,,,0,0,0,0,0,0,0,,0,0,0,0,0,0,0,0,0,0,0,,0,0,0,0,0,,0,0,0,0,,,,,,1
2,2024-11-22,09,112,2,2,,3,,3,,1,4,,2,,2,1,,,3,0,,1,,,2,,,,,0,0,0,0,0,0,0,,0,0,0,0,0,0,0,0,0,0,0,,0,0,0,0,0,,0,0,0,0,,,,,,1
2,2024-11-22,09,452,2,6,,3,,1,,1,4,,2,,2,3,,9,2,0,,1,,,2,,,,,0,0,0,0,0,0,0,,0,0,0,0,0,0,0,0,0,0,0,,0,0,0,0,0,,0,0,0,0,,,,,,1
6,2024-11-22,09,118,2,7,,3,,2,,1,4,,2,,2,2,21,,2,0,,1,,,2,,,,,0,0,0,0,0,0,0,,0,0,0,0,0,0,0,0,0,0,0,,0,0,0,0,0,,0,0,0,0,,,,,,1
6,2024-11-22,09,106,2,2,,3,,2,,1,4,,1,,2,2,2,,2,0,,1,,,2,,,,,0,0,0,0,0,0,0,,0,0,0,0,0,0,0,0,0,0,0,,0,0,0,0,0,,0,0,0,0,,,,,,1
6,2024-11-22,09,107,2,2,,3,,2,,1,4,,1,,2,1,,,1,0,,1,,,2,,,,,0,0,0,0,0,0,0,,0,0,0,0,0,0,0,0,0,0,0,,0,0,0,0,0,,0,0,0,0,,,,,,1
1,2024-11-22,09,159,2,6,,3,,3,,1,6,,2,,2,2,4,,1,0,,1,,,2,,,,,0,0,0,0,0,0,0,,0,0,0,0,0,0,0,0,0,0,0,,0,0,0,0,0,,0,0,0,0,,,,,,1
1,2024-11-22,09,149,3,2,,3,,1,,2,6,,1,,2,1,,,1,0,,1,,,2,,,,,0,0,0,0,0,0,0,,0,0,0,0,0,0,0,0,0,0,0,,0,0,0,0,0,,0,0,0,0,,,,,,1
1,2024-11-22,09,140,2,1,,3,,3,,1,2,,2,,2,1,,,2,2,3,1,2,,2,,,,,0,0,0,0,0,0,0,,0,0,0,0,0,0,0,0,0,0,0,,0,0,0,0,0,,0,0,0,0,,,,,,1
7,2024-11-22,09,453,3,99,Calamina,3,,3,,1,5,,2,,2,2,5,,4,0,,1,,,1,3,1,2,"Comunidad santa isabel - indiana",1,0,0,0,0,0,0,,0,1,0,0,0,0,0,0,0,0,0,,0,0,1,0,1,Ponguero,1,0,0,0,,1,,,,1
8,2024-11-22,09,163,3,2,,3,,1,,4,2,,2,,2,2,20,,0,5,98,1,1,98,2,,,,,0,0,0,0,0,0,0,,0,0,0,0,0,0,0,0,0,0,0,,0,0,0,0,0,,0,0,0,0,,,,,,1
8,2024-11-22,09,151,3,2,,3,,2,,2,4,,2,,2,3,,7,0,2,98,1,2,,2,,,,,0,0,0,0,0,0,0,,0,0,0,0,0,0,0,0,0,0,0,,0,0,0,0,0,,0,0,0,0,,,,,,1
8,2024-11-22,09,457,3,2,,3,,3,,2,4,,1,,2,1,,,1,0,,1,,,2,,,,,0,0,0,0,0,0,0,,0,0,0,0,0,0,0,0,0,0,0,,0,0,0,0,0,,0,0,0,0,,,,,,1
5,2024-11-22,09,117,3,6,,3,,1,,1,2,,1,,2,2,4,,1,0,,1,,,1,4,2,,,0,0,0,0,0,0,0,,0,0,0,0,0,0,0,0,0,0,0,,0,0,0,0,0,,0,0,0,0,,,,,,1
5,2024-11-22,09,109,3,2,,3,,2,,1,2,,1,,2,2,7,,1,0,,1,,,2,,,,,0,0,0,0,0,0,0,,0,0,0,0,0,0,0,0,0,0,0,,0,0,0,0,0,,0,0,0,0,,,,,,1
5,2024-11-22,09,103,3,2,,3,,2,,1,4,,1,,2,2,21,,2,0,,1,,,1,4,2,,,0,0,0,0,0,0,0,,0,0,0,0,0,0,0,0,0,0,0,,0,0,0,0,0,,0,0,0,0,,,,,,1
5,2024-11-22,09,108,3,2,,3,,2,,1,4,,1,,2,2,21,,1,0,,1,,,1,1,2,,,0,0,0,0,0,0,0,,0,0,0,0,0,0,0,0,0,0,0,,0,0,0,0,0,,0,0,0,0,,,,,,1
5,2024-11-22,09,135,3,2,,3,,1,,1,2,,2,,2,1,,,1,0,,1,,,1,1,2,,,0,0,0,0,0,0,0,,0,0,0,0,0,0,0,0,0,0,0,,0,0,0,0,0,,0,0,0,0,,,,,,1
9,2024-11-22,09,145,3,2,,3,,1,,1,2,,2,,2,2,1,,0,2,2,1,1,2,2,,,,,0,0,0,0,0,0,0,,0,0,0,0,0,0,0,0,0,0,0,,0,0,0,0,0,,0,0,0,0,,,,,,1
9,2024-11-22,09,456,3,99,Calamina,3,,1,,1,5,,1,,2,2,21,,1,0,,1,,,2,,,,,0,0,0,0,0,0,0,,0,0,0,0,0,0,0,0,0,0,0,,0,0,0,0,0,,0,0,0,0,,,,,,1
,,,,,,,,,,,,,,,,,,,,,,,,,,,,,,,0,0,0,0,0,0,0,,0,0,0,0,0,0,0,0,0,0,0,,0,0,0,0,0,,0,0,0,0,,,,,,0
9,2024-11-22,09,147,3,2,,3,,3,,2,99,Tratada,1,,2,1,,,2,0,,1,,,2,,,,,0,0,0,0,0,0,0,,0,0,0,0,0,0,0,0,0,0,0,,0,0,0,0,0,,0,0,0,0,,,,,,1
9,2024-11-22,09,455,3,1,,3,,3,,1,2,,1,,2,1,,,3,0,,1,,,2,,,,,0,0,0,0,0,0,0,,0,0,0,0,0,0,0,0,0,0,0,,0,0,0,0,0,,0,0,0,0,,,,,,1
9,2024-11-22,09,148,3,2,,3,,3,,1,2,,1,,2,1,,,1,0,,1,,,2,,,,,0,0,0,0,0,0,0,,0,0,0,0,0,0,0,0,0,0,0,,0,0,0,0,0,,0,0,0,0,,,,,,1
9,2024-11-22,09,154,3,2,,3,,3,,1,2,,1,,2,2,10,,1,0,,1,,,2,,,,,0,0,0,0,0,0,0,,0,0,0,0,0,0,0,0,0,0,0,,0,0,0,0,0,,0,0,0,0,,,,,,1
,,,,,,,,,,,,,,,,,,,,,,,,,,,,,,,0,0,0,0,0,0,0,,0,0,0,0,0,0,0,0,0,0,0,,0,0,0,0,0,,0,0,0,0,,,,,,0
4,2024-11-22,09,113,3,2,,3,,2,,2,4,,2,,2,1,,,1,0,,1,,,2,,,,,0,0,0,0,0,0,0,,0,0,0,0,0,0,0,0,0,0,0,,0,0,0,0,0,,0,0,0,0,,,,,,1
4,2024-11-22,09,111,3,2,,3,,2,,1,4,,2,,2,1,,,2,0,,2,,,2,,,,,0,0,0,0,0,0,0,,0,0,0,0,0,0,0,0,0,0,0,,0,0,0,0,0,,0,0,0,0,,,,,,1
,,,,,,,,,,,,,,,,,,,,,,,,,,,,,,,0,0,0,0,0,0,0,,0,0,0,0,0,0,0,0,0,0,0,,0,0,0,0,0,,0,0,0,0,,,,,,0
,,,,,,,,,,,,,,,,,,,,,,,,,,,,,,,0,0,0,0,0,0,0,,0,0,0,0,0,0,0,0,0,0,0,,0,0,0,0,0,,0,0,0,0,,,,,,0
,,,,,,,,,,,,,,,,,,,,,,,,,,,,,,,0,0,0,0,0,0,0,,0,0,0,0,0,0,0,0,0,0,0,,0,0,0,0,0,,0,0,0,0,,,,,,0
4,2024-11-22,09,162,3,2,,3,,1,,1,2,,2,,2,2,4,,0,2,98,1,1,1,2,,,,,0,0,0,0,0,0,0,,0,0,0,0,0,0,0,0,0,0,0,,0,0,0,0,0,,0,0,0,0,,,,,,1
10,2024-11-22,09,160,3,2,,3,,3,,1,2,,2,,2,1,,,2,0,,1,,,2,,,,,0,0,0,0,0,0,0,,0,0,0,0,0,0,0,0,0,0,0,,0,0,0,0,0,,0,0,0,0,,,,,,1
10,2024-11-22,09,155,3,2,,3,,1,,1,4,,2,,2,2,3,,1,0,,1,,,2,,,,,0,0,0,0,0,0,0,,0,0,0,0,0,0,0,0,0,0,0,,0,0,0,0,0,,0,0,0,0,,,,,,1
10,2024-11-22,09,451,2,2,,3,,1,,1,2,,2,,2,2,6,,1,0,,1,,,2,,,,,0,0,0,0,0,0,0,,0,0,0,0,0,0,0,0,0,0,0,,0,0,0,0,0,,0,0,0,0,,,,,,1
10,2024-11-22,09,161,3,1,,3,,1,,3,2,,2,,2,1,,,3,0,,1,,,2,,,,,0,0,0,0,0,0,0,,0,0,0,0,0,0,0,0,0,0,0,,0,0,0,0,0,,0,0,0,0,,,,,,1
,,,,,,,,,,,,,,,,,,,,,,,,,,,,,,,0,0,0,0,0,0,0,,0,0,0,0,0,0,0,0,0,0,0,,0,0,0,0,0,,0,0,0,0,,,,,,0
9,2024-11-27,16,108,3,2,,3,,3,,1,4,,2,,2,2,21,,0,4,3,1,1,3,2,,,,,0,0,0,0,0,0,0,,0,0,0,0,0,0,0,0,0,0,0,,0,0,0,0,0,,0,0,0,0,,,,,,1
9,2024-11-27,16,119,3,2,,3,,2,,1,6,,2,,2,2,21,,1,0,,1,,,2,,,,,0,0,0,0,0,0,0,,0,0,0,0,0,0,0,0,0,0,0,,0,0,0,0,0,,0,0,0,0,,,,,,1
9,2024-11-27,16,457,2,2,,3,,2,,1,4,,2,,2,2,21,,1,0,,1,,,2,,,,,0,0,0,0,0,0,0,,0,0,0,0,0,0,0,0,0,0,0,,0,0,0,0,0,,0,0,0,0,,,,,,1
9,2024-11-27,16,109,3,2,,3,,2,,1,2,,2,,2,1,,,1,0,,1,,,2,,,,,0,0,0,0,0,0,0,,0,0,0,0,0,0,0,0,0,0,0,,0,0,0,0,0,,0,0,0,0,,,,,,1
9,2024-11-27,16,454,2,2,,5,,2,,1,4,,1,,2,2,3,,4,0,,1,,,2,,,,,0,0,0,0,0,0,0,,0,0,0,0,0,0,0,0,0,0,0,,0,0,0,0,0,,0,0,0,0,,,,,,1
,,,,,,,,,,,,,,,,,,,,,,,,,,,,,,,0,0,0,0,0,0,0,,0,0,0,0,0,0,0,0,0,0,0,,0,0,0,0,0,,0,0,0,0,,,,,,0
,,,,,,,,,,,,,,,,,,,,,,,,,,,,,,,0,0,0,0,0,0,0,,0,0,0,0,0,0,0,0,0,0,0,,0,0,0,0,0,,0,0,0,0,,,,,,0
,,,,,,,,,,,,,,,,,,,,,,,,,,,,,,,0,0,0,0,0,0,0,,0,0,0,0,0,0,0,0,0,0,0,,0,0,0,0,0,,0,0,0,0,,,,,,0
,,,,,,,,,,,,,,,,,,,,,,,,,,,,,,,0,0,0,0,0,0,0,,0,0,0,0,0,0,0,0,0,0,0,,0,0,0,0,0,,0,0,0,0,,,,,,0
,,,,,,,,,,,,,,,,,,,,,,,,,,,,,,,0,0,0,0,0,0,0,,0,0,0,0,0,0,0,0,0,0,0,,0,0,0,0,0,,0,0,0,0,,,,,,0
7,2024-11-27,16,107,3,2,,3,,3,,2,4,,2,,2,2,19,,4,3,2,1,1,2,2,,,,,0,0,0,0,0,0,0,,0,0,0,0,0,0,0,0,0,0,0,,0,0,0,0,0,,0,0,0,0,,,,,,1
7,2024-11-27,16,114,3,2,,3,,2,,1,4,,2,,2,2,10,,2,0,,1,,,2,,,,,0,0,0,0,0,0,0,,0,0,0,0,0,0,0,0,0,0,0,,0,0,0,0,0,,0,0,0,0,,,,,,1
,,,,,,,,,,,,,,,,,,,,,,,,,,,,,,,0,0,0,0,0,0,0,,0,0,0,0,0,0,0,0,0,0,0,,0,0,0,0,0,,0,0,0,0,,,,,,0
7,2024-11-27,16,143,2,2,,99,"Calamina y palmera",2,,1,4,,2,,2,2,15,,0,1,2,1,1,2,2,,,,,0,0,0,0,0,0,0,,0,0,0,0,0,0,0,0,0,0,0,,0,0,0,0,0,,0,0,0,0,,,,,,1
7,2024-11-27,16,555,2,2,,3,,2,,2,4,,2,,2,1,,,3,0,,1,,,2,,,,,0,0,0,0,0,0,0,,0,0,0,0,0,0,0,0,0,0,0,,0,0,0,0,0,,0,0,0,0,,,,,,1
2,2024-11-27,16,552,2,2,,3,,2,,1,4,,2,,1,1,,,0,2,1,1,1,2,2,,,,,0,0,0,0,0,0,0,,0,0,0,0,0,0,0,0,0,0,0,,0,0,0,0,0,,0,0,0,0,,,,,,1
2,2024-11-27,16,146,3,2,,3,,1,,2,5,,2,,2,1,,,0,1,2,1,1,3,2,,,,,0,0,0,0,0,0,0,,0,0,0,0,0,0,0,0,0,0,0,,0,0,0,0,0,,0,0,0,0,,,,,,1
2,2024-11-27,16,554,2,2,,3,,2,,1,4,,2,,2,1,,,0,1,2,1,1,2,2,,,,,0,0,0,0,0,0,0,,0,0,0,0,0,0,0,0,0,0,0,,0,0,0,0,0,,0,0,0,0,,,,,,1
2,2024-11-27,16,122,2,2,,3,,2,,1,4,,2,,2,1,,,0,1,1,1,1,3,2,,,,,0,0,0,0,0,0,0,,0,0,0,0,0,0,0,0,0,0,0,,0,0,0,0,0,,0,0,0,0,,,,,,1
2,2024-11-27,16,154,2,2,,3,,2,,2,4,,2,,2,1,,,0,1,98,1,1,3,2,,,,,0,0,0,0,0,0,0,,0,0,0,0,0,0,0,0,0,0,0,,0,0,0,0,0,,0,0,0,0,,,,,,1
6,2024-11-27,16,155,2,2,,3,,2,,2,4,,2,,2,2,21,,0,4,3,1,1,3,2,,,,,0,0,0,0,0,0,0,,0,0,0,0,0,0,0,0,0,0,0,,0,0,0,0,0,,0,0,0,0,,,,,,1
6,2024-11-27,16,153,2,2,,4,,2,,1,4,,1,,2,2,21,,0,1,2,1,1,2,2,,,,,0,0,0,0,0,0,0,,0,0,0,0,0,0,0,0,0,0,0,,0,0,0,0,0,,0,0,0,0,,,,,,1
6,2024-11-27,16,150,2,2,,3,,2,,1,4,,2,,2,2,21,,0,1,3,1,1,3,2,,,,,0,0,0,0,0,0,0,,0,0,0,0,0,0,0,0,0,0,0,,0,0,0,0,0,,0,0,0,0,,,,,,1
6,2024-11-27,16,556,2,2,,3,,2,,2,4,,2,,2,2,13,,0,2,2,1,1,2,2,,,,,0,0,0,0,0,0,0,,0,0,0,0,0,0,0,0,0,0,0,,0,0,0,0,0,,0,0,0,0,,,,,,1
6,2024-11-27,16,138,3,2,,3,,2,,1,4,,2,,2,1,,,0,1,1,1,1,1,2,,,,,0,0,0,0,0,0,0,,0,0,0,0,0,0,0,0,0,0,0,,0,0,0,0,0,,0,0,0,0,,,,,,1
6,2024-11-27,16,132,2,2,,3,,2,,1,4,,2,,2,2,21,,1,0,,1,,,2,,,,,0,0,0,0,0,0,0,,0,0,0,0,0,0,0,0,0,0,0,,0,0,0,0,0,,0,0,0,0,,,,,,1
10,2024-11-27,16,156,3,2,,3,,2,,1,6,,3,8,2,1,,,0,1,98,1,1,98,2,,,,,0,0,0,0,0,0,0,,0,0,0,0,0,0,0,0,0,0,0,,0,0,0,0,0,,0,0,0,0,,,,,,1
10,2024-11-27,16,151,3,2,,3,,2,,1,4,,3,8,2,1,,,1,0,,1,,,2,,,,,0,0,0,0,0,0,0,,0,0,0,0,0,0,0,0,0,0,0,,0,0,0,0,0,,0,0,0,0,,,,,,1
10,2024-11-27,16,149,3,2,,3,,2,,1,2,,2,,2,1,,,0,2,2,1,1,2,2,,,,,0,0,0,0,0,0,0,,0,0,0,0,0,0,0,0,0,0,0,,0,0,0,0,0,,0,0,0,0,,,,,,1
10,2024-11-27,16,553,3,2,,3,,2,,2,99,Tanque,2,,2,1,,,0,2,2,1,1,2,2,,,,,0,0,0,0,0,0,0,,0,0,0,0,0,0,0,0,0,0,0,,0,0,0,0,0,,0,0,0,0,,,,,,1
10,2024-11-27,16,135,3,2,,3,,3,,1,4,,2,,2,1,,,0,2,2,1,1,2,2,,,,,0,0,0,0,0,0,0,,0,0,0,0,0,0,0,0,0,0,0,,0,0,0,0,0,,0,0,0,0,,,,,,1
8,2024-11-27,16,115,2,2,,3,,2,,2,4,,2,,2,1,,,0,4,2,1,1,2,2,,,,,0,0,0,0,0,0,0,,0,0,0,0,0,0,0,0,0,0,0,,0,0,0,0,0,,0,0,0,0,,,,,,1
,,,,,,,,,,,,,,,,,,,,,,,,,,,,,,,0,0,0,0,0,0,0,,0,0,0,0,0,0,0,0,0,0,0,,0,0,0,0,0,,0,0,0,0,,,,,,0
8,2024-11-27,16,455,2,2,,4,,2,,1,4,,2,,2,1,,,0,2,98,1,1,98,2,,,,,0,0,0,0,0,0,0,,0,0,0,0,0,0,0,0,0,0,0,,0,0,0,0,0,,0,0,0,0,,,,,,1
8,2024-11-27,16,456,2,2,,3,,2,,1,4,,2,,2,2,21,,0,2,1,1,1,2,1,1,2,,,0,0,0,0,0,0,0,,0,0,0,0,0,0,0,0,0,0,0,,0,0,0,0,0,,0,0,0,0,,,,,,1
13,2024-11-27,16,551,3,2,,3,,2,,1,5,,2,,2,1,,,4,4,2,1,1,2,2,,,,,0,0,0,0,0,0,0,,0,0,0,0,0,0,0,0,0,0,0,,0,0,0,0,0,,0,0,0,0,,,,,,1
,,,,,,,,,,,,,,,,,,,,,,,,,,,,,,,,,,,,,,,,,,,,,,,,,,,,,,,,,,,,,,,,,,
13,2024-11-27,16,550,2,2,,5,,2,,1,4,,2,,2,1,,,0,3,2,1,1,2,2,,,,,0,0,0,0,0,0,0,,0,0,0,0,0,0,0,0,0,0,0,,0,0,0,0,0,,0,0,0,0,,,,,,1
13,2024-11-27,16,458,2,2,,5,,2,,1,5,,1,,2,1,,,2,0,,1,,,2,,,,,0,0,0,0,0,0,0,,0,0,0,0,0,0,0,0,0,0,0,,0,0,0,0,0,,0,0,0,0,,,,,,1
13,2024-11-27,16,130,3,2,,3,,2,,2,4,,2,,2,1,,,2,3,2,1,1,2,2,,,,,0,0,0,0,0,0,0,,0,0,0,0,0,0,0,0,0,0,0,,0,0,0,0,0,,0,0,0,0,,,,,,1
13,2024-11-27,16,129,2,2,,5,,2,,1,5,,1,,2,1,,,1,3,2,1,2,,2,,,,,0,0,0,0,0,0,0,,0,0,0,0,0,0,0,0,0,0,0,,0,0,0,0,0,,0,0,0,0,,,,,,1
5,2024-11-27,16,110,3,2,,3,,3,,3,2,,2,,2,2,7,,0,3,2,1,1,2,1,1,2,,,0,0,0,0,0,0,0,,0,0,0,0,0,0,0,0,0,0,0,,0,0,0,0,0,,0,0,0,0,,,,,,1
,,,,,,,,,,,,,,,,,,,,,,,,,,,,,,,0,0,0,0,0,0,0,,0,0,0,0,0,0,0,0,0,0,0,,0,0,0,0,0,,0,0,0,0,,,,,,0
5,2024-11-27,16,112,3,2,,3,,2,,1,2,,2,,2,2,21,,0,1,2,1,1,2,2,,,,,0,0,0,0,0,0,0,,0,0,0,0,0,0,0,0,0,0,0,,0,0,0,0,0,,0,0,0,0,,,,,,1
5,2024-11-27,16,123,3,2,,3,,2,,1,4,,2,,2,1,,,1,2,2,1,1,2,1,1,2,,,0,0,0,0,0,0,0,,0,0,0,0,0,0,0,0,0,0,0,,0,0,0,0,0,,0,0,0,0,,,,,,1
5,2024-11-27,16,124,2,2,,3,,2,,1,4,,2,,2,2,7,,1,3,2,1,1,2,2,,,,,0,0,0,0,0,0,0,,0,0,0,0,0,0,0,0,0,0,0,,0,0,0,0,0,,0,0,0,0,,,,,,1
5,2024-11-27,16,145,3,2,,3,,2,,3,4,,2,,2,2,21,,0,3,2,1,1,2,1,10,2,,,0,0,0,0,0,0,0,,0,0,0,0,0,0,0,0,0,0,0,,0,0,0,0,0,,0,0,0,0,,,,,,1
4,2024-11-27,16,120,3,2,,3,,2,,1,4,,2,,2,1,,,0,1,2,1,1,2,2,,,,,0,0,0,0,0,0,0,,0,0,0,0,0,0,0,0,0,0,0,,0,0,0,0,0,,0,0,0,0,,,,,,1
4,2024-11-27,16,106,3,2,,3,,2,,3,4,,2,,2,2,2,,0,3,98,2,,,2,,,,,0,0,0,0,0,0,0,,0,0,0,0,0,0,0,0,0,0,0,,0,0,0,0,0,,0,0,0,0,,,,,,1
,,,,,,,,,,,,,,,,,,,,,,,,,,,,,,,,,,,,,,,,,,,,,,,,,,,,,,,,,,,,,,,,,,
,,,,,,,,,,,,,,,,,,,,,,,,,,,,,,,,,,,,,,,,,,,,,,,,,,,,,,,,,,,,,,,,,,
,,,,,,,,,,,,,,,,,,,,,,,,,,,,,,,,,,,,,,,,,,,,,,,,,,,,,,,,,,,,,,,,,,
4,2024-11-27,16,126,3,2,,3,,3,,1,4,,2,,2,2,21,,0,2,2,1,1,2,2,,,,,0,0,0,0,0,0,0,,0,0,0,0,0,0,0,0,0,0,0,,0,0,0,0,0,,0,0,0,0,,,,,,1
,,,,,,,,,,,,,,,,,,,,,,,,,,,,,,,,,,,,,,,,,,,,,,,,,,,,,,,,,,,,,,,,,,
,,,,,,,,,,,,,,,,,,,,,,,,,,,,,,,,,,,,,,,,,,,,,,,,,,,,,,,,,,,,,,,,,,
,,,,,,,,,,,,,,,,,,,,,,,,,,,,,,,,,,,,,,,,,,,,,,,,,,,,,,,,,,,,,,,,,,
4,2024-11-27,16,133,3,3,,3,,3,,2,4,,2,,2,2,12,,0,3,1,1,1,2,2,,,,,0,0,0,0,0,0,0,,0,0,0,0,0,0,0,0,0,0,0,,0,0,0,0,0,,0,0,0,0,,,,,,1
,,,,,,,,,,,,,,,,,,,,,,,,,,,,,,,,,,,,,,,,,,,,,,,,,,,,,,,,,,,,,,,,,,
,,,,,,,,,,,,,,,,,,,,,,,,,,,,,,,,,,,,,,,,,,,,,,,,,,,,,,,,,,,,,,,,,,
,,,,,,,,,,,,,,,,,,,,,,,,,,,,,,,,,,,,,,,,,,,,,,,,,,,,,,,,,,,,,,,,,,
,,,,,,,,,,,,,,,,,,,,,,,,,,,,,,,0,0,0,0,0,0,0,,0,0,0,0,0,0,0,0,0,0,0,,0,0,0,0,0,,0,0,0,0,,,,,,0
,,,,,,,,,,,,,,,,,,,,,,,,,,,,,,,,,,,,,,,,,,,,,,,,,,,,,,,,,,,,,,,,,,
,,,,,,,,,,,,,,,,,,,,,,,,,,,,,,,,,,,,,,,,,,,,,,,,,,,,,,,,,,,,,,,,,,
,,,,,,,,,,,,,,,,,,,,,,,,,,,,,,,,,,,,,,,,,,,,,,,,,,,,,,,,,,,,,,,,,,
,,,,,,,,,,,,,,,,,,,,,,,,,,,,,,,0,0,0,0,0,0,0,,0,0,0,0,0,0,0,0,0,0,0,,0,0,0,0,0,,0,0,0,0,,,,,,0
,,,,,,,,,,,,,,,,,,,,,,,,,,,,,,,,,,,,,,,,,,,,,,,,,,,,,,,,,,,,,,,,,,
,,,,,,,,,,,,,,,,,,,,,,,,,,,,,,,,,,,,,,,,,,,,,,,,,,,,,,,,,,,,,,,,,,
,,,,,,,,,,,,,,,,,,,,,,,,,,,,,,,,,,,,,,,,,,,,,,,,,,,,,,,,,,,,,,,,,,
10,2024-11-29,17,113,3,2,,5,,2,,2,5,,1,,2,1,,,4,0,,1,,,2,,,,,0,0,0,0,0,0,0,,0,0,0,0,0,0,0,0,0,0,0,,0,0,0,0,0,,0,0,0,0,,,,,,1
5,2024-11-29,17,111,3,2,,3,,2,,4,5,,3,3,1,2,6,,4,0,,1,,,1,4,2,,,0,0,0,0,0,0,0,,0,0,0,0,0,0,0,0,0,0,0,,0,0,0,0,0,,0,0,0,0,,,,,,1
5,2024-11-29,17,110,3,2,,3,,2,,1,5,,1,,1,1,,,1,1,2,1,1,2,1,4,2,,,0,0,0,0,0,0,0,,0,0,0,0,0,0,0,0,0,0,0,,0,0,0,0,0,,0,0,0,0,,,,,,1
13,2024-11-29,17,125,3,2,,3,,2,,2,5,,1,,2,1,,,4,0,,1,,,2,,,,,0,0,0,0,0,0,0,,0,0,0,0,0,0,0,0,0,0,0,,0,0,0,0,0,,0,0,0,0,,,,,,1
7,2024-11-29,17,124,3,2,,3,,2,,1,5,,1,,1,1,,,4,0,,1,,,2,,,,,0,0,0,0,0,0,0,,0,0,0,0,0,0,0,0,0,0,0,,0,0,0,0,0,,0,0,0,0,,,,,,1
6,2024-11-29,17,122,3,99,Madera,3,,3,,1,4,,1,,1,1,,,1,0,,1,,,2,,,,,0,0,0,0,0,0,0,,0,0,0,0,0,0,0,0,0,0,0,,0,0,0,0,0,,0,0,0,0,,,,,,1
6,2024-11-29,17,112,2,2,,3,,2,,2,4,,1,,2,1,,,2,0,,1,,,2,,,,,0,0,0,0,0,0,0,,0,0,0,0,0,0,0,0,0,0,0,,0,0,0,0,0,,0,0,0,0,,,,,,1
9,2024-11-29,17,119,3,2,,3,,2,,2,5,,1,,1,1,,,0,2,3,1,1,3,2,,,,,0,0,0,0,0,0,0,,0,0,0,0,0,0,0,0,0,0,0,,0,0,0,0,0,,0,0,0,0,,,,,,1
9,2024-11-29,17,450,3,2,,3,,3,,2,5,,1,,2,1,,,2,0,,2,,,2,,,,,0,0,0,0,0,0,0,,0,0,0,0,0,0,0,0,0,0,0,,0,0,0,0,0,,0,0,0,0,,,,,,1
9,2024-11-29,17,128,3,2,,3,,2,,3,5,,1,,2,2,9,,3,0,,1,,,2,,,,,0,0,0,0,0,0,0,,0,0,0,0,0,0,0,0,0,0,0,,0,0,0,0,0,,0,0,0,0,,,,,,1
2,2024-11-29,17,114,2,2,,3,,2,,1,5,,1,,1,2,20,,1,0,,1,,,2,,,,,0,0,0,0,0,0,0,,0,0,0,0,0,0,0,0,0,0,0,,0,0,0,0,0,,0,0,0,0,,,,,,1
2,2024-11-29,17,126,3,2,,3,,2,,1,4,,2,,1,2,7,,3,0,,1,,,2,,,,,0,0,0,0,0,0,0,,0,0,0,0,0,0,0,0,0,0,0,,0,0,0,0,0,,0,0,0,0,,,,,,1
,,,,,,,,,,,,,,,,,,,,,,,,,,,,,,,0,0,0,0,0,0,0,,0,0,0,0,0,0,0,0,0,0,0,,0,0,0,0,0,,0,0,0,0,,,,,,0
7,2024-11-30,17,453,2,2,,3,,1,,1,4,,1,,2,1,,,1,0,,1,,,2,,,,,0,0,0,0,0,0,0,,0,0,0,0,0,0,0,0,0,0,0,,0,0,0,0,0,,0,0,0,0,,,,,,1
,,,,,,,,,,,,,,,,,,,,,,,,,,,,,,,,,,,,,,,,,,,,,,,,,,,,,,,,,,,,,,,,,,
,,,,,,,,,,,,,,,,,,,,,,,,,,,,,,,,,,,,,,,,,,,,,,,,,,,,,,,,,,,,,,,,,,
,,,,,,,,,,,,,,,,,,,,,,,,,,,,,,,,,,,,,,,,,,,,,,,,,,,,,,,,,,,,,,,,,,
7,2024-11-30,17,115,2,2,,3,,1,,1,4,,1,,2,1,,,0,2,3,1,1,3,2,,,,,0,0,0,0,0,0,0,,0,0,0,0,0,0,0,0,0,0,0,,0,0,0,0,0,,0,0,0,0,,,,,,1
,,,,,,,,,,,,,,,,,,,,,,,,,,,,,,,,,,,,,,,,,,,,,,,,,,,,,,,,,,,,,,,,,,
,,,,,,,,,,,,,,,,,,,,,,,,,,,,,,,,,,,,,,,,,,,,,,,,,,,,,,,,,,,,,,,,,,
,,,,,,,,,,,,,,,,,,,,,,,,,,,,,,,,,,,,,,,,,,,,,,,,,,,,,,,,,,,,,,,,,,
6,2024-11-30,17,130,2,99,Plastico,3,,1,,1,4,,1,,1,2,7,,1,0,,1,,,2,,,,,0,0,0,0,0,0,0,,0,0,0,0,0,0,0,0,0,0,0,,0,0,0,0,0,,0,0,0,0,,,,,,1
6,2024-11-30,17,464,3,2,,3,,2,,1,5,,1,,2,1,,,1,0,,1,,,2,,,,,0,0,0,0,0,0,0,,0,0,0,0,0,0,0,0,0,0,0,,0,0,0,0,0,,0,0,0,0,,,,,,1
6,2024-11-30,17,463,3,99,Madera,3,,3,,4,5,,1,,2,1,,,3,0,,1,,,1,2,1,30,Pucallpa,1,0,0,0,0,0,0,,0,0,0,0,0,0,0,0,0,0,1,Soldador,0,0,0,0,1,Avion,0,1,0,0,,,2,,,1
6,2024-11-30,17,465,3,2,,3,,2,,2,5,,1,,1,1,,,2,0,,1,,,1,2,1,3,Iquitos,1,0,0,0,0,0,0,,0,0,0,0,0,0,0,0,0,0,1,"Mantenimiento de maquinas",1,0,0,0,0,,0,1,0,0,,,2,,,1
5,2024-11-30,17,101,3,2,,3,,2,,2,5,,3,2,2,2,21,,0,1,2,1,1,2,1,4,2,,,0,0,0,0,0,0,0,,0,0,0,0,0,0,0,0,0,0,0,,0,0,0,0,0,,0,0,0,0,,,,,,1
5,2024-11-30,17,455,3,2,,3,,2,,2,4,,2,,2,2,8,,2,0,,1,,,1,8,2,,,0,0,0,0,0,0,0,,0,0,0,0,0,0,0,0,0,0,0,,0,0,0,0,0,,0,0,0,0,,,,,,1
,,,,,,,,,,,,,,,,,,,,,,,,,,,,,,,0,0,0,0,0,0,0,,0,0,0,0,0,0,0,0,0,0,0,,0,0,0,0,0,,0,0,0,0,,,,,,0
9,2024-11-30,17,201,3,2,,3,,3,,1,5,,1,,2,2,1,,0,1,1,1,1,1,2,,,,,0,0,0,0,0,0,0,,0,0,0,0,0,0,0,0,0,0,0,,0,0,0,0,0,,0,0,0,0,,,,,,1
9,2024-11-30,17,459,3,1,,3,,3,,3,5,,1,,2,1,,,3,0,,1,,,2,,,,,0,0,0,0,0,0,0,,0,0,0,0,0,0,0,0,0,0,0,,0,0,0,0,0,,0,0,0,0,,,,,,1
13,2024-11-30,17,117,2,1,,3,,3,,1,1,,3,8,2,1,,,2,0,,1,,,2,,,,,0,0,0,0,0,0,0,,0,0,0,0,0,0,0,0,0,0,0,,0,0,0,0,0,,0,0,0,0,,,,,,1
4,2024-11-30,17,109,3,1,,3,,3,,1,4,,1,,2,2,4,,2,0,,1,,,2,,,,,0,0,0,0,0,0,0,,0,0,0,0,0,0,0,0,0,0,0,,0,0,0,0,0,,0,0,0,0,,,,,,1
4,2024-11-30,17,123,3,2,,3,,2,,1,4,,1,,2,1,,,1,0,,1,,,2,,,,,0,0,0,0,0,0,0,,0,0,0,0,0,0,0,0,0,0,0,,0,0,0,0,0,,0,0,0,0,,,,,,1
4,2024-11-30,17,462,3,2,,3,,1,,1,5,,1,,2,2,21,,2,0,,1,,,2,,,,,0,0,0,0,0,0,0,,0,0,0,0,0,0,0,0,0,0,0,,0,0,0,0,0,,0,0,0,0,,,,,,1
10,2024-11-30,17,452,3,1,,3,,1,,1,5,,1,,2,3,,4,2,0,,1,,,2,,,,,0,0,0,0,0,0,0,,0,0,0,0,0,0,0,0,0,0,0,,0,0,0,0,0,,0,0,0,0,,,,,,1
10,2024-11-30,17,460,3,2,,3,,2,,2,5,,3,6,2,1,,,3,0,,1,,,2,,,,,0,0,0,0,0,0,0,,0,0,0,0,0,0,0,0,0,0,0,,0,0,0,0,0,,0,0,0,0,,,,,,1
10,2024-11-30,17,461,3,2,,3,,3,,3,5,,3,6,2,1,,,5,0,,1,,,2,,,,,0,0,0,0,0,0,0,,0,0,0,0,0,0,0,0,0,0,0,,0,0,0,0,0,,0,0,0,0,,,,,,1
2,2024-11-30,17,456,3,2,,3,,2,,2,4,,2,,2,2,10,,4,0,,1,,,2,,,,,0,0,0,0,0,0,0,,0,0,0,0,0,0,0,0,0,0,0,,0,0,0,0,0,,0,0,0,0,,,,,,1
2,2024-11-30,17,466,2,2,,3,,2,,2,5,,1,,1,1,,,3,0,,1,,,2,,,,,0,0,0,0,0,0,0,,0,0,0,0,0,0,0,0,0,0,0,,0,0,0,0,0,,0,0,0,0,,,,,,1
,,,,,,,,,,,,,,,,,,,,,,,,,,,,,,,0,0,0,0,0,0,0,,0,0,0,0,0,0,0,0,0,0,0,,0,0,0,0,0,,0,0,0,0,,,,,,0
8,2024-11-29,17,121,2,2,,3,,3,,1,4,,1,,2,2,6,,1,0,,1,,,2,,,,,0,0,0,0,0,0,0,,0,0,0,0,0,0,0,0,0,0,0,,0,0,0,0,0,,0,0,0,0,,,,,,1
8,2024-11-29,17,120,2,2,,3,,2,,1,4,,1,,1,1,,,4,0,,1,,,2,,,,,0,0,0,0,0,0,0,,0,0,0,0,0,0,0,0,0,0,0,,0,0,0,0,0,,0,0,0,0,,,,,,1
6,2024-12-02,27,120,3,99,Madera,3,,3,,2,2,,1,,2,2,6,,0,4,2,1,1,2,2,,,,,0,0,0,0,0,0,0,,0,0,0,0,0,0,0,0,0,0,0,,0,0,0,0,0,,0,0,0,0,,,,,,1
6,2024-12-02,27,115,3,99,Madera,3,,3,,2,2,,1,,2,2,5,,0,3,2,1,1,2,2,,,,,0,0,0,0,0,0,0,,0,0,0,0,0,0,0,0,0,0,0,,0,0,0,0,0,,0,0,0,0,,,,,,1
6,2024-12-02,27,140,3,99,Calaminas,3,,3,,2,4,,1,,2,2,5,,0,2,2,1,1,2,2,,,,,0,0,0,0,0,0,0,,0,0,0,0,0,0,0,0,0,0,0,,0,0,0,0,0,,0,0,0,0,,,,,,1
2,2024-12-02,27,112,3,2,,3,,3,,2,2,,1,,2,2,2,,1,0,,1,,,2,,,,,0,0,0,0,0,0,0,,0,0,0,0,0,0,0,0,0,0,0,,0,0,0,0,0,,0,0,0,0,,,,,,1
2,2024-12-02,27,456,3,99,Calamina,3,,3,,1,2,,2,,2,3,,3,1,1,1,1,1,1,2,,,,,0,0,0,0,0,0,0,,0,0,0,0,0,0,0,0,0,0,0,,0,0,0,0,0,,0,0,0,0,,,,,,1
,,,,,,,,,,,,,,,,,,,,,,,,,,,,,,,0,0,0,0,0,0,0,,0,0,0,0,0,0,0,0,0,0,0,,0,0,0,0,0,,0,0,0,0,,,,,,0
13,2024-12-02,27,103,2,2,,3,,2,,2,2,,3,8,2,1,,,4,3,2,1,1,1,2,,,,,0,0,0,0,0,0,0,,0,0,0,0,0,0,0,0,0,0,0,,0,0,0,0,0,,0,0,0,0,,,,,,1
,,,,,,,,,,,,,,,,,,,,,,,,,,,,,,,0,0,0,0,0,0,0,,0,0,0,0,0,0,0,0,0,0,0,,0,0,0,0,0,,0,0,0,0,,,,,,0
13,2024-12-02,27,463,3,2,,3,,3,,1,6,,2,,98,2,1,,2,0,,1,,,1,1,1,31,"Rio Inirida -Colombia",1,0,0,0,0,0,0,,0,0,0,0,0,0,0,0,0,0,1,Cocinera,1,0,0,0,0,,0,0,1,0,,,,1,,1
8,2024-12-02,27,459,2,2,,4,,2,,1,2,,1,,2,2,20,,2,0,,1,,,2,,,,,0,0,0,0,0,0,0,,0,0,0,0,0,0,0,0,0,0,0,,0,0,0,0,0,,0,0,0,0,,,,,,1
10,2024-12-02,27,451,3,2,,5,,2,,2,2,,3,8,2,1,,,0,4,2,1,1,2,2,,,,,0,0,0,0,0,0,0,,0,0,0,0,0,0,0,0,0,0,0,,0,0,0,0,0,,0,0,0,0,,,,,,1
,,,,,,,,,,,,,,,,,,,,,,,,,,,,,,,,,,,,,,,,,,,,,,,,,,,,,,,,,,,,,,,,,,
,,,,,,,,,,,,,,,,,,,,,,,,,,,,,,,,,,,,,,,,,,,,,,,,,,,,,,,,,,,,,,,,,,
,,,,,,,,,,,,,,,,,,,,,,,,,,,,,,,,,,,,,,,,,,,,,,,,,,,,,,,,,,,,,,,,,,
10,2024-12-02,27,453,3,2,,3,,1,,1,2,,3,8,2,1,,,0,1,2,1,1,2,2,,,,,0,0,0,0,0,0,0,,0,0,0,0,0,0,0,0,0,0,0,,0,0,0,0,0,,0,0,0,0,,,,,,1
,,,,,,,,,,,,,,,,,,,,,,,,,,,,,,,,,,,,,,,,,,,,,,,,,,,,,,,,,,,,,,,,,,
,,,,,,,,,,,,,,,,,,,,,,,,,,,,,,,,,,,,,,,,,,,,,,,,,,,,,,,,,,,,,,,,,,
,,,,,,,,,,,,,,,,,,,,,,,,,,,,,,,,,,,,,,,,,,,,,,,,,,,,,,,,,,,,,,,,,,
10,2024-12-02,27,450,3,2,,5,,2,,1,2,,3,8,2,1,,,1,0,,1,,,2,,,,,0,0,0,0,0,0,0,,0,0,0,0,0,0,0,0,0,0,0,,0,0,0,0,0,,0,0,0,0,,,,,,1
,,,,,,,,,,,,,,,,,,,,,,,,,,,,,,,,,,,,,,,,,,,,,,,,,,,,,,,,,,,,,,,,,,
,,,,,,,,,,,,,,,,,,,,,,,,,,,,,,,,,,,,,,,,,,,,,,,,,,,,,,,,,,,,,,,,,,
,,,,,,,,,,,,,,,,,,,,,,,,,,,,,,,,,,,,,,,,,,,,,,,,,,,,,,,,,,,,,,,,,,
10,2024-12-02,27,130,3,2,,3,,3,,2,6,,3,5,1,2,7,,2,3,2,1,1,2,1,10,2,,,0,0,0,0,0,0,0,,0,0,0,0,0,0,0,0,0,0,0,,0,0,0,0,0,,0,0,0,0,,,,,,1
,,,,,,,,,,,,,,,,,,,,,,,,,,,,,,,,,,,,,,,,,,,,,,,,,,,,,,,,,,,,,,,,,,
,,,,,,,,,,,,,,,,,,,,,,,,,,,,,,,,,,,,,,,,,,,,,,,,,,,,,,,,,,,,,,,,,,
,,,,,,,,,,,,,,,,,,,,,,,,,,,,,,,,,,,,,,,,,,,,,,,,,,,,,,,,,,,,,,,,,,
5,2024-12-02,27,106,3,2,,3,,3,,2,2,,3,5,2,2,21,,2,0,,1,,,1,4,2,,,0,0,0,0,0,0,0,,0,0,0,0,0,0,0,0,0,0,0,,0,0,0,0,0,,0,0,0,0,,,,,,1
5,2024-12-02,27,116,3,2,,3,,3,,3,2,,3,5,2,2,10,,3,3,2,1,2,,1,15,2,,,0,0,0,0,0,0,0,,0,0,0,0,0,0,0,0,0,0,0,,0,0,0,0,0,,0,0,0,0,,,,,,1
5,2024-12-02,27,458,3,2,,3,,1,,2,2,,1,,2,3,,6,2,0,,1,,,1,10,2,,,0,0,0,0,0,0,0,,0,0,0,0,0,0,0,0,0,0,0,,0,0,0,0,0,,0,0,0,0,,,,,,1
9,2024-12-02,27,102,3,2,,3,,2,,3,6,,1,,2,1,,,0,4,3,1,1,3,2,,,,,0,0,0,0,0,0,0,,0,0,0,0,0,0,0,0,0,0,0,,0,0,0,0,0,,0,0,0,0,,,,,,1
,,,,,,,,,,,,,,,,,,,,,,,,,,,,,,,,,,,,,,,,,,,,,,,,,,,,,,,,,,,,,,,,,,
,,,,,,,,,,,,,,,,,,,,,,,,,,,,,,,,,,,,,,,,,,,,,,,,,,,,,,,,,,,,,,,,,,
,,,,,,,,,,,,,,,,,,,,,,,,,,,,,,,,,,,,,,,,,,,,,,,,,,,,,,,,,,,,,,,,,,
9,2024-12-02,27,109,3,2,,3,,1,,1,4,,1,,2,1,,,0,1,3,1,1,3,2,,,,,0,0,0,0,0,0,0,,0,0,0,0,0,0,0,0,0,0,0,,0,0,0,0,0,,0,0,0,0,,,,,,1
,,,,,,,,,,,,,,,,,,,,,,,,,,,,,,,,,,,,,,,,,,,,,,,,,,,,,,,,,,,,,,,,,,
,,,,,,,,,,,,,,,,,,,,,,,,,,,,,,,,,,,,,,,,,,,,,,,,,,,,,,,,,,,,,,,,,,
,,,,,,,,,,,,,,,,,,,,,,,,,,,,,,,,,,,,,,,,,,,,,,,,,,,,,,,,,,,,,,,,,,
9,2024-12-02,27,108,3,2,,3,,1,,2,4,,1,,2,1,,,2,0,,1,,,2,,,,,0,0,0,0,0,0,0,,0,0,0,0,0,0,0,0,0,0,0,,0,0,0,0,0,,0,0,0,0,,,,,,1
,,,,,,,,,,,,,,,,,,,,,,,,,,,,,,,,,,,,,,,,,,,,,,,,,,,,,,,,,,,,,,,,,,
,,,,,,,,,,,,,,,,,,,,,,,,,,,,,,,,,,,,,,,,,,,,,,,,,,,,,,,,,,,,,,,,,,
,,,,,,,,,,,,,,,,,,,,,,,,,,,,,,,,,,,,,,,,,,,,,,,,,,,,,,,,,,,,,,,,,,
9,2024-12-02,27,136,3,2,,3,,3,,1,4,,1,,2,2,5,,2,0,,1,,,2,,,,,0,0,0,0,0,0,0,,0,0,0,0,0,0,0,0,0,0,0,,0,0,0,0,0,,0,0,0,0,,,,,,1
,,,,,,,,,,,,,,,,,,,,,,,,,,,,,,,,,,,,,,,,,,,,,,,,,,,,,,,,,,,,,,,,,,
,,,,,,,,,,,,,,,,,,,,,,,,,,,,,,,,,,,,,,,,,,,,,,,,,,,,,,,,,,,,,,,,,,
,,,,,,,,,,,,,,,,,,,,,,,,,,,,,,,,,,,,,,,,,,,,,,,,,,,,,,,,,,,,,,,,,,
9,2024-12-03,27,128,3,2,,3,,3,,1,4,,1,,2,1,,,0,1,3,1,1,3,2,,,,,0,0,0,0,0,0,0,,0,0,0,0,0,0,0,0,0,0,0,,0,0,0,0,0,,0,0,0,0,,,,,,1
,,,,,,,,,,,,,,,,,,,,,,,,,,,,,,,,,,,,,,,,,,,,,,,,,,,,,,,,,,,,,,,,,,
,,,,,,,,,,,,,,,,,,,,,,,,,,,,,,,,,,,,,,,,,,,,,,,,,,,,,,,,,,,,,,,,,,
,,,,,,,,,,,,,,,,,,,,,,,,,,,,,,,,,,,,,,,,,,,,,,,,,,,,,,,,,,,,,,,,,,
9,2024-12-03,27,137,3,2,,3,,3,,1,4,,1,,2,2,2,,1,0,,1,,,2,,,,,0,0,0,0,0,0,0,,0,0,0,0,0,0,0,0,0,0,0,,0,0,0,0,0,,0,0,0,0,,,,,,1
,,,,,,,,,,,,,,,,,,,,,,,,,,,,,,,,,,,,,,,,,,,,,,,,,,,,,,,,,,,,,,,,,,
,,,,,,,,,,,,,,,,,,,,,,,,,,,,,,,,,,,,,,,,,,,,,,,,,,,,,,,,,,,,,,,,,,
,,,,,,,,,,,,,,,,,,,,,,,,,,,,,,,,,,,,,,,,,,,,,,,,,,,,,,,,,,,,,,,,,,
,,,,,,,,,,,,,,,,,,,,,,,,,,,,,,,0,0,0,0,0,0,0,,0,0,0,0,0,0,0,0,0,0,0,,0,0,0,0,0,,0,0,0,0,,,,,,0
,,,,,,,,,,,,,,,,,,,,,,,,,,,,,,,,,,,,,,,,,,,,,,,,,,,,,,,,,,,,,,,,,,
,,,,,,,,,,,,,,,,,,,,,,,,,,,,,,,,,,,,,,,,,,,,,,,,,,,,,,,,,,,,,,,,,,
,,,,,,,,,,,,,,,,,,,,,,,,,,,,,,,,,,,,,,,,,,,,,,,,,,,,,,,,,,,,,,,,,,
,,,,,,,,,,,,,,,,,,,,,,,,,,,,,,,0,0,0,0,0,0,0,,0,0,0,0,0,0,0,0,0,0,0,,0,0,0,0,0,,0,0,0,0,,,,,,0
7,2024-12-02,27,123,3,2,,3,,3,,2,2,,1,,2,2,16,,3,0,,1,,,2,,,,,0,0,0,0,0,0,0,,0,0,0,0,0,0,0,0,0,0,0,,0,0,0,0,0,,0,0,0,0,,,,,,1
7,2024-12-02,27,131,3,2,,3,,3,,2,4,,1,,2,1,,,4,5,1,1,1,1,2,,,,,0,0,0,0,0,0,0,,0,0,0,0,0,0,0,0,0,0,0,,0,0,0,0,0,,0,0,0,0,,,,,,1
7,2024-12-03,27,105,2,6,,3,,3,,2,2,,1,,2,2,20,,3,1,1,1,1,1,2,,,,,0,0,0,0,0,0,0,,0,0,0,0,0,0,0,0,0,0,0,,0,0,0,0,0,,0,0,0,0,,,,,,1
13,2024-12-03,27,465,3,2,,3,,3,,2,4,,3,3,2,2,5,,2,2,1,1,2,,2,,,,,0,0,0,0,0,0,0,,0,0,0,0,0,0,0,0,0,0,0,,0,0,0,0,0,,0,0,0,0,,,,,,1
13,2024-12-03,27,468,3,2,,3,,3,,2,2,,3,8,2,1,,,2,2,1,1,2,,2,,,,,0,0,0,0,0,0,0,,0,0,0,0,0,0,0,0,0,0,0,,0,0,0,0,0,,0,0,0,0,,,,,,1
13,2024-12-03,27,467,3,2,,3,,2,,2,2,,3,5,2,2,21,,0,0,,,,,2,,,,,0,0,0,0,0,0,0,,0,0,0,0,0,0,0,0,0,0,0,,0,0,0,0,0,,0,0,0,0,,,,,,1
,,,,,,,,,,,,,,,,,,,,,,,,,,,,,,,0,0,0,0,0,0,0,,0,0,0,0,0,0,0,0,0,0,0,,0,0,0,0,0,,0,0,0,0,,,,,,0
,,,,,,,,,,,,,,,,,,,,,,,,,,,,,,,0,0,0,0,0,0,0,,0,0,0,0,0,0,0,0,0,0,0,,0,0,0,0,0,,0,0,0,0,,,,,,0
2,2024-12-03,27,114,2,2,,3,,1,,1,2,,2,,2,2,21,,2,0,,1,,,2,,,,,0,0,0,0,0,0,0,,0,0,0,0,0,0,0,0,0,0,0,,0,0,0,0,0,,0,0,0,0,,,,,,1
2,2024-12-03,27,460,2,2,,3,,2,,1,2,,2,,2,2,8,,1,0,,1,,,2,,,,,0,0,0,0,0,0,0,,0,0,0,0,0,0,0,0,0,0,0,,0,0,0,0,0,,0,0,0,0,,,,,,1
2,2024-12-03,27,132,2,2,,3,,1,,2,2,,1,,2,2,8,,0,3,98,1,1,3,2,,,,,0,0,0,0,0,0,0,,0,0,0,0,0,0,0,0,0,0,0,,0,0,0,0,0,,0,0,0,0,,,,,,1
6,2024-12-03,27,125,2,2,,3,,2,,1,2,,1,,2,2,14,,0,1,1,1,1,1,2,,,,,0,0,0,0,0,0,0,,0,0,0,0,0,0,0,0,0,0,0,,0,0,0,0,0,,0,0,0,0,,,,,,1
6,2024-12-03,27,127,2,2,,3,,2,,3,2,,1,,2,1,,,3,0,,1,,,2,,,,,0,0,0,0,0,0,0,,0,0,0,0,0,0,0,0,0,0,0,,0,0,0,0,0,,0,0,0,0,,,,,,1
,,,,,,,,,,,,,,,,,,,,,,,,,,,,,,,0,0,0,0,0,0,0,,0,0,0,0,0,0,0,0,0,0,0,,0,0,0,0,0,,0,0,0,0,,,,,,0
5,2024-12-03,27,104,3,2,,3,,3,,1,2,,3,1,2,2,1,,3,2,2,1,1,2,1,4,2,,,0,0,0,0,0,0,0,,0,0,0,0,0,0,0,0,0,0,0,,0,0,0,0,0,,0,0,0,0,,,,,,1
5,2024-12-03,27,452,3,2,,3,,3,,1,2,,3,5,2,1,,,2,2,2,1,2,,1,4,2,,,0,0,0,0,0,0,0,,0,0,0,0,0,0,0,0,0,0,0,,0,0,0,0,0,,0,0,0,0,,,,,,1
10,2024-12-03,27,145,2,2,,3,,2,,2,2,,3,10,2,1,,,4,0,,1,,,2,,,,,0,0,0,0,0,0,0,,0,0,0,0,0,0,0,0,0,0,0,,0,0,0,0,0,,0,0,0,0,,,,,,1
10,2024-12-03,27,469,3,2,,3,,3,,2,2,,3,10,2,2,4,,3,0,,1,,,2,,,,,0,0,0,0,0,0,0,,0,0,0,0,0,0,0,0,0,0,0,,0,0,0,0,0,,0,0,0,0,,,,,,1
5,2024-12-06,18,150,3,1,,3,,1,,4,4,,2,,2,2,21,,1,1,2,1,1,2,1,4,2,,,0,0,0,0,0,0,0,,0,0,0,0,0,0,0,0,0,0,0,,0,0,0,0,0,,0,0,0,0,,,,,,1
5,2024-12-06,18,109,3,2,,3,,2,,2,2,,2,,2,3,,2,2,0,,1,,,1,6,2,,,0,0,0,0,0,0,0,,0,0,0,0,0,0,0,0,0,0,0,,0,0,0,0,0,,0,0,0,0,,,,,,1
5,2024-12-06,18,111,3,2,,3,,1,,1,4,,2,,2,2,21,,0,1,2,1,1,2,1,3,2,,,0,0,0,0,0,0,0,,0,0,0,0,0,0,0,0,0,0,0,,0,0,0,0,0,,0,0,0,0,,,,,,1
5,2024-12-06,18,145,3,2,,3,,1,,1,2,,2,,2,2,15,,1,1,2,1,1,2,2,,,,,0,0,0,0,0,0,0,,0,0,0,0,0,0,0,0,0,0,0,,0,0,0,0,0,,0,0,0,0,,,,,,1
9,2024-12-06,18,451,3,2,,3,,1,,2,6,,2,,2,2,2,,2,0,,1,,,2,,,,,0,0,0,0,0,0,0,,0,0,0,0,0,0,0,0,0,0,0,,0,0,0,0,0,,0,0,0,0,,,,,,1
9,2024-12-06,18,133,3,2,,3,,1,,1,6,,2,,2,1,,,0,1,3,1,1,3,2,,,,,0,0,0,0,0,0,0,,0,0,0,0,0,0,0,0,0,0,0,,0,0,0,0,0,,0,0,0,0,,,,,,1
9,2024-12-06,18,135,3,2,,3,,2,,1,6,,2,,2,1,,,0,1,3,1,1,3,2,,,,,0,0,0,0,0,0,0,,0,0,0,0,0,0,0,0,0,0,0,,0,0,0,0,0,,0,0,0,0,,,,,,1
9,2024-12-06,18,450,3,2,,3,,1,,2,6,,2,,2,2,15,,0,2,3,1,1,3,2,,,,,0,0,0,0,0,0,0,,0,0,0,0,0,0,0,0,0,0,0,,0,0,0,0,0,,0,0,0,0,,,,,,1
6,2024-12-06,18,453,3,2,,3,,2,,3,4,,2,,2,2,15,,3,0,,1,,,2,,,,,0,0,0,0,0,0,0,,0,0,0,0,0,0,0,0,0,0,0,,0,0,0,0,0,,0,0,0,0,,,,,,1
6,2024-12-06,18,152,3,99,Madera,3,,1,,2,4,,2,,2,2,10,,0,3,2,1,1,2,2,,,,,0,0,0,0,0,0,0,,0,0,0,0,0,0,0,0,0,0,0,,0,0,0,0,0,,0,0,0,0,,,,,,1
6,2024-12-06,18,123,3,99,Madera,3,,3,,1,2,,1,,2,2,11,,1,0,,1,,,2,,,,,0,0,0,0,0,0,0,,0,0,0,0,0,0,0,0,0,0,0,,0,0,0,0,0,,0,0,0,0,,,,,,1
7,2024-12-06,18,454,3,2,,3,,3,,6,4,,2,,2,2,10,,1,1,2,1,1,2,2,,,,,0,0,0,0,0,0,0,,0,0,0,0,0,0,0,0,0,0,0,,0,0,0,0,0,,0,0,0,0,,,,,,1
7,2024-12-06,18,129,3,6,,3,,1,,2,4,,2,,98,2,20,,4,0,,1,,,2,,,,,0,0,0,0,0,0,0,,0,0,0,0,0,0,0,0,0,0,0,,0,0,0,0,0,,0,0,0,0,,,,,,1
7,2024-12-06,18,128,3,2,,3,,1,,2,4,,1,,2,2,15,,0,2,2,1,1,2,2,,,,,0,0,0,0,0,0,0,,0,0,0,0,0,0,0,0,0,0,0,,0,0,0,0,0,,0,0,0,0,,,,,,1
4,2024-12-06,18,118,3,2,,3,,3,,3,4,,2,,2,2,15,,2,2,2,1,1,2,2,,,,,0,0,0,0,0,0,0,,0,0,0,0,0,0,0,0,0,0,0,,0,0,0,0,0,,0,0,0,0,,,,,,1
4,2024-12-06,18,151,3,2,,3,,3,,2,4,,2,,2,2,21,,1,2,1,1,1,2,2,,,,,0,0,0,0,0,0,0,,0,0,0,0,0,0,0,0,0,0,0,,0,0,0,0,0,,0,0,0,0,,,,,,1
2,2024-12-06,18,122,2,2,,3,,2,,1,2,,2,,1,2,4,,2,2,98,1,2,,2,,,,,0,0,0,0,0,0,0,,0,0,0,0,0,0,0,0,0,0,0,,0,0,0,0,0,,0,0,0,0,,,,,,1
2,2024-12-06,18,107,3,2,,3,,1,,3,2,,2,,1,2,9,,0,3,1,1,1,3,2,,,,,0,0,0,0,0,0,0,,0,0,0,0,0,0,0,0,0,0,0,,0,0,0,0,0,,0,0,0,0,,,,,,1
13,2024-12-06,18,112,1,2,,3,,1,,1,2,,2,,2,2,12,,4,4,2,1,1,1,2,,,,,0,0,0,0,0,0,0,,0,0,0,0,0,0,0,0,0,0,0,,0,0,0,0,0,,0,0,0,0,,,,,,1
13,2024-12-06,18,455,3,1,,3,,3,,3,6,,2,,1,3,,10,2,0,,1,,,2,,,,,0,0,0,0,0,0,0,,0,0,0,0,0,0,0,0,0,0,0,,0,0,0,0,0,,0,0,0,0,,,,,,1
13,2024-12-06,18,142,3,2,,3,,3,,3,4,,2,,2,1,,,0,2,2,1,1,2,2,,,,,0,0,0,0,0,0,0,,0,0,0,0,0,0,0,0,0,0,0,,0,0,0,0,0,,0,0,0,0,,,,,,1
9,2024-12-07,18,106,3,2,,3,,1,,2,6,,2,,2,2,11,,0,4,3,1,1,3,2,,,,,0,0,0,0,0,0,0,,0,0,0,0,0,0,0,0,0,0,0,,0,0,0,0,0,,0,0,0,0,,,,,,1
2,2024-12-07,18,101,3,2,,3,,1,,2,99,"Camión de agua (cisterna)",1,,1,2,2,,2,0,,1,,,2,,,,,0,0,0,0,0,0,0,,0,0,0,0,0,0,0,0,0,0,0,,0,0,0,0,0,,0,0,0,0,,,,,,1
13,2024-12-07,18,103,3,2,,3,,3,,6,4,,2,,2,2,5,,2,1,2,1,2,,2,,,,,0,0,0,0,0,0,0,,0,0,0,0,0,0,0,0,0,0,0,,0,0,0,0,0,,0,0,0,0,,,,,,1
13,2024-12-07,18,104,3,2,,3,,2,,2,4,,2,,2,1,,,2,3,2,1,2,,2,,,,,0,0,0,0,0,0,0,,0,0,0,0,0,0,0,0,0,0,0,,0,0,0,0,0,,0,0,0,0,,,,,,1
6,2024-12-07,18,147,3,99,Madera,3,,1,,1,4,,2,,2,1,,,0,1,2,1,1,2,2,,,,,0,0,0,0,0,0,0,,0,0,0,0,0,0,0,0,0,0,0,,0,0,0,0,0,,0,0,0,0,,,,,,1
5,2024-12-07,18,154,3,1,,3,,3,,3,4,,2,,1,2,21,,2,1,2,1,2,,1,3,2,,,0,0,0,0,0,0,0,,0,0,0,0,0,0,0,0,0,0,0,,0,0,0,0,0,,0,0,0,0,,,,,,1
5,2024-12-07,18,452,3,2,,3,,2,,1,5,,2,,2,2,2,,2,0,,1,,,1,2,2,,,0,0,0,0,0,0,0,,0,0,0,0,0,0,0,0,0,0,0,,0,0,0,0,0,,0,0,0,0,,,,,,1
